:020000040C00EE
:10E000004200DEC04200DEC0000000000000000050
:10E010000000000000000000000000000000000000
:020000040C01ED
:10000000D8600430DD0E010CC557010CAD4F010C5A
:10001000C14F010CD54F010CE94F010CFD4F010CF4
:10002000000000000000000000000000D10D010CE5
:10003000D30D010C00000000D50D010CD70D010CF3
:10004000D90D010CDB0D010CDD0D010CDF0D010CD8
:10005000E10D010C79BF010CE30D010CE50D010C64
:10006000E70D010CE90D010CEB0D010CED0D010C80
:10007000EF0D010CF10D010CF30D010CF50D010C50
:10008000F70D010CF90D010CFB0D010CFD0D010C20
:10009000FF0D010C010E010C030E010C050E010CED
:1000A000070E010C090E010C0B0E010C0D0E010CBC
:1000B0000F0E010C110E010C130E010C150E010C8C
:1000C000170E010C190E010C1B0E010C1D0E010C5C
:1000D0001F0E010C210E010C230E010C250E010C2C
:1000E000270E010C290E010C2B0E010C2D0E010CFC
:1000F0002F0E010C310E010C330E010C350E010CCC
:10010000370E010C390E010C3B0E010C3D0E010C9B
:100110003F0E010C410E010C430E010C450E010C6B
:10012000470E010C490E010C4B0E010C4D0E010C3B
:100130004F0E010C510E010C530E010C550E010C0B
:10014000570E010C590E010C5B0E010C5D0E010CDB
:100150005F0E010C610E010C630E010C650E010CAB
:10016000670E010C690E010C6B0E010C6D0E010C7B
:100170006F0E010C710E010C730E010C750E010C4B
:10018000770E010C790E010C7B0E010C7D0E010C1B
:100190007F0E010C810E010C830E010C850E010CEB
:1001A000870E010C890E010C8B0E010C8D0E010CBB
:1001B0008F0E010C910E010C930E010C950E010C8B
:1001C000970E010C990E010C9B0E010C9D0E010C5B
:1001D0009F0E010CA10E010CA30E010CA50E010C2B
:1001E000A70E010CA90E010CAB0E010CAD0E010CFB
:1001F000AF0E010CB10E010CB30E010CB50E010CCB
:10020000B70E010CB90E010CBB0E010CBD0E010C9A
:10021000BF0E010CC10E010CC30E010CC50E010C6A
:10022000C70E010CC90E010CCB0E010CCD0E010C3A
:10023000CF0E010CD10E010CD30E010CD50E010C0A
:10024000D70E010CD90E010CDB0E010C40B1521877
:1002500005D2C068904234BF0020012070470020C2
:10026000704700000B4B30B51A6800230A4C9342CC
:1002700003DB06D14FF0FF3008E01D01655D8542CC
:1002800005D10020044A02EB03130B6030BD01339B
:10029000EDE700BF54B8010C58B8010C70470000DE
:1002A0002DE9F0431E4603780546032B0C461746FE
:1002B00085B00AD183684B480B4403F10062009279
:1002C00003F14063324606F075FFAA68B2F5001FDD
:1002D0000AD3454B197839B9012119700096234684
:1002E0002978424806F066FF324621462846FFF745
:1002F000ADFF002873D06B6802965B6898473C4B53
:10030000C0F3410013F82090C9F1000303EA040888
:1003100034EA03032BD0D5E9013001225B6903A93C
:1003200040449847002816DB0022A319A3EB0803DA
:100330004B4524BFA8EB04064E44A4EB08035FFA28
:1003400082F8464502F1010208D8029B9B1B0293EA
:10035000029B7BB9002005B0BDE8F08308F11001D5
:100360006944194411F8041C07F80810E7E74FF036
:100370000008EDE7029B4B45B3FBF9F61CD209FBE5
:1003800006F6AB68301918446B6801225B6903A953
:10039000404498470028DEDB002237440299D3B25C
:1003A000994202F10102D5D9F91810336B4413F8C0
:1003B000043C01F80830F1E7A8686B682044324635
:1003C0005B6907EB0801404498470028C3DB029BA8
:1003D00009FB16330293029B002BD0D1BAE74FF0F2
:1003E000FF30B8E754A8010CDC00043099A8010CD8
:1003F00048B8010C2DE9F04F8DB002921A4605461F
:100400000F461E4621F00F0A01F00F08FFF71EFFEE
:1004100028B94FF0FF3318460DB0BDE8F08F6B6878
:100420000DF1200B5B689847584BC0F3410053F81F
:1004300020305A460093514643462846FFF730FF86
:100440000028E6D106F10F03434423F00F03AAEB83
:100450000709A9EB06091A46514628460193994413
:10046000FFF7F4FE0028D4D04B46284604AAB91959
:10047000FFF716FF03460028CBD1B8F1000F63D178
:100480004446B442C7D2A6EB040A3AF00F0A10D091
:10049000A86869689DF800203844D1F818B0BAFB04
:1004A000F2F2029920440393D8470028B1DB039B62
:1004B0005444B9F1000FAED008A8224600230146EB
:1004C00096420AD9DDF808C001331CF802C0102B8F
:1004D00000F801CB02F10102F2D1964299D100223B
:1004E00004A8102B01D04A4549D108F11008102B5F
:1004F000A0448ED14A458CD1019A424589D1A86841
:100500009DF800206D683844B3FBF2F2AD692044D9
:10051000A847C3177FE7029A125D01340BF8012048
:1005200001310F2913D8B442F5D1002204A80DF1EE
:10053000200C0F2920D84A450BD010F801EB0132CE
:1005400001F80CE00131F4E741460446E9E7B44222
:10055000EBD0102903937FF45CAFD5E901309DF80F
:100560000020D3F818B0B1FBF2F2504408A9D847E4
:100570000028039B85DA4CE74A45EAD049E710F8A2
:10058000016B0132CE540133ABE700BF48B8010C18
:100590002DE9F04105460E469046FFF757FEA8B1FB
:1005A0006B689B6A98470468074664B10020BDE801
:1005B000F081D5E90130DB69304498470028F6D155
:1005C000BB681C441E444445F3D3EFE74FF0FF30B3
:1005D000EDE708B543689B6A9847006908BD0021AC
:1005E00008B5084600F054F9FEE70346002030B590
:1005F000013A00D230BD1D780C78A54202D008B96E
:10060000281BF5E701330131F2E7F0B505460C048C
:1006100044EA01640C4344EA012462B913465619C2
:10062000032A0ED823F003022A4403F003031344E1
:100630009A420AD1F0BDAB07F0D005F8011B013A90
:10064000EBE7B71A3C60043AEAE702F8011BEFE770
:10065000034670B56AB900241519032D13D822F08A
:10066000030421441C44002302F003029A4210D1E7
:1006700070BD41EA0304A407EDD011F8014B013A23
:1006800003F8014BE6E70D1B2E681D1B2E60043C92
:10069000E2E7CD5CE5540133E8E7000010B506F071
:1006A000BBF928B1034B1C6800F04CFD204610BD7F
:1006B000014BF8E70C0004301000043037B50C464D
:1006C00031B900F03FFD0E4B1D68284603B030BD28
:1006D000031DF6D8C31C052B184628BF0520042B84
:1006E000EFD8042101AA06F099F930B1044B1D6836
:1006F000019B236000F026FDE7E7024BF7E700BF10
:100700000C00043010000430031D08D8C31C052B56
:10071000184628BF0520042B01D806F087B94AF2F5
:10072000C53070477FB50E46054618B94FF0FF300B
:1007300004B070BD0029F9D0012001A9FFF792FD96
:10074000044610B9019B9E4209D0022001A9FFF77F
:1007500089FD0028EAD1019B9E42E7D10124686906
:10076000A96902AB03C3082202ABA101022000F079
:100770001FFCDDE71FB5082102AA022006F0EEFBF0
:10078000DDE902020B490C4B9A4208BF884207D1AF
:100790000A4B0B4A00930B490B4B0C4806F00AFD21
:1007A000082200210DEB0200FFF72FFF05B05DF8D6
:1007B00004FB00BFA9B454B26D6F90A434A9010C1E
:1007C000F3A8010C21A9010CD3A8010C29A9010C43
:1007D00013B5044668B10421072001AA06F0BEFB48
:1007E00028B9019B012B8CBF00230123237002B089
:1007F00010BD4AF2C530FAE708B520210C20084A9E
:1008000006F050FC18B14CF25A32904206D1BDE8C5
:10081000084020210D20034A06F044BC08BD00BF5B
:10082000ACB8010CCCB8010C1FB50421072003AAF9
:1008300006F094FB0446B8B90D4806F0BBFC0D4B1E
:100840000D4A00930D490E4B0E4806F0B3FC039B76
:1008500053B906F09EFC044630B9FFF7CDFF0446BD
:1008600010B906F098FC0446204604B010BD00BF45
:1008700039A9010C34A9010C56A9010C21A9010CBC
:10088000D3A8010C29A9010C002070477047FEE78E
:100890002DE9F3414FF400515D4803F0BDF805F038
:1008A000E3FF5C495C4806F085FC04F0E5FA044689
:1008B00028B15A4806F07EFC204605F0AFFF4FF401
:1008C0000011574806F076FC06F012FB044608B10A
:1008D0005448EFE70DF10300FFF77AFF044608B133
:1008E0005148E7E79DF803302BB1FFF79DFF044621
:1008F00008B14E48DEE7FFF73DFF00F01BFC054660
:10090000FFF7CCFE0446284600F038FC484E33681A
:10091000A34201D04748CDE705F07EFF044608B169
:100920004548C7E702F00CFE044620B101464348A3
:1009300006F040FCC0E7424A4249434806F03AFC10
:100940000124424F204605F070FF00283CD020468D
:1009500005F067FF0546A0B121463D4806F02AFC98
:100960002846AAE70024EDE73A4806F023FC204693
:1009700005F05DFF336810B1386883429DD1AB420A
:100980001AD00C2200213448FFF73FFE214633489D
:1009900006F010FC00F0CEFB214680462E4801F008
:1009A00095F80546404600F0E9FB2D48214606F043
:1009B00001FC3368AB42D7D1204605F034FF054631
:1009C00010B121462748C9E7002CCBD1224D26483B
:1009D000A96806F0EFFB29682448CB8A4A7D097D87
:1009E00006F0E8FB224806F0E5FB01A9287900F0B3
:1009F00049F82B681A691C8992065BBFAB68019A9B
:100A00005B689B181C4405F04BFF20460BF078FAFE
:100A1000EC000430ECB8010C8EA9010C93A9010C78
:100A2000AAA9010CCBA9010CEEA9010C13AA010C77
:100A30001000043029AA010C59AA010C75AA010C56
:100A4000C7B1010CA1AA010CA9AA010C0C00043029
:100A5000D0AA010C20AB010CE0000430F4AA010C78
:100A600008AB010C40AB010C65AB010C91AB010C68
:100A7000ACAB010C0020704708B502F05DFE002011
:100A800008BD0000642808B507D001466422054867
:100A900006F090FB4FF0FF3008BD4FF040630020A0
:100AA0000B60F9E7CEAB010C012909D002290CD06B
:100AB00069B978B1012808BF022018BFFF2070472C
:100AC00050B1012808BF0420F7E7052070474FF018
:100AD000FF307047012070470320704708B5436816
:100AE0009B6A9847007D08BD436870B59B6A1646AF
:100AF0000D46044698478368B5FBF3F563689B6A27
:100B0000984783686B43336063689B6A9847836840
:100B10000020736070BD00002DE9F341D1F8008022
:100B200006460D46C0B201A91746FFF79BFB0446D7
:100B300088BB2B68CBB103464FF40050019AD168B3
:100B40002B6009B1984506D8984510D23146134814
:100B500006F030FB09E0B1F5005F0FD24FF400530F
:100B60003146D2680E4806F025FB4FF0FF3401985D
:100B7000FFF794FB204602B0BDE8F0814FEA433C0A
:100B800047F833C02B68A1F5005107EBC303586049
:100B90002B680133D4E74FF0FF34EBE727AC010CAF
:100BA000F1AB010C05F06FBF054B00201A684FF048
:100BB000E023013A5A61052298611A61704700BF2B
:100BC000200004304FF0E02130B50E480E4C8A6909
:100BD0000568236893422B444FF47A753CBF4969FA
:100BE0005B180A499B1A09680360B1FBF5F1994249
:100BF000074B04D200251968056001311960186897
:100C0000226030BDF4200430F8200430200004308D
:100C1000F020043038B570B30368190701D4002000
:100C200038BD8369154C9BB1D4F8F03043F0806334
:100C3000C4F8F030FFF7C6FF0546D4F8F0301A01CB
:100C4000EDD4FFF7BFFF401B0228F6D90320E7E7EA
:100C5000D4F8F03023F08063C4F8F030FFF7B2FF2F
:100C60000546D4F8F0301B01D9D5FFF7ABFF401B88
:100C70000228F6D9EAE70120D2E700BF000C0254AF
:100C8000F8B50368054698014FD5314C636A43F0C7
:100C900001036362FFF796FF0646636AD90746D5EC
:100CA0002C4CD4F8F03013F4407320D0D5F8FC204D
:100CB00093421CD0D4F8F020D4F8F03022F44071E4
:100CC00043F48033C4F8F030D4F8F030D20723F482
:100CD0008033C4F8F030C4F8F01008D5FFF772FF85
:100CE00041F288370646D4F8F0309B0726D5D5F870
:100CF000FC30184903F44072B2F5407F24D1C86932
:100D0000154A20F47C5002EA13120243CA61114AC8
:100D1000C3F30B03D2F8F01021F44071C2F8F010C5
:100D2000D2F8F0100B43C2F8F030002005E0FFF7D6
:100D300049FF801B0228B0D90320F8BDFFF742FF0E
:100D4000801BB842CFD9F7E7CA6922F47C52DDE7AD
:100D500000080254000C0254CFFFFF0013B5194CD9
:100D600005F0C8F9D4F8F030174843F01803C4F878
:100D7000F030FFF74FFF08B10BF0FEF81348FFF714
:100D80007FFF08B10BF0F8F80421D4F8F0300846E2
:100D900043F40043C4F8F030D4F8A830002243F400
:100DA0000013C4F8A830D4F8A83003F4001301935A
:100DB000019B05F0BBFA042002B0BDE8104005F02D
:100DC000E5BA00BF000C025408BA010CF8B8010CD7
:100DD000FEE7FEE7FEE7FEE7FEE7FEE7FEE7FEE7EB
:100DE000FEE7FEE7FEE7FEE7FEE7FEE7FEE7FEE7DB
:100DF000FEE7FEE7FEE7FEE7FEE7FEE7FEE7FEE7CB
:100E0000FEE7FEE7FEE7FEE7FEE7FEE7FEE7FEE7BA
:100E1000FEE7FEE7FEE7FEE7FEE7FEE7FEE7FEE7AA
:100E2000FEE7FEE7FEE7FEE7FEE7FEE7FEE7FEE79A
:100E3000FEE7FEE7FEE7FEE7FEE7FEE7FEE7FEE78A
:100E4000FEE7FEE7FEE7FEE7FEE7FEE7FEE7FEE77A
:100E5000FEE7FEE7FEE7FEE7FEE7FEE7FEE7FEE76A
:100E6000FEE7FEE7FEE7FEE7FEE7FEE7FEE7FEE75A
:100E7000FEE7FEE7FEE7FEE7FEE7FEE7FEE7FEE74A
:100E8000FEE7FEE7FEE7FEE7FEE7FEE7FEE7FEE73A
:100E9000FEE7FEE7FEE7FEE7FEE7FEE7FEE7FEE72A
:100EA000FEE7FEE7FEE7FEE7FEE7FEE7FEE7FEE71A
:100EB000FEE7FEE7FEE7FEE7FEE7FEE7FEE7FEE70A
:100EC000FEE7FEE7FEE7FEE7FEE7FEE7FEE7FEE7FA
:100ED000FEE7FEE7FEE7FEE7FEE7FEE707B52C4B81
:100EE00083F30A8803F02AFF05F004F9294B2A4905
:100EF000D3F8F02042F40042C3F8F020D3F8A82041
:100F000042F40012C3F8A820D3F8A82002F400127B
:100F10000192019A0A6B8AB1D3F8F02042F4803230
:100F2000C3F8F020D3F8F02022F48032C3F8F02088
:100F30000B6B002BFCD10122184B1A60154A184983
:100F4000136843F480531360164B8B4212D3002076
:100F5000154B16498B4218D3FFF741FB186850F820
:100F60002240586840F82240013298688242F5D306
:100F70000C33EAE70022F8E71C6844F8220001324B
:100F80005C68A242F8D30833E4E70022F8E700BF28
:100F9000D4400430000C0254007C0054FC20043087
:100FA00044A8010C2CA8010C44A8010C54A8010C65
:100FB0002DE9F74F9146002282460C469846019251
:100FC0001BB9032003B0BDE8F08F06F0E7F82F4F00
:100FD000054697F800B0BBF1000F10D106F0DEF81F
:100FE000064606F0DFF8594602463046FFF70DFB8D
:100FF00042F216032B8004236B8001233B7006F022
:10100000CDF86F88074406F0C9F8061DBE4225D307
:10101000C4F30B031FFA89F46E88ADF8064004345C
:10102000A4B2264443EA0A30B6F5803FADF8040086
:10103000C7DA06F0B7F8B6B2864225D80422384699
:101040000DEB0201FFF704FB4A464146381DFFF74E
:10105000FFFA6B8800201C446C80B3E70422314601
:101060000DEB0200FFF7F4FABDF80430BAEB133FC2
:1010700003D1C3F30B039C4204D0BDF80630043304
:101080001E44C3E702209DE701209BE700210430B6
:101090000023F0B5B5B0009305464FF6FF7305A8E1
:1010A000174601F077FA044618B14FF0FF3035B01B
:1010B000F0BD06460DF10E0303AA04A905A801F030
:1010C000B5FA0028F1D1BDF80E30602B0ED1BDF875
:1010D0000C30842BE9D83846049913AAFFF7E0F8BE
:1010E0000028E2D10124BDF80C60E3E7102BE1D128
:1010F000BDF80C30202BD8D8384604990BAAFFF73E
:10110000CFF80028D1D1002CCFD01F2ECDD9A6F1F9
:10111000200013AC04900BA920222044FFF798FA7A
:10112000A9012346324641F03F010120FFF740FF6D
:10113000BDE70000024B1868421C1A60704700BFF0
:1011400004210430024A1368013B1360704700BF5A
:1011500004210430FFF7FEBFFFF7FCBFFFF7FABF23
:10116000FFF7F8BFFFF7F6BFFFF7F4BFFFF7F2BFD7
:10117000FFF7F0BFFFF7EEBFFEE7000008B5034B37
:101180001B68834201D0FFF7E5FF08BD042104304E
:101190002DE9F843582390F8C85006465D432C23A8
:1011A00003FB015505440C469046D5F8209001F00C
:1011B00062FC10B92B69DB060BD51CB149463046E1
:1011C00000F0AEFC164B1D68FFF7BCFF2846BDE8DB
:1011D000F8832146304601F05BFCA0B9114B1D6835
:1011E000114B1B68AB42EFD01049114B1148002C3A
:1011F00018BF194605F0DEFF002CE3D00121484658
:1012000001F034FCDEE7FFF795FF22460746414632
:10121000304601F085FC05463846FFF7AFFFDFE7B3
:10122000080004300C000430100004304DAC010CF8
:1012300055AC010C5FAC010C004870470825043028
:101240004379012B07D10368012B04D10079431E98
:1012500058425841704700207047000073B50D4652
:101260000021044690F8C8202846CDE90011FFF778
:10127000E7FF58B358235A431C4EA358B34203D137
:10128000204601AA01F0B1FA582294F8C83002FBB6
:101290000343DB6AB34204D16A460121204601F0D0
:1012A000A4FADDE900239A4284BF13460192AB60A1
:1012B00029462046019A00F0F7FE0D4B19680029D7
:1012C00002DD0C4805F076FF02B070BD11462046E5
:1012D00001F03CFA064605F1080101F067FAAB6837
:1012E00030460193FEF7DAFFE2E700BF3DB8F39620
:1012F000E425043084AC010CF0B58B7904460F462C
:1013000085B043B3D0F8B050284601F00FFA94F8F6
:10131000C8300646303354F82310384600F0BAFD82
:1013200034182846FFF755F906462846FFF7D6FB3E
:10133000102201466846FFF768F93B796A468DF846
:101340000030214633462846FFF754F8003818BFCE
:10135000012005B0F0BD582290F8C83002FB03030D
:101360001D6AD1E72DE9F8430E46904699460024C0
:10137000099FBC4201D300200EE03D1BB5F5806FF4
:1013800028BF4FF4806530462B460A4A04EB09011A
:10139000FEF786FF10B10120BDE8F88308992B46BF
:1013A0004046044A6118FFF725F80028F3D12C4481
:1013B000DFE700BF082104302DE9F04F95B0044667
:1013C0000E4601F059FC002800F09581BA4805F05E
:1013D000F1FEFFF7BFFE231893F8C91069BB204642
:1013E00001F086FA804690B900222046114601F0AD
:1013F00075FB00283DD094F8C810B04805F0DAFE1F
:10140000012294F8C830234483F8BC200BE09621D5
:10141000AB4805F0CFFE012294F8C8309045234434
:1014200083F8BC20E0D194F8C800231893F8BC30AE
:10143000023B022B98BF45F001050130C0B20128E4
:1014400084F8C800C7D9002D00F0A68100232C27FE
:101450004FF0580884F8C830E21892F8C9100029F3
:1014600000F04C810133DBB2012B84F8C830F3D992
:1014700092E1204600F094FF002807DD012294F855
:10148000C83007F8332007EBC3035860204600F04C
:101490000DFD4FF0010988B100238A4A20460AA9B0
:1014A000CDE90B23CDF828900D9300F077FB804613
:1014B00050B194F8C810844805F07CFE94F8C83008
:1014C000234483F8BC90AEE70AA8FFF7B9FE80F08A
:1014D00001010AAA2046C9B201F000FB40B1414611
:1014E000204601F0C8FA18B994F8C8107348E3E729
:1014F0000AA8FFF7A5FE00284BD194F8C83053BBCB
:1015000020460AA9FFF7AAFE94F8C8009DF82F30DC
:10151000221882F8BC30033B012B08D800F0C0FB36
:1015200028B1FF2294F8C830234483F8BC209DF8EA
:101530002F30023B022B1FD894F8C80000F098FB14
:10154000D0B1FF2294F8C830234483F8BC205F4810
:1015500005F030FEFEE794F8BC20042A04BF012207
:1015600084F8BC20012BCBD094F8BD30042BC7D11C
:10157000012384F8BD30C3E794F8C830234493F8BE
:10158000BC30FF2BE3D000222046114601F0A6FA22
:1015900036E79DF82F80B8F1010F61D194F8C800AB
:1015A00001F0E2FC831E022B814617D8FFF7C2FD33
:1015B000414682460AAA2046FFF7EAFD8046504689
:1015C000FFF7DCFD424B1B68984507D0414B18687C
:1015D000804514BF4FF005094FF0010994F8C83059
:1015E0005FFA89F0E21882F8BC00002B79D123441D
:1015F00093F8BC30012B7FF416AFFFF79BFD002161
:1016000081460AAA2046FFF7C3FD80464846FFF7F9
:10161000B5FD0021204601F02EFA002866D05822A0
:1016200094F8C83002FB0343D3F82CA0FFF782FDE7
:10163000012181460AAA2046FFF7AAFD80464846B6
:10164000FFF79CFD244B9A457FF4EDAE204B1B68C1
:1016500098457FF4E8AE94F8C83004222344D3E6DA
:10166000FFF768FD012181460AAA2046FFF790FD99
:1016700080464846FFF782FD154A94F8C830126844
:10168000904504EB030229D0052182F8BC10002B01
:101690003FF4C9AE94F8BC20042A04BF012284F8A8
:1016A000BC20012BA3D094F8BD20042A9FD1012295
:1016B00084F8BD209BE700BFB0AC010C1DAD010C50
:1016C000DEAC010C0101000146AD010C6DAD010C59
:1016D00010000430080004303DB8F3969DF82F0048
:1016E00081E7012889D00428D4D19CE6B74B1B6838
:1016F000984594D197E60546B54FA0E692F8BC20F0
:101700000EA802F0FB02012A14BF0121002108FBF0
:1017100003F207FB012214BF2C2100215B4203F0DE
:101720005803194401232244156A214400932A4690
:10173000402300F02FFF58BB00230DF1160206A92D
:101740000EA800F073FF002822DB40F0BA81BDF83C
:1017500016300C2B1CD12846069907AAFEF7A0FDCF
:10176000B0B99DF81C30012B12D8E21892F8BC20B9
:101770005B42023A022A94BF2C20002003F0580357
:101780001433184408A9204401F0F2F90028D3DAF0
:1017900040F20113A4F8BC300020012884F8C800EE
:1017A00024D900238B4D894FDFF82C820793012B1E
:1017B00084F8C83040F2F880079A022A7FF409AE14
:1017C000002384F8C83094F8C930002B00F06B81F6
:1017D000012394F8CA1084F8C830002900F063810E
:1017E00084F8C820794BD3F800900CE1221892F8C5
:1017F000C980B8F1000F40F0D48001230A9340F271
:101800000113ADF82C3092F8BC30CDE90C88042BD4
:101810008DF82E808DF82F3007D8012B0DD800F0D1
:10182000B780FF2382F8BC30B2E0052BF9D100F07D
:1018300037FA002800F0AC8054E0FFF77BFC41460B
:1018400007460AAA2046FFF7A3FC05463846FFF7DD
:1018500095FC4146204601F00EF918B95B4B1B6818
:101860009D4277D000254FF0580B2F4694F8C8A022
:101870005A48514605F09EFC594805F09BFC94F8E7
:10188000C8300BFB0343D3F82090D3F84C809B6AFD
:101890000293029BBB422CD12A465146514805F087
:1018A00089FC002341464A46204601950093FFF7F4
:1018B00059FD014648B90122204601F06FF905465D
:1018C00048B30146484805F075FC94F8C800231851
:1018D00093F8BC50EB1E012B57D800F0E1F90146FC
:1018E00000283CD0FF2294F8C830234483F8BC2061
:1018F0004EE094F8C83029460BFB03435B6A484628
:1019000003EBC7035A680023039201F068F8039AB7
:1019100001371544BDE7582794F8C830014607FB46
:1019200003431A6D03465268404601F097F894F855
:10193000C82007FB0242D2E91432013A53F83200C0
:10194000196803EBC207411A2B4640467A6801F03A
:1019500085F8BAE720460AA9FFF780FCB5E7032D12
:101960000ED10122204601F019F9014640B11E486E
:1019700005F020FCFF2294F8C830234483F8BC20F3
:1019800094F8C80000F074F953E7023D012DF7D92F
:1019900094F8C800231893F8BC30FF2B01D11348EA
:1019A00015E50130C0B2F8E6234493F8C9208DF85C
:1019B00018209DF8181001F0FF02C9B1079B0133F0
:1019C000079394F8C8300133DBB2F0E6100004301E
:1019D000082504300C0004300800043076AD010CFA
:1019E000A8AD010CC3AD010C0AAE010C6DAD010C2C
:1019F00093F8BC30012B14D01146204601F06EF84C
:101A000078B1D5F80090102200210AA8FEF7FDFD5C
:101A1000204601F00BF9FFF795FB484615B0BDE8ED
:101A2000F08FFFF787FB0022814611462046FFF723
:101A3000AFFB82464846FFF7A1FB3B68D5F8009014
:101A40009A45E0D1CA45DED0D8F800309A45DAD0C0
:101A500094F8C830BBB1012B14BFFF2002200EA99F
:101A600001F05CFA0028CCD19DF83830012B0CD164
:101A70009DF83B30012B08D00021204601F0A6F84C
:101A800000289BD0BDE70120E9E70022204611464F
:101A900001F084F802460028EED094F8C8100A48F5
:101AA00005F088FBADE7582202FB0342126A5B4255
:101AB000517803F05803317192682344B260336067
:101AC00090E694F8C830CDE443AE010C0129F8B596
:101AD00006460C4605D9FFF735FB0E4B1C68204621
:101AE000F8BD022201210C48FEF78FFD00230B4FA9
:101AF0003C4484F8C930FFF71DFB314605463846A3
:101B0000FFF75AFC04462846FFF738FBFFF71AFB9D
:101B1000E5E700BF0C000430E1250430182504304F
:101B200013B50C4690F8C83001AA303350F8231092
:101B3000204600F038FF002809DB0199E268012304
:101B40002046521A00F08AFFC00F02B010BD0120DB
:101B5000FBE7582373B5154690F8C8600C4603FBA5
:101B600006006946C06C01F083F9E979012903D0C8
:101B70003246204601F0E6F99DF80330012B02D1F0
:101B8000204601F067F9A968204600F01DFE2046B6
:101B900001F00AF9002002B070BD00007FB50646D2
:101BA0000C46304B00F0EAF90128E06006D002282C
:101BB0004ED000284AD0072004B070BDD6F8B050EF
:101BC00022463146284600F00BF90028F4D1284679
:101BD00001F0A6F8012301460DF10B022846FEF79D
:101BE0005FFB00283BD1012228460DF10B0101F0DB
:101BF000ABF810B101238DF80B309DF80B30204667
:101C000003F00F03E371FFF71BFBF8B9039003A97F
:101C10002846EE6800F0CAFD054600962168039B41
:101C20002279114805F0C6FA039925B94B1E0333F2
:101C300001D88E420AD20D4805F0BCFA0123236078
:101C400003F1012363600023C4E902330020B3E7FA
:101C5000582296F8C83002FB03631D6AB0E70120E2
:101C6000AAE700BF58BA010C82AE010CB4AE010C59
:101C700013B588B1012814BFFF20022001A9FEF787
:101C8000F1FA58B9019801F0E7F904460198FEF716
:101C900005FB204602B010BD0120EFE70124F8E764
:101CA0001FB5D8B1012814BFFF20022001A9FEF7FB
:101CB000D9FAB8B9019802A901F0DAF8044678B95E
:101CC0009DF80B30032B03D1019801F0C3F80446B3
:101CD0000198FEF7E3FA204604B010BD0120E5E7C5
:101CE0000124F5E70124F6E75822F8B590F8C8304A
:101CF00002FB0306481E0330B26A736D01D802B1BD
:101D00002BB91C4805F056FA4FF0FF30F8BD0024FF
:101D10002546274620468D4201D3A5420DD290424A
:101D200003D3154805F046FAEEE7D6F824C00CEBCD
:101D3000C00CDCF804C0013065448C4201D3A542DC
:101D400015D99F4202D31A460C48EBE7D6F850C08B
:101D50008D420CEBC70CDCF804C007F101076444AA
:101D6000DDD3A142D7D8A542D5D10138CEE78D42E7
:101D7000F9D2D4E7E6AE010C1EAF010C54AF010C52
:101D800010B5582490F8C83063432C2404FB013369
:101D9000C118886A4B6A013803EBC00149680433F3
:101DA000914200D310BD013853F830402144F7E789
:101DB00038B504460D46FFF7E3FF582294F8C830C3
:101DC00053432C2202FB05310C44626A02EBC00330
:101DD00052F830105B6810680B44181A38BD0000C8
:101DE0002DE9F74F88460746164600F09FFC394616
:101DF000834698F8C80000F079FCB0F1000A42DB95
:101E000000242546A146544513D1B9F1000F0CD04A
:101E1000002D18BF2C460323B4FBF3F35A1C03EB2D
:101E20004303E31A013332603371002003B0BDE88D
:101E3000F08F98F8C8303846303358F823100DF139
:101E40000702012301FB04B1FEF72AFA00281CDB7C
:101E5000012238460DF1070100F076FF38B1B9F1E3
:101E6000000F02D0002D08BF25460134CBE7B9F1A1
:101E7000000F05D0002DF8D0054805F09BF9C7E705
:101E80004FF00109F1E70720D0E70120CEE700BFBE
:101E90008AAF010C10B5036801EB41045A1E0379A7
:101EA000013B594304FB021010BD00002DE9F8432B
:101EB000582390F8C84003FB0404D4F82880B8F1F4
:101EC000960F04D8D4F854E0BEF1960F05D92748F0
:101ED00005F070F90020BDE8F883D0F8B030D3F8F1
:101EE0000C900023194618461E469C461D461A466D
:101EF000404509D3714507D3404503D1714501D110
:101F0000B44530D01A48E3E7AA4213D1676A07EB19
:101F1000C0077F6801303A44276D07EBC1077F682F
:101F200001313D44AA42E3D14A459444164418D9AC
:101F30001048CDE70BD2676A022B07EBC0077F681A
:101F40003A4401D10C48C3E701230130EAE7276D89
:101F5000012B07EBC1077F683D44F3D00223013119
:101F6000E0E70023C2E70120B5E700BFAAAF010CFC
:101F70003FB0010C0AB0010CD6AF010C5822F0B5ED
:101F8000054690F8C83087B002FB030304A9186A1D
:101F900000F06EFFD5F8B00002A900F069FF9DF8CF
:101FA0001030012B4DD0334A3349032B08BF0A466A
:101FB0009DF81330314901939DF812303048009359
:101FC0009DF8113005F0F6F89DF80830012B3AD055
:101FD000284A2949032B08BF0A469DF80B30294C93
:101FE00001939DF80A302849009325489DF809304F
:101FF00005F0E0F8002627469DF81010207800F044
:1020000095FE60B39DF80810607800F08FFE30B345
:10201000A378042B03D09DF812209A421FD107EB1E
:102020008607FC78012C10D19DF80C2095F8C8305B
:102030009A4211D11549164805F0BCF8204607B060
:10204000F0BD144AB4E7134AC7E734B11249134B41
:10205000022C08BF1946EEE700241149EBE70136D0
:10206000042E04F10404C7D10E4805F0A3F80020A3
:10207000E5E700BF6AB0010C73B0010CA5B0010C1C
:10208000B3B0010C61BA010CF1B0010C79B0010CD4
:10209000F9B0010C6EB0010C93B0010C86B0010CCC
:1020A00081B0010C0BB1010C2DE9F04F164604462E
:1020B0008DB0B8480D4605F07DF831462046FFF753
:1020C00013FEB0F1FF3F824606D13146B2480DB053
:1020D000BDE8F04F05F06EB800230693582294F83F
:1020E000C830D4F8B080029302FB03435A6A00233D
:1020F000D8F80C10101D1F4650F83A303B44994256
:1021000003D3BAF1010AF6D21F462B680699013BA8
:102110008B4200F21F815826029B06FB0343D3F833
:102120002090DB6C03930AF1010352F833300493DF
:1021300013680593DDE90432A3EB020B029B3033F5
:1021400054F8230000F026FC0021024607902046A8
:10215000FFF716FE94F8C83007EB0B0106FB0343AC
:102160005A6A089052F8303012689B1A994240F22D
:10217000E880059BD9F80C6040461E44049BF61A83
:10218000079BF61A00F0D2FA864228BF06462B6853
:10219000012B40F0D880BB1B18BF0123AB712B79FA
:1021A000012B40F0D280002340461946D8F80C207D
:1021B00000F015FC2B68012B17D12A46414620461A
:1021C000FFF7C7FCAB7983B9494620460993FFF76F
:1021D000A7FC2A4649462046FFF7BBFC099B404620
:1021E0001946D8F80C2000F0FAFB00234246039968
:1021F000009320465B460196FFF7B4F82946204637
:10220000FFF77AF802232B7118B1644A136801337F
:1022100013602B68012B09D1204603990993FFF71E
:102220007FFCAA79099B002A40F09F803A4622B1A0
:1022300000235946039800F0D2FB5B464946039AB7
:102240002046CDE900B6FFF78DF829462046FFF776
:1022500053F803232B7118B1504A136801331360EC
:10226000AB7993B149462046FFF75AFC582294F8BF
:10227000C83002FB03435B6A059A1F68D71B049AA8
:10228000BF1A089A53F832301F442FB100233A4640
:102290005946484600F0A3FB00234A4641462046E3
:1022A000CDE900B6FFF75EF8AB7983B3404600F0A6
:1022B0003DFA94F8C8205E44303254F82220034698
:1022C0005200019241464A4620460096FFF74AF8DE
:1022D00018B1324A13680133136040460AA900F06E
:1022E000C7FD9DF82B30012B02D1484600F0B2FD0E
:1022F0009DF82910012903D04846029A00F022FED9
:102300004846A96800F060FA484600F04DFD0023F9
:10231000AE792946AB712046FEF7EEFF2B680133FC
:102320002B6001232B7118B11C4A13680133136011
:1023300086B1012300214046D8F80C2000F08EFB26
:1023400008E03E4623E7002328E7022B3FF461AF75
:10235000032B85D0069BBAF1FF3F03F101030693DF
:102360007FF4BCAE0DB0BDE8F08F1946079A204649
:10237000FFF706FD582294F8C830059902FB034385
:102380001B6D1A6853F830308A1A0499521A1A448D
:102390004DE700BF1FB1010C48B1010CE42504302A
:1023A000D0F8B0302DE9F0475821D3F80C90002335
:1023B00090F8C8E0044601FB0E019C4618461E46F4
:1023C000D1F82880D1F854A01D461A46C44526D31A
:1023D000504524D30EF1300E54F82E0000F0DAFAF6
:1023E000002105460246371A2046FFF7E1FC2A463F
:1023F000804601212046FFF7DBFC94F8C830AD1B76
:10240000303380452CBF45442D1854F8230000F08C
:10241000C6FA85422CBF0020401B381A21E0AA4290
:1024200013D14F6A07EBCC077F680CF1010C3A44DB
:102430000F6D07EBC0077F6801303D44AA42C5D14C
:102440004A4516441DD9104808E010D24F6A022BA5
:1024500007EBCC077F683A4405D10C4804F0AAFE8C
:102460000020BDE8F08701230CF1010CE6E70F6DB9
:10247000012B07EBC0077F683D44EED002230130FB
:10248000DCE70023A0E700BF0AB0010CD6AF010CC7
:102490002DE9F04304460D4690461F4685B0002BBB
:1024A00042D01846FEF7CCFE00283DD194F8C81063
:1024B000204600F04BF903A9814600F077F9064663
:1024C0004846FDF7EBFE002E5ED14FF0580994F818
:1024D000C830039909FB03435A6D2C4800929B6A4C
:1024E0003A6804F067FE20460399FFF7FDFB431CA2
:1024F00016D03146D4F8B030DA6894F8C83009FB09
:1025000003435B6A0433002653F830C06644B2428A
:1025100001D30138F8D2461C01F10101F3D131B9E0
:1025200003991B4804F046FE022D07D117E03B68D3
:102530005A1E8A420CD3B5FA85F56D09582294F8D3
:10254000C83053432C2202FB05331C44206A08E0A8
:102550008B42E9D1012D0FD13B79012BEED9D4F873
:10256000B000202342460021FDF79AFE003818BF34
:10257000012005B0BDE8F083002DD5D13D79022DB5
:1025800094BF00250125D9E70120F2E76AB1010CCB
:10259000B4AE010C2DE9F7430E46174699460446A2
:1025A00028B94FF0FF38404603B0BDE8F08300295A
:1025B000F7D0002AF5D0CB680D8938461D44042396
:1025C00029460DEB0302FDF76BFE80460028E8D19B
:1025D00046F60812BDF804107389914223D1BDF864
:1025E00006109942DDD1042338460DEB030229443D
:1025F000FDF756FE0028D4D146F60713BDF8042097
:102600009A42CED19DF82830C4E90067A4F808901A
:10261000A3727389BDF806202B44E360043513448C
:1026200063612561BFE7002BE6D0BAE72DE9F743E8
:102630000F4690461E46044620B94FF0FF3003B0C7
:10264000BDE8F0830368002BF7D04368002BF4D07B
:102650004FF6FF79D4E90413994215D223685B89B8
:1026600023B1E3688B4204BF043121610423606815
:102670000DEB0302FDF714FE0028DED1A37A2569D5
:1026800023B1E368AB4201D80120D8E72189BDF826
:102690000620494502F1040303D0BDF804C08C456F
:1026A0000BD116B1BDF80410318004353D60A8F897
:1026B000002022691A442261C1E72B442361C9E743
:1026C00038B50023934201D1064B04E0C55CCC5CD5
:1026D000A54205D0044B1C68FEF734FD204638BDEA
:1026E0000133EFE7100004300C0004300B78052BA9
:1026F00006D088B1012808D1022B03D004220EE0B5
:10270000032070474FF4E1707047FF2B0CBF4FF46C
:10271000E1704FF0FF307047012BF3D0032293425A
:102720000CBF4FF4E1704FF0FF30704710B5044616
:10273000FDF74FFF2378052B04D100F030F9E36853
:10274000181A10BD00F026F9F9E7000070B5D0F8AE
:10275000B03086B0009358236E46002503FB01007D
:10276000036A019356F8044B02AAE168102320463D
:102770001039FDF795FD024638B12178094804F07B
:1027800019FD0024204606B070BD1022064902A89B
:10279000FDF72BFF0028F5D06B1C022B4FF0010535
:1027A000F0D0DFE79FB1010C92BA010C70B50D4675
:1027B000044600F0B5FA2A46A0F110010423204691
:1027C000BDE87040FDF76CBD13B50446019100F003
:1027D000A7FA0423A0F110010DEB0302204600F03C
:1027E00003FB02B010BDFFF7DBBD2DE9F347174631
:1027F0002C224FF0580802FB01F690F8C83004462E
:1028000008FB03630344D3F82090B3F808A0DB6807
:1028100048469A44042351460DEB0302FDF740FD60
:10282000054620B10125284602B0BDE8F08794F89E
:10283000C830BDF8042008FB036646F6081334448C
:102840009A4264891BD1BDF806309C4201D0032511
:10285000E9E7042348460DEB030204EB0A01FDF708
:102860001FFD0028DED146F60713BDF804209A426A
:10287000EDD1BDF80610214451443960D3E7002C56
:10288000F1D0E4E737B596230546019395F8C830B3
:102890000846EBB1012B0BD102290BD004221AE020
:1028A000052803D1D5F8B420B83509E001200DE0A2
:1028B000FF29F5D158225343EA18526A28331D44A0
:1028C00001A9FEF729F908B9019B2B6003B030BDBF
:1028D0000129EFD003228242E2D1582202FB0352A7
:1028E0005C4204F058045434126D2544E8E70000BB
:1028F000F8B5274B0446002914BF0A461A464FF480
:102900009663582190F8C8506B4301FB0501D0181D
:1029100003F51663134402F5965248620B65C4F83A
:10292000B42055B1012D14BFFF2102212046FFF72D
:10293000A9FF20B101252846F8BD0121F6E71DB306
:10294000012D14BFFF2104212046FFF79BFFE8B9AA
:1029500005212046FFF796FF05460028EAD15823B7
:1029600094F8C86003FB0643186AFDF732FE074679
:10297000D4F8B000FDF72DFE303687422CBF44F866
:10298000267044F82600D6E70321DDE70925D2E7C3
:10299000E82504304FF4E17358435030704700EBA2
:1029A00040005030704773B50C4605461646FDF79B
:1029B00010FEA04203D92846FDF70BFE04464FF453
:1029C000E173E9686A46503903FB14112846FEF7A3
:1029D0008BF80028A4BF009B336002B070BD2DE9C6
:1029E000F3411E46C368054699420C46174630D24D
:1029F0005B1A93422DD3EEB16A46FEF775F80028B4
:102A000029DB013FDDF800803C446A462146284628
:102A1000FEF76AF800281EDBDDE9004728463A4643
:102A20002146FDF7B5FD002815DB6EB1444512D9EE
:102A3000013CEAE7511E21446A46FEF755F800289A
:102A400009DBDDF80080E0E73C44444503D801346D
:102A5000DBE74FF0FF3002B0BDE8F08110B412B1F7
:102A600010BCFFF7BCBF104610BC70470023C26803
:102A70001946FFF7F3BF582290F8C83053432C2271
:102A800002FB0133C1180422086A00F05DB900009E
:102A9000582290F8C83053432C2202FB01310E4BD0
:102AA00042184158994206D1D16813895B1802D265
:102AB0005189C91801D300207047136ADB68994215
:102AC000F9D2106920F4F97020F001000005000D22
:102AD000B0FA80F0400970473DB8F3962DE9F04117
:102AE00016464FF0580890F8C8200F46334600218C
:102AF00008FB02020446FFF7CBFC054668B994F8D0
:102B0000C820334608FB0242012120462C32FFF741
:102B1000BFFC10B1002F18BF05462846BDE8F08164
:102B20005823F0B590F8C84085B05C432C2303FBD4
:102B3000024404440546276AFEF7FCFA0023CDE967
:102B4000023301934FF48073214606463A460093C0
:102B50002846064B00F088FA04463046FEF70EFB86
:102B6000FEF7F0FA204605B0F0BD00BF583D043036
:102B700002780B789A420FD80BD342784B789A425E
:102B80000AD806D342884B889A4205D860EB0000E9
:102B900070474FF0FF3070470120704737B5582518
:102BA0000B46114690F8C82004466A432C2505FBC5
:102BB00003220244126A01AB00F0F6FB20B901992E
:102BC00094F8C800FDF7A0FD03B030BD2DE9F04139
:102BD0002C264FF0580804464E4390F8C8000F4684
:102BE00008FB006121440A6AFEF752FA054628B143
:102BF0000C4804F0DFFA2846BDE8F08194F8C830AC
:102C000008FB03663444256AFEF716FB2946034693
:102C10003A462046FDF786FD05460028EBD00248DF
:102C2000E7E700BFC8B1010CF2B1010C38B50446AA
:102C3000D0F8B00008B1FDF731FB00235825012B77
:102C400084F8C83000D938BDE21892F8C9206AB9B2
:102C500005FB0343D86C08B1FDF720FB94F8C8309E
:102C600005FB0343186A08B1FDF718FB94F8C83058
:102C70000133DBB2E3E700002DE9F7430546002608
:102C80004FF05809012E85F8C8600BD9052005F1D1
:102C9000B001FDF7E7FA044690B301461E4804F080
:102CA00089FA2AE0AB1993F8C980B8F1000F2DD149
:102CB00041463046FDF7F8FE95F8C810074609FB77
:102CC0000151C0B22031FDF7CDFA0446E0B901212F
:102CD0003046FDF7E9FE95F8C810074609FB01519B
:102CE000C0B24C31FDF7BEFA044678B1012332463A
:102CF00039460A48009404F05DFA2846FFF796FF2B
:102D0000204603B0BDE8F0834346F0E795F8C8607D
:102D10000136F6B2B6E700BF58B2010C1EB2010C84
:102D2000C068203820F00F0020387047042809D0F0
:102D3000052803D1481E18BF01207047431A584286
:102D4000584170470120704738B515460C4661B1AF
:102D50005AB1FDF7C3FE2146254411F8013B8342D9
:102D600003D1A942F9D1012038BD0020FCE738B5D4
:102D70000C460123114622460546FDF791FA00282C
:102D80000FDB012221462846FFF7DEFF18B103239F
:102D90000020237038BD2378012B14BF02230123A8
:102DA000F6E70120F6E7000030B5C16885B01039BC
:102DB00021F00F040546FDF791FE102201466846FA
:102DC000FDF723FC102268460649FDF741FC10235D
:102DD0006A4621462846FDF70DFB003818BF012042
:102DE00005B030BD92BA010C2DE9FF471D460646DD
:102DF0000F469046FDF7EDFB6C1E04444042044034
:102E0000102C1AD83046FDF769FE82462A46414604
:102E10006846FDF71DFC5146621B0DEB0500FDF7F2
:102E2000F4FB23466A4639463046FDF7E3FA00389C
:102E300018BF012004B0BDE8F0874FF0FF30F9E77C
:102E400007B501238DF8042001AAFFF7CDFF03B0D9
:102E50005DF804FBC1680122203921F00F01FFF762
:102E6000EFBFC268203A22F00F02FFF780BF0000D8
:102E700030B50D46C16887B0102302AA1039044648
:102E8000FDF70EFA002802DA012007B030BD10224B
:102E9000204602A9FFF758FF00283AD110221E4908
:102EA00002A8FDF7A2FB00280CBF012302232B7010
:102EB0002046FFF735FF012301460DF107022046AA
:102EC000FDF7EEF90028DFDB9DF80730204603F020
:102ED0000F021B096A702B7101220DF10701FFF728
:102EE00033FF10B96B78042B03D901236B700023D7
:102EF0002B71E2682046203A22F00F02103AA91CFA
:102F0000FFF735FF0028BFD12046E91CFFF7A9FFD6
:102F1000BBE70323CBE700BF92BA010C13B50C4605
:102F2000C0B201A9FDF79EF950B921460198FFF7FB
:102F30009FFF04460198FDF7B1F9204602B010BD8D
:102F40000124FAE713B541EA021104468DF807108F
:102F5000FFF7E6FE012301460DF107022046FFF7C9
:102F600043FF02B010BD0000F0B5044685B050B17B
:102F7000012814BFFF2002206946FFF7CFFF20B1D0
:102F8000FF2005B0F0BD0120F6E7002C41D0012C58
:102F900014BFFF20042002A9FFF7C0FF012808D1B9
:102FA0002146264804F006F9254B029300238DF8AC
:102FB0000C3000229DF800609DF80870214D3146CC
:102FC0002878FFF7B3FE50B339466878FFF7AEFEB6
:102FD00028B3AB78042B03D09DF8031099421ED17F
:102FE000EB78042B03D09DF80B10994217D12B7965
:102FF000042B10D16B79023BDBB2022B1AD9124A97
:103000001248214604F0D6F86879831E022BB8D9FD
:10301000B6E70320BFE79DF802109942EAD00132DB
:10302000032A05F10605CAD10948214604F0C2F871
:103030000120A6E7074A52F82320E1E780B2010CFD
:103040000301030380BA010C93B0010CC7B2010C59
:10305000E8B2010C74BA010CC1680122203921F0D8
:103060000F011039FFF7ECBE2DE9F04FDFB00E462F
:10307000144605466B9F002840D090F8C820059262
:103080006FF000410022DFF8C481CDE908126A9A8E
:10309000D8F800900392699A0DF1400A0292689A5A
:1030A0003146009228462246CDF804A000F02CF9C3
:1030B00000285BD127B1202251463846FDF7C8FAD7
:1030C00000230AAF009322464FF6FF73314638467D
:1030D000FFF760FA8246002848D1214628460F9E15
:1030E000FFF781FBB04246D221462846FFF77BFB23
:1030F00031460246564804F05DF837E00590BFE7D8
:103100004FF0010A06AF0DF11C0B3A4659460DF17E
:103110001A030AA8FFF78AFA002827DB40F0888004
:10312000BDF81A30222B63D029D8022B4ED0102B99
:10313000E8D1B7F800A0BAF1200F17D153462046C6
:10314000DBF8001018AAFDF7ABF878B9FDF7F2FF2D
:103150005246074618A910A8FFF7B2FA8246384629
:10316000FEF70CF83B4B1B685345C9D0D8F80060FC
:1031700065E09946C6E74E464FF0FF35C2E7502B53
:10318000C0D13B88042BF1D12046DBF8001009AAFE
:10319000FDF786F80028E9D1FDF7CCFF08A907461E
:1031A0000598FDF78BFA83463846FDF7E7FF294B74
:1031B000D3F80090D945D9D1DDE908218A42A1D9B7
:1031C000D8F800309945D4D0234894E73B88982B11
:1031D000CCD82046DBF8001038AAFDF761F80028AB
:1031E000C4D13A88059838A900F03AF8054689E72D
:1031F000002DC1DB194B1B68AB42BDDD3B88802B2A
:10320000B4D82046DBF8001018AAFDF749F80028CA
:10321000ACD1FDF78FFF0095834620213B8818AA8B
:1032200010A800F0F7F806465846FDF7A7FFA3E7F9
:10323000BAF1010F9AD1074B1B684B4596D1FDF7A8
:1032400081FF30465FB0BDE8F08F00BF0C00043056
:103250001CB3010C1000043043B3010CF4B8010C92
:103260002DE9F0414FF020080E461546C2B0044645
:103270007022002126A8CDF80480FDF7C6F970223F
:1032800026A90AA8FDF7E4F91B490AA800F074F979
:103290002A4631460AA800F08AF90023424602A9CC
:1032A00026930AA826AB00F09EF901AF0AA800F009
:1032B00049F920463A4626A9FDF774FC044628B190
:1032C0004FF0FF34204642B0BDE8F081FDF732FFF9
:1032D0003A68804626A902A8FFF7F2F90746404659
:1032E000FDF74CFF054B1B68BB42E9D1044B1E6048
:1032F000044B1D60E6E700BF090000021000043027
:1033000000000430EC2004302DE9F0479246702292
:10331000B8B00DEB02000C46DDE94257002199469A
:10332000409EFDF772F9702268460DEB0201FDF731
:103330008FF968461B4900F01FF935B1002F04DDF5
:103340003A462946684600F032F900256389228909
:10335000D4F80C8013449844454508D30024202217
:10336000684641991CAB1C9400F03DF90CE0A8EBB9
:103370000507B74228BF37464A463B4629465046CE
:10338000FCF78EFF044630B1684600F0DBF82046BB
:1033900038B0BDE8F0873A464946684600F007F97C
:1033A0003D44D9E70900000270B514461D468AB0B5
:1033B00058B390F8C83042B33DB3582673432C2617
:1033C00006FB013101444B8913B903200AB070BDDB
:1033D000012304A800935023FFF7DCF80028F5D15F
:1033E00003460DF10A0203A904A8FFF71FF970B9FB
:1033F000BDF80A30042BE8D12A4620460399FCF791
:103400004FFF003818BF0120E0E70720DEE74FF04C
:10341000FF30DBE72DE9F047894600219EB0414BA4
:103420001646269ADFF800A153F8324006AF18225C
:1034300080463846CDE903110591DAF80050FDF7D2
:10344000E4F809223949201DFDF7CFF8002854D1AE
:103450000A22374904F10D00FDF7C7F800284CD1C6
:1034600020224FF42050334BCDE90423E378073377
:10347000E118314B11F8022CCDE9080344F2121384
:103480003846ADF81830013A03AB00F0CFF80146EA
:10349000002832D160223846FDF7B7F8F578049C51
:1034A0000436AC4233D82B1B1E44224631463846E4
:1034B000FDF7CEF805F0FE0573195A7802359442EF
:1034C0009ABF131B2246C2EB440406EB05019ABFC8
:1034D000C918B8183819FDF7BBF8049B9DF81410EB
:1034E0005B00CDE9007342464B46039841F006214C
:1034F00000F0EEF890B9114B1D68039808B100F088
:10350000C3F8FDF71FFE28461EB0BDE8F087601B1C
:103510002A4631463844FDF79BF8CDE7DAF80050EB
:10352000EBE700BF000004300C000430ACBA010C23
:10353000A2BA010C090000020906000610000430BE
:103540000020704770B50546FDF7F4FD2C6806466F
:1035500034B9FDF7F7FD3046FDF710FE204670BD8B
:10356000012C06D1281D00F089FA044600232B60A7
:10357000EFE76FF08804F9E7F8B505460C46FDF76C
:10358000D9FD2F1D6C22002106463846FDF73DF877
:103590002146384600F084FA044608B901232B601E
:1035A000FDF7D0FD3046FDF7E9FD2046F8BDF8B542
:1035B00005460F461446FDF7BDFD064634B9FDF736
:1035C000C1FD3046FDF7DAFD2046F8BD2B68012B22
:1035D00006D122463946281D00F08EFA0446EEE751
:1035E0006FF08804EBE72DE9F04104460F46904662
:1035F0001D46FDF79FFD00232B6023680646012B27
:1036000011D12B4642463946201D00F087FA054667
:103610002046FFF797FFFDF795FD3046FDF7AEFD1D
:103620002846BDE8F0816FF08805F1E770B51E46C9
:10363000038803F44F44B4F5824F17D1551E6D082B
:10364000ED00104CC4E900120146182204F10800F4
:10365000FCF7FEFF0123226A6581013242F000423D
:1036600022620020326084F8243070BD03F4E0430D
:10367000B3F5805F02D0B3F5005F01D1D500E0E77C
:103680000025DEE7583E0430F0B5002887B004DBA3
:10369000442200210C48FCF7B8FF00266C460B4F73
:1036A00031461822684607F10805C7E90066FCF7AD
:1036B000ACFF0FCC0FC594E8030085E8030030464B
:1036C00087F8246007B0F0BD803E0430583E0430D7
:1036D00030B5002885B02ADA1648C468240A26D1F5
:1036E000048904F44F45B5F5824F1CD121F4FF75D0
:1036F00025F00105B5F1062F19D1E4B2122C12D133
:103700004489B4F5807F0ED1099C00920394089CF3
:10371000CDE901340B46426850F8081B00F0A4FEC6
:1037200010F1860F01D16FF0850005B030BD6FF04C
:103730008600FAE7583E04307047002818BF6FF043
:103740008300704710B514461846FCF781FF039BB1
:1037500000201C6010BD000010B50A46044619B1D7
:10376000024B00211B68984710BD00BFB8BA010C7E
:1037700001680E4A0346914215D1C169A2F1102297
:10378000A2F1EF1291420ED18268012A0BD8C268D1
:1037900012B101698A4206D0586928B19B691B1A87
:1037A0005842584170470120704700BF55AA00FF9A
:1037B0000E4B70B59E68B6B13046FFF7D9FF044690
:1037C00018B9F3687BB935690DB9204670BD284634
:1037D000FFF7CEFF28B9EB68B34204D12E462D691E
:1037E000F2E70446F1E70124EFE700BFC43E0430EE
:1037F0002DE9F843404E3468D4B1B468C4B1002810
:1038000077D0002975D001FB00F5B5FBF0F08842B8
:103810006FD1281D6DD8A9070DD025F003070437F7
:10382000F46803E06368BB4207D2A469002CF9D1B5
:103830002046BDE8F8832F46F2E7A3681BB12F4B63
:1038400001201B689847D4E90520616804F120082D
:10385000C91B23291CD80123A360BAB19061A369B5
:1038600003B15A610023C4E905333369DA0706D589
:10387000FFF79EFF18B10120204B1B6898472A468E
:10388000002140464446FCF7C0FED1E7F060E6E781
:1038900007F1200C04EB0C03203959600021DFF8FC
:1038A00060E0C3E902142169196144F80CE0DFF813
:1038B00054C0C3F81CC001B1CB60C3E90520B2B14C
:1038C00093619A6902B15361236100234FF00109AA
:1038D000C4E905333369C4E90179DB07CFD5FFF7C4
:1038E00067FF0028CBD0054B48461B68C6E7F3604E
:1038F000E7E700249CE700BFC43E04301400043016
:1039000055AA00FF669911EE2DE9F0410546002801
:103910007CD03F4F3B68002B78D0BA68002A75D026
:10392000834203D87A681344984203D3394B012069
:103930001B689847A5F120042046FFF719FF18B12E
:10394000344B01201B68984755F8183C012B03D0D5
:10395000304B01201B689847002355F8146C45F83C
:10396000183CAEB1B26892B955F81C3C03F1200284
:1039700073681344736055F8103C336103B1DE6023
:10398000204620220021FCF740FE234634461E46F6
:103990002069002832D08368002B2FD163684268E9
:1039A0002033134463600369D4E905212361DAB944
:1039B00001BB426981696261A161EAB19461A26956
:1039C00002B1546103B1DC6020220021FCF71DFE2E
:1039D0003B699B071AD5FFF7EBFEB8B1BDE8F04194
:1039E0000C4B01201B6818479161A1690029E0D0A8
:1039F0004A61DEE7F960F8E7FC60E0E7002EE7D116
:103A0000FB68A36103B15C61FC60E1E7BDE8F081A4
:103A1000C43E04301400043038B50D461422002191
:103A200004461248FCF7F1FD1149124801F07CF9F7
:103A3000232D1AD914F003031FBF043DED18C3F161
:103A40000403E4182A4600212046FCF7DEFD074B5C
:103A5000094AC3E900459C602260A2F11022203D82
:103A6000A2F1EF126560E261DC6038BDC43E043053
:103A70000939010CF137010C55AA00FF036810B594
:103A800004462BB1054A934205D1043000F0DEFB19
:103A90000020206010BD6FF08800FBE709000002E5
:103AA000F8B5076805460C4607BB124B994213D17F
:103AB000061D304600F0C6FB3046394600F0CCFB10
:103AC000064628B92C603046BDE8F840FFF735BE01
:103AD0002846FFF7D3FFF6E701F0FE44B4F1007F7C
:103AE00014BF6FF086006FF08500F8BD6FF088009E
:103AF000FBE700BF0900000210B5074B04689C42B9
:103B000006D1043000F0D6FBBDE81040FFF715BE2B
:103B10006FF0880010BD00BF090000022DE9F041E0
:103B20001F460478064644F0007404F17E44033CCA
:103B3000102C98BF104B884615468CBF00241C5D86
:103B40003A601AB121214046FCF75FFDAC420DD826
:103B500032680A4B9A420CD14146301D00F0EAFB14
:103B6000FFF7EBFD00B93C60BDE8F0816FF0890024
:103B7000FAE76FF08800F7E7BCBA010C0900000211
:103B80002DE9F04F0D46D5B000F1440304934BAB43
:103B9000059300F164030693DDE9043253F8041F32
:103BA00042F8041F06999942F8D100240BAE09AFE0
:103BB000291904223846FCF74BFD3B6804341BBA34
:103BC000402C46F8043FF3D197490DF1280A554699
:103BD000DDE951EBDDE94C76DDE94E328C46DDF86E
:103BE0004C81DDF840910191A868DCF800104FEAA3
:103BF000F92484EAB91401448BEA0E0084EA79645A
:103C000000EA090080EA0B002144014441444FEAE4
:103C1000773888EAB70888EAB7580A44884447EAF8
:103C2000060107EA0600194001438844E868DCF809
:103C300004104FEA7834014489EA0E00104080EA0B
:103C40000E00594401444FEAF22080EAB21080EAA3
:103C5000726084EAB804014484EAB8540B440C440A
:103C600048EA070108EA0700314001430C4428698B
:103C7000DCF808102035014482EA0900184080EA87
:103C80000900714401444FEAF32080EAB31080EA4E
:103C9000736001444FEA743080EAB40080EAB450A3
:103CA00001EB060E084448EA040108EA040639401C
:103CB0003143084455F80C6CDCF80C100CF1200C66
:103CC0000E444E4482EA030909EA0E094FEAFE2136
:103CD00089EA020981EABE1181EA7E614E440E44FE
:103CE0004FEA703181EAB00181EAB05106EB070971
:103CF000314444EA000604EA000706EA08063E43A7
:103D0000314455F8087C5CF8106C3E44164483EA54
:103D10000E0202EA09025A4016444FEAF92282EAE8
:103D2000B91282EA796216444FEA713282EAB1022C
:103D300082EAB152B044324440EA010600EA010787
:103D400026403E43324455F8047C5CF80C6C3E44FB
:103D50001E448EEA090303EA080383EA0E031E44A5
:103D60004FEAF82383EAB81383EA78631E444FEAE4
:103D7000723383EAB20304EB060B83EAB25341EADF
:103D800002043344044001EA0206344323442E680B
:103D90005CF8084C344489EA080606EA0B0686EA11
:103DA0000906744434444FEAFB2686EABB1686EAC9
:103DB0007B66344400EB040E4FEA733080EAB300B4
:103DC00080EAB350204442EA03040C4002EA0306AE
:103DD000344306196C685CF8040C204488EA0B0430
:103DE00004EA0E04484484EA080420444FEAFE240E
:103DF00084EABE1484EA7E64204401EB00094FEAA1
:103E0000763181EAB60181EAB651014443EA0600FF
:103E1000104003EA060420430F181AA9A9427FF4B0
:103E2000E3AE3AA9079101E0D0BA010CDAF84010EC
:103E3000DAF80C404FEAF14585EA7145DAF80800F6
:103E400085EA9125DAF82C100AF1200A01444FEA9C
:103E5000B44080EAF41080EAD4002944014403917C
:103E60008BEA0E004FEAF92181EAB91100EA090054
:103E700081EA796180EA0B000844019907EA0605A6
:103E8000096C084403990844404402440292CAF869
:103E9000281047EA06024FEA773181EAB7011A4053
:103EA0002A4381EAB7511144DAF8242001444FEA49
:103EB000F24585EA72455AF8100C85EA9225DAF83F
:103EC0001020DDF808C014444FEAB04282EAF01234
:103ED00082EAD0022C441444029A89EA0E05154065
:103EE000019A85EA0E05526CCAF82C405A442244C5
:103EF0001544029A4FEAF22282EABC1282EA7C62FC
:103F00002A4403EB020B47EA01054FEA713307EA43
:103F1000010C83EAB103354045EA0C0583EAB1534D
:103F20002B441344039A5AF80CCC4FEAF24585EA25
:103F3000724585EA9225DAF8142000EB02084FEA70
:103F4000BC4282EAFC1282EADC02A8449044029A53
:103F50004FEA733589EA0200019A00EA0B00926C7D
:103F600080EA09007244424410444FEAFB2282EA8C
:103F7000BB1282EA7B62024441EA030006EB020EB6
:103F800085EAB30501EA03063840304385EAB355B4
:103F9000054415445AF8086CDAF818204FEAF44042
:103FA00080EA744080EA94200CEB02044FEAB642A7
:103FB00082EAF61282EAD60204441444029A03EA20
:103FC000050C82EA0B0000EA0E005040019ACAF884
:103FD0003080D26CCAF834404A44224410444FEA3C
:103FE000FE2282EABE1282EA7E62024407EB0209E6
:103FF0004FEA753043EA050780EAB5000F4047EA0B
:104000000C0780EAB550384410445AF8047CDAF8BA
:104010001C204FEAF84C8CEA784C16444FEAB74221
:104020008CEA982C82EAF71282EAD7026644164498
:10403000019ADDF808C0126DCAF838603244624453
:104040008BEA0E0C0CEA090C8CEA0B0C62444FEA6A
:10405000F92C8CEAB91C8CEA796C94444FEA7032E2
:1040600082EAB00201EB0C0882EAB05245EA000194
:104070000292194005EA00021143029A0A444FEAEB
:10408000F44181EA744181EA9421DAF820406244E3
:10409000DAF800C03C440C444FEABC4181EAFC1110
:1040A00081EADC010C4401998EEA0907496D07EAAF
:1040B00008072144594487EA0E070F444FEAF821C4
:1040C00081EAB81181EA7861394403EB010B4FEAC8
:1040D000723383EAB20383EAB25340EA02070293DF
:1040E0002F4000EA02031F43029BCAF83C403B44B6
:1040F0000B444FEAF64181EA764181EA9621DAF8EB
:104100002460DAF80470664431444FEAB74686EA20
:10411000F71686EAD706314402910199DDF808C006
:10412000896D89EA0806614406EA0B06714486EA4D
:1041300009060E444FEAFB2181EABB1181EA7B614B
:10414000314405EB010E42EA03064FEA7335CAF823
:1041500040C0064002EA030C85EAB30546EA0C06B5
:1041600085EAB35535446E18DAF80810039D4FEA16
:10417000F44C3D444FEAB14787EAF11787EAD1078B
:104180008CEA744C01998CEA942C6544C96D3D44C9
:1041900088EA0B0707EA0E072944494487EA08071B
:1041A0000F444FEAFE2181EABE1181EA7E61394463
:1041B00043EA060703EA0609174047EA090700EB46
:1041C000010901984FEA763C20308CEAB60C019048
:1041D00007988CEAB65CCAF84450BC44504501EBE1
:1041E0000C077FF423AE0AA8C0F81031C0E9001C08
:1041F000029BC0F82481C0F80031C0F81421C0F837
:10420000FC40C0F820B1C0F81CE1C0F80C61C0F857
:104210000451C0F81891C0F80871049A059952F831
:10422000043F049251F8042F1344049A059113603B
:10423000069B9342F1D14FF49471FFF78DFA55B07C
:10424000BDE8F08F68220021FCF7DFB910B16821CA
:10425000FFF782BA7047000003460846C1B9C3E9B8
:1042600010110D4A0D49DFF838C0C3E912120D4A8A
:104270000D49C3E914C20D4AC3E916120C4A1A6665
:1042800002F17452A2F52302A2F692425A667047D6
:104290006FF08600704700BF85AE67BB67E6096AAE
:1042A00072F36E3C3AF54FA57F520E518C68059B18
:1042B000ABD9831F2DE9F04105460E46144612B3D3
:1042C000036C03F03F079B18036422BF436C013368
:1042D00043647FB1C7F1400842450FD3424638449A
:1042E000FCF7B6F929462846FFF74AFC274446441E
:1042F000A7F140043F2C09D82CB1002722463146B3
:10430000E819FCF7A5F90020BDE8F081374606EB77
:104310000408394628464037FFF732FCA8EB07036C
:104320003F2BF6D8A4F1400323F03F0340331E4453
:10433000E41ADFE773B50D468021036C044603F0F1
:104340003F035A1C382AC154104474D80021C2F1CA
:104350003802FCF75AF9D4E91062730F43EAC2033A
:1043600004221BBA0DEB020104F138000193FCF7A3
:104370006FF90422F6000DEB020136BA04F13C009D
:104380000196FCF765F921462046FFF7F9FB042268
:10439000A36C0DEB02011BBA28460193FCF758F9F8
:1043A0000422E36C0DEB02011BBAA8180193FCF781
:1043B0004FF90422236D0DEB02011BBA05F1080031
:1043C0000193FCF745F90422636D0DEB02011BBA62
:1043D00005F10C000193FCF73BF90422A36D0DEBF2
:1043E00002011BBA05F110000193FCF731F9042218
:1043F000E36D0DEB02011BBA05F114000193FCF70C
:1044000027F90422236E0DEB02011BBA05F11800F7
:104410000193FCF71DF90422636E0DEB02011BBA38
:1044200005F11C000193FCF713F92046FFF70EFF7E
:10443000002002B070BDC2F140020021FCF7E5F897
:1044400021462046FFF79CFB38220021204680E7CA
:10445000043004289ABF034B33F910006FF0830037
:10446000704700BFD0BB010C4123F0B595B00DF1F2
:10447000080CCDE9003CDDE91A56DDE91C47029342
:1044800003ABFFF75FF998B99DF80C30042B0DD101
:10449000402F0FD133462A4620460DF10D0100F082
:1044A0008DFB15B0BDE8F040FFF7D2BF6FF086007E
:1044B00015B0F0BD6FF09400FAE70022016000F142
:1044C0001C0340F8042F9842FBD17047F0B500243C
:1044D00005462646204652F8247051F82430DB1950
:1044E00046EB06071B1845F8243004F1010447F198
:1044F0000000082CEFD1F0BD002370B50646184629
:1045000052F8235051F82340641B65EB0505241A2B
:1045100046F8234003F1010365F10005082BC5F1BE
:104520000000EDD170BD70B504395642041F013A48
:104530001C3054F8043F51F8045F134035402B43BE
:1045400084422360F5D170BD002330B5044618467F
:1045500054F8232051F8235001336A40082B40EAD5
:104560000200F5D130BD021F00F11C03002052F8FB
:10457000041F9A4240EA0100F9D170472DE9F04743
:10458000002506468946AA46171FA0F1040C02F131
:104590001C0857F8043F5CF804EF4C46200C1A0C3A
:1045A000A4B29BB21100414362435C4343431804ED
:1045B0001B0C24184B411004120C24185341704654
:1045C0000022241853416419534147451D46CCF835
:1045D0000040DED1336A5A195B1932624AEB0A0095
:1045E000BDE8F08710B50438A1F120024B7F0C7FA5
:1045F0001B0443EA0463CC7F0439234391F822402F
:104600008A4243EA042340F8043FEFD110BD70B55D
:1046100088B01E460446FFF759FF3246054621463C
:104620006846FFF769FFC0F10102694620462A4348
:10463000FFF779FF08B070BD2DE9F04F9846D3F829
:1046400040A00023074618468BB0914601AA0133CB
:10465000092B42F8040BFAD1A1F1040B01F11C065D
:10466000D9F800305BF8041F019D4A4601A803FBFE
:104670000155FFF783FF0AFB05F50446424629462C
:1046800001A8FFF77BFF0823044401AA5168013BFE
:1046900042F8041BFAD1B3450994E1D1424601A97D
:1046A0003846FFF729FFC0F1010222433846C2F124
:1046B0000102FFF738FF0BB0BDE8F08F014BFFF7A9
:1046C000BBBF00BF80BC010C0B4601F120020146BC
:1046D000FFF7B2BF30B504460D4689B068460121E8
:1046E000FFF7EBFE2B466A4621462046FFF7A4FF64
:1046F00009B030BD38B504461546FFF7DEFE294641
:104700002046BDE83840FFF7DFBF2DE9F0431446EF
:104710000646274689B001226846FFF704FF224675
:1047200001213046FFF7E6FF256804F11C09023D30
:104730004FF02008EB0705D523466A463146304640
:10474000FFF77AFF23466A4669466846FFF774FF1B
:10475000B8F101084FEA5505ECD14F4502D057F8A2
:10476000045FE5E709B0BDE8F083000070B51446CA
:1047700006460D4688B0214620460C4AFFF7C5FF85
:10478000224621466846FFF799FF6A463146304681
:10479000FFF794FF224669466846FFF78FFF6A4697
:1047A00029462846FFF78AFF08B070BD80BC010C7F
:1047B00030B5044689B0FFF715FF0C4A214668461C
:1047C000FFF79AFE054601216846FFF776FE6A4626
:1047D00021466846FFF790FE2DB1003818BF012032
:1047E000404209B030BD4FF0FF30FAE73CBC010C4D
:1047F00010B588B004460146054A6846FFF77CFEBE
:104800006946C0F101022046FFF78DFE08B010BDD9
:104810003CBC010C70B51F2A04460B4688B00FD86B
:1048200000206D46694606460130202805F8016BD8
:10483000FAD1C2F11F0008441A4493420CD1204619
:10484000FFF7D0FE2046FFF7D3FF2046054908B00A
:10485000BDE87040FFF738BF13F8015B00F8015F57
:10486000EBE700BF3CBC010C30B589B00446FFF754
:1048700043FE054621466846044AFFF727FE2A46BE
:1048800069462046FFF74FFE09B030BD80BC010CE1
:10489000F0B516461F4604460D4699B011466846C7
:1048A000FFF70CFF3246694608A8FFF707FF3A46B4
:1048B00069466846FFF702FF08A908461E9AFFF7F7
:1048C000FDFE224669466846FFF7CEFF08A92A4644
:1048D0000846FFF7C9FF6A4631463046FFF7EEFE4D
:1048E0006A46694610A8FFF7E9FE6A46684610A9BD
:1048F000FFF7E4FE10A922460846FFF7DFFE08AAEC
:1049000011462046FFF7DAFE2146204610AAFFF79F
:10491000ABFF2146204610AAFFF7A6FF6A462146B4
:104920002046FFF7A1FF10A922460846FFF79CFF8B
:1049300010A9084608AAFFF7C1FE2A46694668463C
:10494000FFF7BCFE6A46284610A9FFF78DFF19B095
:10495000F0BD000070B5044690B00D4611461646F5
:10496000FFF740FE2146234A08A8FFF7C5FD0128AE
:1049700003D04FF0FF3010B070BD11462046FFF756
:10498000A3FE284606F12001FFF72CFE2946194A0E
:1049900008A8FFF7B1FD0128EBD111462846FFF723
:1049A00093FE2A4629466846FFF788FE224621469E
:1049B00008A8FFF783FE08A922460846FFF77EFEF7
:1049C00008A922460846FFF74FFF08A922460846D5
:1049D000FFF74AFF08A922460846FFF745FF08A946
:1049E0000846044B044AFFF712FE684608A9FFF781
:1049F000ABFDC0E780BC010C1CBC010C70B50446CB
:104A00000D46164698B0114608A8FFF757FE344BDE
:104A10002146684608AAFFF7FAFD214608AA10A811
:104A2000FFF722FF694610AA08A8FFF747FE08AA69
:104A3000114668462A4BFFF7EAFD69466846284B4F
:104A400008AAFFF7E4FD2A46294610A8FFF736FE1C
:104A500010AA11461046224BFFF7D9FD214610AA95
:104A600008A8FFF72BFE08AA114610461C4BFFF7BB
:104A7000CEFD10AA11461046FFF720FE10AA184BD3
:104A800011461046FFF7C3FD6A4669462046FFF708
:104A900015FE2146204608AAFFF7E6FE21462046DD
:104AA00008AAFFF7E1FE324629463046FFF706FE28
:104AB0000B4B324631463046FFF7A9FD22462846C9
:104AC00008A9FFF7D1FE6A4629462846FFF7F6FDFA
:104AD0002946284610AAFFF7C7FE18B070BD00BFD0
:104AE00080BC010C2DE9F04F9946054692460C46D4
:104AF000A3B02C9E2F49324602A8FFF7FDFCD6F842
:104B000000B031460BF0010202A80DF14808FFF792
:104B10000AFD00214046FFF7D0FC4A4641460AA85C
:104B2000FFF7A2FE012251462846FFF7FCFC0122B6
:104B300049462046FFF7F7FC01211F4A1AA8FFF754
:104B4000D9FD6FEA0B02204602F001020AA9FFF725
:104B5000EAFCFF277B0922AA02EB830353F8806C4F
:104B600007F01F02D64086EA0B06F243494640464C
:104B700002F00102FFF7D7FC404606F001020AA945
:104B8000FFF7D1FC214628461AAAFFF737FF534604
:104B900021462846CDF800801AAAFFF779FE013F8A
:104BA000D8D1214628461AAAFFF7E0FD23B0BDE878
:104BB000F08F00BF3CBC010C80BC010C2DE9F04122
:104BC000C2B004460F46014602A815469846FFF7B4
:104BD000EFFD28B16FF00307384642B0BDE8F08121
:104BE0000AAE304604F12001FFF7E2FD0028F1D1C2
:104BF0004246294612A8FFF70DFE30464649FFF708
:104C000063FD1AAC31463046434AFFF77EFD424B06
:104C10003246204612A9FFF70FFD22AD20463E493D
:104C2000FFF758FD0122284602A9FFF77CFC284621
:104C30003949FFF749FD3246374B29462846FFF7E9
:104C4000FBFC28463449FFF745FD3A4632A92AA81D
:104C5000FFF780FE074600285BD112A83146009579
:104C600032AB2AAAFFF73EFF2046FFF77CFC90B943
:104C70000122204612A9FFF756FC28492046FFF7DB
:104C800029FD2046FFF7B4FD204602A9FFF75CFC92
:104C90000028A1D09EE7224B224A32A92AA80094DC
:104CA000FFF720FF012220462AA9FFF73CFC012242
:104CB000284632A9FFF737FC01213AA8174AFFF727
:104CC00019FD12A92AA8FFF73FFC60B10B46204648
:104CD000294600963AAAFFF7DBFD294620463AAA64
:104CE000FFF744FDC9E7314632A8FFF72DFC28B98C
:104CF000294620463AAAFFF781FEEEE739462046CC
:104D0000064AFFF7F7FC39462846044AFFF7F2FC4B
:104D1000B3E76FF001075FE73CBC010C80BC010CFE
:104D2000DCBB010CFCBB010C024B1860024B0020E9
:104D3000196070471C00043018000430464A136B99
:104D400023F4807323F0010343F480731363136926
:104D500043F03003136153691807FCD53F4B1A69C0
:104D600022F4FE0242F480021A611A6822F018024C
:104D70001A601A6842F001021A601A689107FCD59D
:104D800037490A6822F00F0242F005020A609A6A67
:104D900022F0030242F001029A629A6A42F48032DF
:104DA0009A629A6A42F400329A629A6A42F48022C3
:104DB0009A629A6A22F010029A629A6A22F00C02AF
:104DC00042F008029A629A6A22F020029A629A6A73
:104DD00022F47C5242F400629A625A6B6FF308022A
:104DE00042F03B025A635A6B22F47E4242F4007254
:104DF0005A635A6B22F4FE0242F480325A635A6BB1
:104E000022F0FE4242F080725A631A6842F08072C9
:104E10001A60124B1A689201FCD51A6A22F00F022E
:104E20001A621A6A22F070021A621A6A22F4E062A6
:104E30001A621A6A22F4E0421A62DA6942F0030244
:104E4000DA61064BDA6902F01802182AFAD11A68F8
:104E500042F480521A60704700080254000C025459
:104E60000020025008B501F029FC18B1BDE8084047
:104E700007F082B808BD00001FB51D4B1B680193E9
:104E80001C4B5B6802931C4B5B680393019B029B6A
:104E9000039B00F0CDFC01F0E7FCFFF7E3FF01F01E
:104EA00067FC20B1154802F085F907F065F8FBF7BB
:104EB000E1FD20B1124802F07DF907F05DF8002411
:104EC00000F0A6F800F082F90E4B1C6000F0A0F88C
:104ED00000F07CF90C4B20469B68984720B10B48AA
:104EE00002F068F907F048F8002004B010BD00BFD8
:104EF0000080020C00E0020C00E0000C11B4010C78
:104F000033B4010CDC3E04302CBD010C60B4010C48
:104F100030B585B00192CB690093D1E905320146E5
:104F20000B4802F047F90B48816AC26AD0F8E430B6
:104F3000446B856BD0F8E8000094CDE90150064839
:104F400002F038F905B0BDE8304007F015B800BFF1
:104F50008BB4010C00ED00E0B7B4010C0A46014629
:104F60000148FFF7D5BF00BFF6B4010C0A46014661
:104F70000148FFF7CDBF00BF00B5010C0A4601464E
:104F80000148FFF7C5BF00BF0AB5010C0A4601463C
:104F90000148FFF7BDBF00BF13B5010C0A4601462B
:104FA0000148FFF7B5BF00BF1EB5010C1EF0040F8E
:104FB0000CBFEFF30880EFF309807146FFF7CEBF17
:104FC0001EF0040F0CBFEFF30880EFF30980714669
:104FD000FFF7CCBF1EF0040F0CBFEFF30880EFF318
:104FE00009807146FFF7CABF1EF0040F0CBFEFF334
:104FF0000880EFF309807146FFF7C8BF1EF0040F69
:105000000CBFEFF30880EFF309807146FFF7C6BFCE
:10501000F7B5644C236883B9634BD3F8882042F01A
:105020008072C3F888204FF40022D3F8883003F050
:1050300080730193019B5D4B9A612068002872D1B7
:105040005B4B5C49D3F8D02022F00102C3F8D0209A
:105050000A680130C3F8D8204A68103122F01F02D4
:10506000C3F8DC2011F8045C51F8082C003D18BF8F
:10507000012522F01F0242EA450242F00102052802
:10508000C3F8E020E4D1BFF34F8FBFF36F8FD3F8A5
:10509000D02042F00102C3F8D020454A536A43F4BD
:1050A000702353622368D3B94022434843497F2584
:1050B000C0E90012F922C0E90433C0E90252C0E994
:1050C0000633036201F080FA08B106F055FFFF21B4
:1050D000394801F0CFFA3A49374801F0E1FA23683C
:1050E000002B4FD1012000F071FF2268002A50D11F
:1050F0002D4B0520D3F8881041F40031C3F88810F7
:10510000D3F88830114603F400330093009B01F07C
:105110000DF9052001F03AF92A4A536C43F00203D5
:10512000536403B0F0BD0027224D214E2B68C6F812
:10513000D830D6F8D800D6F8DC208342D6F8E01074
:1051400011D16B6823F01F0393420CD12A7BAB680B
:10515000003A18BF012223F01F0343EA420343F041
:1051600001038B4201D006F007FF0137052F05F13F
:105170001005DBD10E4BD3F8D030DE078DD406F00E
:10518000FBFE8AE700F02CFF0128AED006F0F4FE0B
:10519000ABE70C4B5B6C9B07C3D403B0BDE8F0409E
:1051A00006F0EABEDC3E0430000C0254002403503A
:1051B00000ED00E0DCBC010C6C3F043000780054D2
:1051C0000000FF5D00600250704700006D4B73B53A
:1051D0001A6832B901224FF400116B481A6001F0CD
:1051E000E9FF01230226694C694D2046636126626E
:1051F00000F082FE28466E6100F07EFE00232360F0
:105200002B60236903F07F43B3F1344F04D061482E
:1052100001F0D0FF06F0B0FEE368002B04DA5E4830
:1052200001F0C8FF06F0A8FEE36803F07F53B3F176
:10523000345F04D0594801F0BDFF06F09DFE616A5D
:10524000574B994207D0574801F0B4FF564801F038
:10525000B1FF06F091FED4E90F320BB9472A10D006
:10526000002152480092472201F0A4FF504801F06B
:10527000A1FF47230020C4E90F03236843F4007310
:1052800023602B6C2B220093EB6B0021494801F02B
:1052900091FFD5E90F320BB92B2A13D000214648D4
:1052A00000922B2201F086FF2B21444801F082FF5F
:1052B000434801F07FFF2B230021C5E90F134FF472
:1052C00000732B6023691A0704D53E4801F072FF72
:1052D00006F052FE23695B0604D53B4801F06AFFE5
:1052E00006F04AFE23682A68134326D0374801F0A7
:1052F00061FF00F047FB00F067FB236843B12348E0
:1053000000F06AFC20B1324801F054FF06F034FE90
:105310002B6843B11E4800F05FFC20B12C4801F01F
:1053200049FF06F029FE00F00BFC20B1294801F0EE
:1053300041FF06F021FE01F037F8A16AC32907D02A
:10534000254801F037FF254801F034FF06F014FE30
:105350006368B3F56D4F13D0B3F5B85F10D0B3F5F4
:10536000385F0DD0B3F5464F0AD0B3F5E44F07D000
:10537000B3F5B84F04D002B0BDE8704006F0FCBDF4
:1053800002B070BD683F04302AB5010C243F0430E0
:10539000E03E04304BB5010C67B5010C96B5010C2D
:1053A0000000010CC4B5010CD4B5010CFCB5010C16
:1053B00029B6010C64B6010C94B6010CC1B6010CFF
:1053C000EBB6010C26B7010C52B7010C73B7010CF8
:1053D0009CB7010CC2B7010CE4B7010CF4B7010C87
:1053E000042A09DB0B68036000F1040001F10401E9
:1053F000A2F10402042AF5DA002A09D00B7803701E
:1054000000F1010001F10101A2F10102012AF5DA26
:1054100070470000044B82B0186883B26FF30F002E
:10542000184302B0704700BF70BD010C0C207047DC
:1054300000207047012805D902280CBF00206FF01A
:10544000040070476FF0030070476FF0030070476F
:10545000014B1868704700BF9C3F043000487047FC
:1054600058BD010C08B54FF47A7000F0BFFA002067
:1054700008BD00000C4B70B55A6992B11C6900233D
:1054800001390144151DA34201D1002070BD52F81D
:105490003360864203D855F83360B14201D90133F5
:1054A000F1E70120F2E700BF400004302DE9F041B0
:1054B0001446204B96001A78074622F002021A7012
:1054C000421E02EB8402B2F5800F0D4611D31A4A38
:1054D00094693CB16FF004001A7842F002021A702D
:1054E000BDE8F0813246FF212846FBF78EF82046C2
:1054F000F6E70023DFF844803146C8F80030FFF7B4
:10550000B9FF324690B107F140612846FFF768FFC6
:10551000D8F8003023B1324600212846FBF775F851
:10552000002324F04040C8F80030D9E707F10061BB
:10553000EBE700BF9C3F043040000430A03F043044
:1055400038B50E4D6B68DC0709D40C4B5A689007D0
:1055500011D45A68520744BF0422DA6038BDFBF701
:1055600031FB04466B689907EFD4FBF72BFB001B5C
:105570000128F7D9E9E70222DA60EAE700040350DC
:105580000B4A10B5D36823F00203D36001F0A0F8F2
:10559000FBF718FB044601F0B7F840B1FBF712FB2C
:1055A000001B0128F7D901F0AFF80028F3D010BD97
:1055B000000403502DE9F04F454F87B03B784FEA88
:1055C0008208019123F002034146064615463B70CE
:1055D000FFF750FFF0B14FF0020B4FF0406A721E20
:1055E0004244B2F5800F0CD248EA060414F00F04CE
:1055F00007D1384BD3E90201234601F1040E83425F
:105600000DD16FF004003B7843F002033B7007B00C
:10561000BDE8F08F4FF0006ADFF8BCB0DFE751F86B
:1056200033C0664503D35EF833C0624544D90133C5
:10563000E5E700F093F93B7843F001033B70019BF1
:105640001022191902A8FBF703F8029B049A059986
:105650001A40039B0B40B3F1FF3F08BFB2F1FF3F7D
:1056600024D00AEB0601584602AA214400F00AFAA7
:1056700081461034A04502D0B9F1000FDFD03B784D
:10568000414623F0010330193B70FFF7F3FE80B170
:1056900000F08EF9FFF754FF01F010F8B9F1000F98
:1056A00025F0404018BF4FF0FF30B0E74FF0000941
:1056B000DFE700F071F9EDE7FFF762FF41463046A2
:1056C000FFF7D8FE0028B4D100F034F9B3E700BFEB
:1056D0009C3F0430400004300200008070B5B0F5FB
:1056E000800F044686B008D2C0F30C032BB9324AAF
:1056F000D2E90012101D8B4208D16FF004002F4A2E
:10570000137843F00203137006B070BD52F83350A3
:10571000AC4203D350F83350AC4207D90133EAE727
:1057200000F008F929E000F037F93BE004212046B9
:10573000FFF7A0FE0028224B18BF0423B4F5001F7A
:10574000029334BF0123022303934FF00103059317
:105750004FEA543301D3A3F58073184E0493FFF737
:105760000FFF3378042123F0020320463370FFF744
:1057700081FE0028D4D000F0F1F8337801A943F07D
:10578000010302A8337000F059FC3378054623F07A
:105790000103042120463370FFF76CFE0028C2D0BD
:1057A00000F006F9FFF7CCFE00F088FF281E18BFB6
:1057B00001204042A8E700BF400004309C3F043075
:1057C00004000080174BD3F80421002A29DAD3F80B
:1057D000042142F00042C3F80421134A1368013344
:1057E0001360734603F00F030D2B14D1EFF30982FE
:1057F000D2E90631C9010CD523F00101098801F471
:105800006840B0F5684F04D001F47841B1F5704FAD
:1058100004D1043303E0EFF30882E9E70233936134
:105820007047FEE700200250A03F043070470000A0
:1058300010B5032000F068FD00F064FC094B0A4A33
:105840001B6A03F00F03D35CD840084B18600F208D
:10585000FBF7AAF9044618B9FFF7E8FF204610BD88
:105860000124FBE7000C0254CCBC010C20000430E6
:105870000C4B10B50C4A9C680C4B13EA240338BF40
:1058800013461A6842F002021A60EFF3108272B6F1
:105890000023CC58C4500433102BFAD182F3108863
:1058A00010BD00BF240004302C20025028200240EC
:1058B00030B50F4DAB68002BAABF0E4B0E4B0F4AF5
:1058C0001C68B8BF0E4A44F002041C60AB68146840
:1058D00003F0040323431360EFF3108272B6002336
:1058E000CC58C4500433102BFAD182F3108830BD49
:1058F000240004302C200250282002404420025072
:1059000040200240084B10B5084A9C68084B13EA37
:10591000240338BF13461A6842F002021A600B884B
:105920009BB2038010BD00BF240004302C20025025
:1059300028200240074B9A6AD20741BF064A5A60A4
:1059400002F188325A6046BF986A00F001000120D7
:10595000704700BF0020025023016745074BDA6AF9
:10596000D20741BF064A9A6002F188329A6046BF68
:10597000D86A00F001000120704700BF00200250EB
:105980002301674508B5FFF7D5FF18B9BDE8084002
:10599000FFF7E4BF08BD0000044B9A6A42F0010221
:1059A0009A62986AC04300F00100704700200250DC
:1059B000044BDA6A42F00102DA62D86AC04300F0AE
:1059C0000100704700200250064BD86910F001001A
:1059D00007D0054ADA6002F14432DA60D86900F093
:1059E00001007047002002503B2A1908F8B505460F
:1059F000FBF7E8F81D4E1E4CB2681E4B074614EA32
:105A0000220438BF1C46236813F00B0F1AD1B1686B
:105A1000194B1A4A1A4812EA210238BF1A4621685D
:105A2000036A01F47E0103F400030B4315D071688F
:105A30001943716013601A0202D54FF40003036327
:105A400001200EE0691CDED0FBF7BCF8C01BA842A9
:105A500001D8002DD7D1032003E02368DB0301D454
:105A60000020F8BD4FF480331360F9E724000430C0
:105A700020200240242002503420025030200240D6
:105A8000002002502DE9F041264D04462B780E46A9
:105A9000012B174644D001232B7000234FF47A705A
:105AA0006B60FFF7A3FF50BB1F4B204AAC6012EAAC
:105AB000240838BF984624F00043022B23D13946EE
:105AC0003046FFF7D5FE4FF47A70FFF78FFFD8F816
:105AD000003024F0304222F0040223EA0203C8F826
:105AE0000030134B9C420AD1A968124A124B13EAA8
:105AF000210338BF13461A6822F004021A600023FB
:105B00002B70BDE8F0810D4B24F004029A42394617
:105B1000304602D1FFF7CCFED5E7FFF7F3FED2E720
:105B20000220EEE7240004302C20025028200240FE
:105B300006000010442002504020024002000010E5
:105B4000044A4FF47A70D36943F00203D361FFF73C
:105B50004DBF00BF00200250124B134A9968134BEF
:105B600013EA210338BF134600F00302032A06D1CB
:105B70001A6842F4004242F020021A607047C107DE
:105B800007D51A6822F0004222F0280242F02802CB
:105B90001A608207F2D51A6842F0004242F02802E9
:105BA000EBE700BF240004302C20025028200240E4
:105BB000064B074A9968074B13EA210338BF13467F
:105BC0001A6842F008021A60704700BF24000430CF
:105BD00044200250402002402DE9F041DFF8A88225
:105BE000044698F80030012B00F081810123002049
:105BF00088F800304FF08023C8E901034FF47A7031
:105C0000FFF7F4FE002840F039812768F90719D51D
:105C1000A5696369012D03F00101E26903F0020344
:105C200040F0368131B1994DD5F8EC1021EA0201EE
:105C3000C5F8EC1033B19549D1F8EC3123EA0203F1
:105C4000C1F8EC31BA0706D5904A6168536D23F468
:105C50007F430B4353657B0740F1AE80D4E90215C7
:105C600011F001030EBF1A46032205F003038E074D
:105C700042BF05F00406334342F004024E0742BF20
:105C800005F00806334342F008020E0742BF05F054
:105C90001006334342F01002CE0642BF05F0400624
:105CA000334342F040028E0642BF05F08006334384
:105CB00042F080024E0642BF05F48036334342F480
:105CC00080320E0642BF05F40036334342F4003200
:105CD000CE0542BF05F48016334342F480128E0590
:105CE00042BF05F40016334342F400124E0542BF92
:105CF00005F07F56334342F07F520E0542BF05F058
:105D000000452B4342F0004211F4805518BF042691
:105D1000D4F810C00CBF2E460CF0040511F4005F3F
:105D20001EBF0CF0080E45EA0E0546F0080611F4F9
:105D3000804F1EBF0CF0100E45EA0E0546F010060F
:105D400011F4004F1EBF0CF0200E45EA0E0546F080
:105D5000200611F4803F1EBF0CF0400E45EA0E05F0
:105D600046F0400611F4802F1EBF0CF4004E45EAA9
:105D70000E0546F4004611F4002F1CBF0CF07F4CBA
:105D800045EA0C05C1F30B0C18BF46F07F46BCF189
:105D9000000F08D0DFF8F4E0DEF854C02CEA02026D
:105DA0001343CEF8543011F47F2F05D0374A536F88
:105DB00023EA06032B435367B90510D5D4E90F3105
:105DC0006569EA0742BF314E43EA0142C6F8E42062
:105DD000AE0742BF2D4A43EA0143C2F8E4313D0712
:105DE0000AD5D4E90831012B61D1284AD2F8843090
:105DF000DBB20B43C2F88430F9060BD5236AA16AE3
:105E0000012B5ED1214AD2F8843023F0FF030B43EB
:105E1000C2F88430BA0606D51C4AE16AD2F894303A
:105E20000B43C2F894307B0610D5D4E90C31656978
:105E3000EE0742BF154E43EA0142C6F8FC20AA070E
:105E400042BF124A43EA0143C2F8FC313B0615D572
:105E50006269A36B02F0010102F00202002B3BD049
:105E600029B10A4C591E41F40041C4F8F4102AB17A
:105E7000064A013B43F40043C2F8F431002388F89A
:105E80000030BDE8F08100BF240004300020025043
:105E900029B1184DD5F8EC101143C5F8EC10002BC2
:105EA0003FF4D0AE1349D1F8EC311343C8E6022BCE
:105EB000A2D1104AD2F88C30DBB20B43C2F88C303E
:105EC0009AE7022BA6D10B4AD2F88C3023F0FF03BD
:105ED0000B43C2F88C309DE711B10649C1F8F4308C
:105EE000002ACBD00022034BC3F8F421C6E70220DE
:105EF000C7E700BF0020025006230360324B1A6D33
:105F000002F47F4242601A6D22F47F42C2601A6F2F
:105F100002614269511E012930D8012A0CBFD3F811
:105F2000E830D3F8E831DB43C361003B18BF0123FD
:105F30008361254B012A0CBFD3F8E030D3F8E03160
:105F4000012AD9B2C3F3074303641F4BC1630CBFDB
:105F5000D3F8F830D3F8F831012AD9B2C3F30743A4
:105F6000436340F2C7230360174B01630CBFD3F8B0
:105F7000F030D3F8F03103F00F038363026A531E4D
:105F8000012B17D80368012A43F0180303600E4B56
:105F90000BBFD3F88020D3F8882022F0FF0222F034
:105FA000FF020BBF42624262D3F88030D3F88830E0
:105FB000DBB28362036843F020030360024BD3F833
:105FC0009030C362704700BF00200250034AD36B79
:105FD00023F003030343D363704700BF0020025044
:105FE000024BD86B00F00300704700BF0020025046
:105FF0000F4B104A10B59C680F4B800113EA240325
:1060000038BF1346C9071A680AD522F0004222F4A5
:106010007F521A601A68024342F024021A6010BDCF
:1060200022F47F521A601A68024342F00042F3E7FA
:10603000240004302C200250282002402DE9F8438F
:10604000294E054633788946012B4AD00123337007
:1060500000234FF47A707360FFF7C8FC0446F0B970
:106060002B682249224AB36011EA230838BF9046C0
:1060700048F2080223F00041914215D16868FFF709
:106080006BFD4FF47A70FFF7B1FC04462A68D8F82C
:10609000003022F0004223EA0203C8F80030002357
:1060A00033702046BDE8F883082B02D1FFF780FD4E
:1060B000E7E74FF0FF33C9F80030AF68D5E90223B6
:1060C0001344BB42E2D938466968FFF791FF4FF4A9
:1060D0007A70FFF78BFC10B1C9F80070D5E7013773
:1060E000ECE70224DDE700BF240004302820024052
:1060F0002C200250024A536A43F001035362704756
:10610000000802542DE9F041524CE36903F01803F2
:10611000082B00F09980E36913F0180F0AD1236867
:106120004D4813F0200F03D02368C3F3C103D840B8
:10613000BDE8F081E36903F01803102B00F08680BE
:10614000E36903F01803182B40F08280A76AA36A62
:10615000A66A13F47C5FD4F83880C3F30520E7D037
:1061600003F0DCFFC6F300160546C8F3CC0070430D
:1061700003F0D4FF4FF0645104F028F807F0030354
:10618000012B064611D0032B4ED0606BC0F30800E4
:1061900003F0C4FF314603F011FF4FF07E5103F0CE
:1061A0000DFF294604462D483BE023689B0629D570
:1061B00023682948C3F3C103D84003F0AFFF294641
:1061C00004F0B8F8676B0446C7F3080003F0A6FFB5
:1061D000314603F0F3FE4FF07E5103F0EFFE01462F
:1061E000204603F0F3FF1B4B0446586BC0F34620D8
:1061F000013003F093FF0146204604F09BF804F0C1
:1062000035F995E7606BC0F3080003F087FF31466E
:1062100003F0D4FE4FF07E5103F0D0FE2946044631
:106220000F4804F087F8DAE7606BC0F3080003F06A
:1062300075FF314603F0C2FE4FF07E5103F0BEFE03
:10624000294604460748ECE7074871E707486FE727
:1062500001486DE7000C02540090D0030024744AFA
:106260000024744C20BCBE4B00093D0040787D01E9
:1062700008B5FFF747FF064B064A1B6A03F00F03FA
:10628000D35C03F01F03D840034B186008BD00BF68
:10629000000C0254CCBC010C2000043008B5FFF700
:1062A000E7FF054B054A1B6AC3F30213D35C03F0F7
:1062B0001F03D84008BD00BF000C0254C4BC010C31
:1062C00008B5FFF7D5FF054B054A1B6AC3F3022348
:1062D000D35C03F01F03D84008BD00BF000C02547C
:1062E000C4BC010C08B5FFF7C3FF054B054A1B6A88
:1062F000C3F30233D35C03F01F03D84008BD00BFD3
:10630000000C0254C4BC010C07490302CA6803F420
:10631000E06322F4E0621204120C134343F0BF6303
:1063200043F40033CB60704700ED00E0154B30B50F
:10633000DC68C4F30224C4F10703251D042B28BF25
:106340000423062D4FF0FF3594BF0024033C05FACB
:1063500003F321EA0303A54022EA0502A340002833
:1063600043EA0203ACBF00F16040074A4FEA03135F
:10637000DBB2ABBF00F5614000F00F0080F80033E6
:10638000135430BD00ED00E014ED00E0002807DB01
:1063900001234109034A00F01F00834042F82130E5
:1063A000704700BF00E100E0BFF34F8F0549064B87
:1063B000CA6802F4E0621343CB60BFF34F8F00BFA3
:1063C000FDE700BF00ED00E00400FA052DE9F04F05
:1063D00000234FF00F094A4A4A4D02EA90280A6802
:1063E00032FA03F401D1BDE8F08F012404FA03FA74
:1063F0001AEA020270D04C6824F01007022F16D15E
:106400004FEAD30C00EB8C0C03F0070EDCF8206095
:106410004FEA8E0E09FA0EFB26EA0B0B0E6906F008
:106420000F0606FA0EF646EA0B06CCF820600326A5
:10643000D0F800B04FEA430E06FA0EFC2BEA0C0B24
:106440006FEA0C0604F0030C0CFA0EFC013F4CEA58
:106450000B0C012FC0F800C040D9032C3CD0C768FA
:1064600037408E6806FA0EF63E43C660E60033D526
:1064700023F0030707F1A84707F5083703F00306E1
:10648000D7F860C0F60009FA06FE2CEA0E0C08FAEE
:1064900006F646EA0C063E66D743D5F8806014F44B
:1064A000803F0CBF3E401643C5F88060D5F884603D
:1064B00014F4003F0CBF3E401643C5F884602E68BC
:1064C00014F4801F0CBF3E4016432E606E68A40279
:1064D00054BF3E4016436E60013380E7876806EA8A
:1064E000070CCF6807FA0EF747EA0C078760476882
:1064F00027EA0A0C27099F4047EA0C074760AEE7E6
:106500007F7F2B000020025438B50A4CE36823F04B
:106510002003E360FAF756FB0546E3689B0601D5C6
:10652000002038BDFAF74EFB401BB0F57A7FF4D956
:106530000320F6E700780054F8B5114D0646EC68E4
:1065400014F040041AD1EB6843F08003EB60FAF7D3
:1065500039FB23460746EC6814F0400401D1032BB5
:1065600001D11846F8BDFAF72DFBC01BB0F57A7FB4
:10657000234684BF032386F82D30ECE70023F0E7A1
:106580000078005438B50F4C0546E36823F08003CB
:10659000E360A3699B0606D4FFF7B6FF10B10320A2
:1065A00085F82D0038BDA36923F02003A361FFF710
:1065B000ABFF10B1032085F82D00A36943F0200341
:1065C000A361EFE70078005438B5044600284CD0AA
:1065D00090F82D3003F0FF021BB980F82C20FAF759
:1065E000BDFB0223224D84F82D30EB68DB0637D447
:1065F000CA236B62532320466B62FFF79DFF18B1DD
:10660000FF2303206B6238BDAB69204623F08E6305
:1066100023F04003AB6121696368AA690B4313430C
:10662000A2691343AB61D4E9022343EA02432B611D
:10663000EA68D4E9093122F4F8520B431343EB60C2
:10664000FFF7A0FF0028DBD1D4E90713AA690B43A9
:1066500022F06042134362691343AB61FF236B6214
:106660000123002084F82D30CDE70120CBE700BFC7
:1066700000780054094B1A6822EA01021A60D963B3
:106680000A04586842EA01620A4320EA02025A6098
:10669000DA6A002022EA0102DA627047007C0054C4
:1066A000054B00201A6822EA01021A60DA6A22EA1F
:1066B0000102DA62D9637047007C0054034A00206B
:1066C000136843F001031360704700BF00040350D8
:1066D00038B502230B4CE360236823F001032360E9
:1066E000FAF770FA0546206810F0010000D138BDB5
:1066F000FAF768FA401B0128F5D92368DB07F2D5C1
:106700000320F4E700040350024B186800F0010076
:10671000704700BF0004035038B50C4C6368D907BC
:1067200004D400200222094BDA6038BDFAF74AFA95
:10673000054663689B07F4D4FAF744FA401B012826
:10674000F7D963689A07F4D40320EBE700040350F9
:10675000064B5A68D20707D40222DA601A6842F060
:1067600002021A60FFF7D8BF0120704700040350EF
:1067700037B51A49D1E84F3F0133DBB2C1E8423F98
:10678000002AF7D1012B23D8154B164DD3F8E8106A
:10679000284621F03001C3F8E810D3F88C1041F4FA
:1067A0008021C3F88C10D3F88C302A7203F4802334
:1067B0000193019B0C4B6A722B6001F08AFC04462A
:1067C00048B96946284601F05AFD204603B030BD5D
:1067D0004FF0FF30FAE76FF00100F7E7A43F043015
:1067E000000C0254A83F043000080C5208B50748BA
:1067F00001F0C7FC064AD2F88C3023F48023C2F89B
:106800008C300022034B1A7008BD00BFA83F043033
:10681000000C0254A43F04300020704708B5FAF77A
:1068200099FC00207047002070470120704701202C
:10683000704700000A4B37B51B786BB1094C636990
:10684000984748B9E56AA847C307FCD4236A01936F
:1068500003B0BDE830401847002003B030BD00BF92
:10686000BC3F043024BE010C10B50B4C0020A368C3
:10687000984780B902202369984760B94FF4E13105
:106880000120A46AA04730B901211520A04710B902
:106890000122024B1A7010BD24BE010CBC3F043013
:1068A00010B5064C00202369984708B1043004D184
:1068B000E368984708B9024B187010BD24BE010C5C
:1068C000BC3F043037B50422BD3084000D4620465D
:1068D0000DEB020100F052F958B9019B5A1C0AD085
:1068E000AB420BD8042220460DEB0201019500F0CB
:1068F00085F903B030BD45F2A350FAE74AF2C5303E
:10690000F7E770B5A2B00D4601A9064600F0F2FA0D
:10691000044610BB019B802B28BF8023B5EBC30F1F
:10692000019321D80146802202A8F9F76EFEFF21CB
:10693000EA0802ABA24213D104F188030DEB030471
:10694000012305F00705AB40013B3046019902AA3F
:1069500004F8803C00F0A6FB0446204622B070BD3F
:1069600003F8011B0134E5E745F2A354F5E7F0B560
:10697000A3B00D466946064600F0BCFA0446C8B905
:1069800000993046802928BF802102AA009100F09A
:10699000E5FA044670B901460246009F019002AB39
:1069A000B8420AD102B10191042228460DEB02013E
:1069B000F9F74EFE204623B0F0BD002213F801CBBC
:1069C0004CFA02F6013206F00106082A3144F7D1EA
:1069D00001220130E4E706281BD8DFE800F00409B3
:1069E0000D111416180004224FF43D7000F0C6B8C3
:1069F00004224FF43E70F9E704224FF43F70F5E7AC
:106A00001020FFF7B4BF1120FBE71220F9E7132095
:106A1000F7E74CF25A30704700F0C4B9042902D1AC
:106A20001146FFF7D8BF43F65C20704737B50546DF
:106A30000C46062824D8DFE800F0041517191D1F9E
:106A400021000020FFF73EFF50B9284601A9FFF7BB
:106A5000C2FF28B943F65C23019AA24218BF184628
:106A600003B030BD0120EDE70220EBE71020FFF777
:106A700048FFE9E71120FAE71220F8E71320F6E7CC
:106A80004CF25A30ECE7012837B5154610D800F122
:106A90000C040A462046296800F060FA30B9204606
:106AA00001A900F027FA08B9019B2B6003B030BDA3
:106AB0004AF2C530FAE7000070B50446074E4518A3
:106AC000A54201D8002070BD2046F369984710B94F
:106AD00004F50054F4E743F65C20F4E72CBD010C08
:106AE0002DE9F84FDFF85CA00746DAF80430884655
:106AF000154698470024144BC0F3410013F820902A
:106B000004F18003AB4294BF80262E1BB6FBF9FB39
:106B1000DAF814305A460D493819984700280EDB28
:106B20005A46DAF81830094908EB0400984700285B
:106B300005DB3444A542E3D80020BDE8F88F43F6D6
:106B40005C20FAE72CBD010C74BD010CBD3F043084
:106B500008B54FF400514FF42830FFF7ADFF48B9A6
:106B6000BDE808404FF400524FF428314FF4203074
:106B7000FFF7B6BF43F65C2008BD00002DE9F347E0
:106B8000DFF870900546D9F80430884614469847D7
:106B9000194BC0F3410013F820A0B5FBFAF70AFB2C
:106BA000175727BBA4B9384602B0BDE8F0870AFBE7
:106BB00006F6A41BF7D0012201A9A819C84700288E
:106BC00012DB224601A908EB0600F9F741FDEAE7CE
:106BD000B4FBFAF605F52035324641462846D9F889
:106BE0001490C8470028E2DA43F65C27DBE74AF254
:106BF000C537D8E72CBD010C74BD010C2DE9F04F51
:106C000086187542C5F30C05354485B0B5F5005FAF
:106C10000446019104D943F65C2005B0BDE8F08F2D
:106C2000DFF86C81D8F8043098470422594BC0F340
:106C3000410053F82070D8F8143057480093FBB245
:106C4000B2FBF3F203A9009B9847039A531C02324C
:106C500008BF01230393002D34D024F4FF5B2BF0F5
:106C60001F0BA5EB0B010BF52030FFF725FF0028CC
:106C7000D1D1B5F5407FAA4628BF4FF4407ADA4516
:106C800029D8B5F5407F5ED3FBB21027B7FBF3F7E9
:106C9000424D3A4629464048009B9847B6F5407F0A
:106CA0005CD8042203A93D48F9F7D2FC384B3A4698
:106CB0003A493B489B69984708B18742ABD1FFF7F7
:106CC00047FFAAE74FF400514FF42030FFF7F4FEDE
:106CD0000028C2D09FE70BF180039A452CBF4FF0EC
:106CE0008009AAEB0B095FFA87F8B9FBF8F82B4982
:106CF0004246009B0BF5283098475E4516D909EBB4
:106D00000B039C4212D2A3455A4638BF2246111BA0
:106D1000A2EB0B009E4294BFC2EB0602C2EB030241
:106D2000019B19441D4B1844F9F792FC184B42463D
:106D30009B691A490BF52030984710B180457FF4C4
:106D40006AAFCB449BE74FF440724FF420314FF4CD
:106D50002830FFF7C5FE002896D05CE7B4F5447FE5
:106D60009FD2B4F5407F224638BF4FF44072019B5A
:106D7000111BA2F540700B44B6F5447F94BFC2EBE3
:106D80000602C2F5447219462844F9F761FC88E707
:106D90002CBD010C74BD010C00A30200BD3F0430EA
:106DA000008302002DE9F0414D4F86B00020BB6802
:106DB000984700286BD104226946FFF7DFFE04469E
:106DC00000283FD104224FF440700DEB0201FFF781
:106DD000D5FE0446002835D1424E009BB34203D174
:106DE000019B013B03335ED97B6898473E4BC0F360
:106DF000410053F8205004224FF4005004A9FFF73B
:106E0000BDFE0446F0B904224FF40C5005A9FFF76B
:106E1000B5FE0446B0B9049B4FF40051B3424FF4A1
:106E2000203013D1059B013B03330FD8FFF744FEFD
:106E300068BB4FF400524FF420314FF42830FFF775
:106E40004FFE20BB204606B0BDE8F081FFF734FEC0
:106E50000146E0B94FF08008EDB280222348F9F7EF
:106E6000D4FBB8FBF5F84FF42035BF6928464246FD
:106E70001E498035B847B5F5283FF7D1FFF768FEC2
:106E800028B9042202A90296FFF7B8FE10B143F612
:106E90005C24D7E70123042203A94FF44070039335
:106EA000FFF7ACFECDE704224FF40C5005A9FFF725
:106EB00065FE04460028C5D1059B5A1E033206D83C
:106EC000019A934203D30233BCD1012ABAD1FFF70E
:106ED0003FFE43F65C23002818BF1C46B2E700BF04
:106EE0002CBD010C1281DEC074BD010CBD3F04300D
:106EF000FFF758BF1E280BD8012303FA00F00A4BF6
:106F0000034043B9094B18420BD110F0980F06D13A
:106F10004CF25A307047202300200B607047042346
:106F2000FAE74023F8E700BF65FF004000000F20AC
:106F300037B50C4601A91D46FFF7DCFF50B9019B90
:106F400029469A4228BF1A46204603B0BDE8304081
:106F5000FFF714BE4CF25A3003B030BD13461E2862
:106F600070D8DFE800F0106F15191D2125292D318B
:106F700035393D42474C51565B606F6F6F6F6F6F95
:106F80006F6F6F656A000A4600200421FFF7D0BFCB
:106F90000A4602202421F9E70A4603204421F5E7A6
:106FA0000A4604204821F1E70A4605204C21EDE776
:106FB0000A4606206C21E9E70A4607208C21E5E70E
:106FC0000A4608209021E1E70A460920B021DDE7C2
:106FD0000A460A20D021D9E70A460B20F021D5E73E
:106FE0000A460C204FF48871D0E70A460D204FF472
:106FF0009871CBE70A460E204FF41471C6E70A4693
:107000000F204FF41C71C1E70A4610204FF4A871FD
:10701000BCE70A4611204FF4C871B7E70A461220B0
:107020004FF4E871B2E70A4613204FF40471ADE75C
:107030000A461D204FF42571A8E70A461E204FF48A
:107040003571A3E74CF25A307047F0B593B00E4655
:1070500001A915461C46FFF74DFF00BB019B93425B
:1070600003D24AF2C53013B0F0BD402BF9D83046F8
:1070700002A9FFF783FD0028F5D1224602AB2819AB
:10708000824205D12A4621463046FFF7B7FDEAE79E
:1070900013F8011B12F8017BB943F1D0E1E74CF280
:1070A0005A30E0E713461E2870D8DFE800F0106F72
:1070B00015191D2125292D3135393D42474C515691
:1070C0005B606F6F6F6F6F6F6F6F6F656A000A46FF
:1070D00000200421FFF7B9BF0A4602202421F9E766
:1070E0000A4603204421F5E70A4604204821F1E737
:1070F0000A4605204C21EDE70A4606206C21E9E707
:107100000A4607208C21E5E70A4608209021E1E79E
:107110000A460920B021DDE70A460A20D021D9E736
:107120000A460B20F021D5E70A460C204FF488715F
:10713000D0E70A460D204FF49871CBE70A460E209F
:107140004FF41471C6E70A460F204FF41C71C1E7D3
:107150000A4610204FF4A871BCE70A4611204FF4EC
:10716000C871B7E70A4612204FF4E871B2E70A4641
:1071700013204FF40471ADE70A461D204FF425712A
:10718000A8E70A461E204FF43571A3E74CF25A30A7
:10719000704700207047002070470000004870478B
:1071A00000FC05304FF48060704708461146FFF739
:1071B00041BB00000FB41FB5012106AB53F8042BEF
:1071C000054800910021039300F0B0F805B05DF888
:1071D00004EB04B0704700BFAB71010C07B5034668
:1071E0008DF80720084601220DF10701984703B0EA
:1071F0005DF804FB2DE9F84F1D4607468846164604
:10720000BDF828409DF82CA09DF830909DF83430B2
:107210007AB333B113461D4613F8012B002AFAD175
:10722000AD1BAC428ABF641B0024A4B2BAF1000FAC
:1072300014D02A4631464046B847BAF1000F18D05C
:10724000002513E04A4641463846FFF7C7FF0BF1D9
:10725000010B1FFA8BF39C42F4D8EAE7D346F8E718
:107260004A4641463846FFF7B9FF0135ABB29C426A
:10727000F6D8BDE8F88F2DE9F04F002489B09DF8CD
:1072800048C006469DF85800A4450F469DF8541086
:107290000CBF4FF0200A4FF0300AA0429846CDE9CB
:1072A00005440CBF612041209DF85030CDF81B40B3
:1072B00019B1A242ACBF214652420DF11E04A146B3
:1072C0000A38B2FBF3FB03FB1B2B5FFA8BF5BBF118
:1072D000090F94BF30352D18A646EDB2934204F144
:1072E000FF346570B2FBF3F518D931B1BCF1000F72
:1072F00016D12D232370AEF102040023CDE902A3A1
:107300009DF84C303946CDE900833046A9EB0403A3
:10731000621CFFF76FFF09B0BDE8F08F2A46D0E787
:107320002D2239463046FFF759FFE6E72DE9F04FA9
:1073300089B01C469DF8483006460F469246F3B188
:1073400012783C2A19D00A3AD2B2282A98BF624B46
:107350004FF0010098BF53F822204FF0000388BF80
:107360000022CDE90230CDE900333046FFF742FF7D
:10737000202239463046FFF731FF0AF1010A4FF06B
:107380000009CB46C846002511E0BDB9252B00F009
:107390009B800A2B06D10D22394630460793FFF712
:1073A0001DFF079B1A4639463046FFF717FF1AF8AC
:1073B000013B002BE9D109B0BDE8F08F7A2B08D84A
:1073C000682B0ED8302B74D036D8252B76D02D2BA9
:1073D0007FD000230122CDE90033CDE902323F4ABC
:1073E00062E0693B112BF4D801A252F823F000BFF0
:1073F0005B74010CD373010CD373010CAF73010CDC
:10740000D373010CD373010CD373010CD373010C30
:10741000D373010CD373010C9774010CD373010C5B
:107420006574010CD373010CD373010C8574010CCA
:10743000D373010CAF73010C582B28D00BD8A3F1D8
:107440003102082AC5D808EB8808303B03EB480313
:107450001FFA83F8ABE7642BBBD101230025CDE9EC
:10746000033502E00025CDE903550A23CDE9019358
:10747000CDF800B043463946304654F8042BFFF7A8
:10748000FAFE94E70025049510230395EEE7012307
:1074900000250493F8E720230121CDE902310023E0
:1074A000CDE9008954F8042B39463046FFF7A2FE97
:1074B00069E7B8F1000FC6D1AB4678E71A463946FE
:1074C0003046FFF78BFE5EE7A946AB46A84601258E
:1074D0006DE7A9466BE700BF80BD010C19B8010C30
:1074E000044B82B0186883B26FF30F00184302B0E8
:1074F000704700BF5CBE010C012070470020704740
:10750000002070476FF00300704700207047002094
:107510007047002070476FF00300704700207047ED
:1075200010B50C46014630B12CB10448A2B200F0AF
:10753000A1FD204610BD6FF00400FBE74040043081
:107540000A4608B5014640B13AB14FF47A7304488F
:1075500092B200F046FC002008BD6FF00400FBE78B
:107560004040043010B52B4B88B0D3F88C20072452
:1075700042F00102C3F88C20D3F88C2003A902F05A
:1075800001020092009AD3F88C20234842F00102B5
:10759000C3F88C20D3F88C2002F001020192019AEA
:1075A000D3F8A42042F48042C3F8A420D3F8A43036
:1075B0004FF4007203F480430293029B0223CDE94F
:1075C00003230693012307940593FEF7FFFE4FF470
:1075D000806303A9104803930794FEF7F7FE0F4951
:1075E0000F4B0C220B6000234FF4E130C1E905235F
:1075F0004FF40042C1E901030846C1E90333C1E980
:1076000007234B6200F07CFC003818BF0120404289
:1076100008B010BD000C025400000252404004307B
:10762000003801500020704770477047704770471E
:10763000D0F88C2008B5222A036845D15B6AB0F8DF
:107640006010826D0B401370836D01338365B0F859
:107650005E30013B9BB2A0F85E30B0F85E309BB26A
:1076600073BB026852E8003F23F4907342E8003194
:1076700003680029F5D103F1080252E8001F94467F
:1076800021F001014CE80012002AF4D12021C0F8B9
:107690008C100267C16E4267012912D1C26653E89D
:1076A000002F22F0100243E800210029F7D1DA6907
:1076B000B0F85C10D20644BF10221A62FFF7B7FF81
:1076C00008BDFFF7B2FFFBE79A6942F008029A6132
:1076D000F6E7D0F88C2008B5222A036842D1596A0F
:1076E000B0F860201140826D22F8021B8265B0F86C
:1076F0005E20013A92B2A0F85E20B0F85E2092B20D
:1077000062BB53E8002F22F4907243E80021002965
:10771000F7D103F1080252E8001F944621F001015D
:107720004CE80012002AF4D12021C0F88C10026726
:10773000C16E4267012912D1C26653E8002F22F0C0
:10774000100243E800210029F7D1DA69B0F85C1093
:10775000D20644BF10221A62FFF769FF08BDFFF787
:1077600064FFFBE79A6942F008029A61F6E70000BD
:1077700003682DE9F047DD69D3F800909F68D0F8E1
:107780008C200446222A40F0A980B0F868303BB92A
:10779000B4F85E309BB2002B40F08380BDE8F087E8
:1077A0004FF0000AB0F860804F4E07F00107AB06BB
:1077B000EED52368A26D5B6A03EA08031370A36D1C
:1077C0000133A365B4F85E30013B9BB2A4F85E3090
:1077D0002368DD6969072AD0EA070AD519F4807F92
:1077E00007D001221A62D4F8902042F00102C4F8B6
:1077F0009020A80708D53FB102221A62D4F8902041
:1078000042F00402C4F89020690708D53FB1042271
:107810001A62D4F8903043F00203C4F89030D4F8E0
:10782000903023B12046FFF701FFC4F890A0B4F8D0
:107830005E309BB2002BBAD1226852E8003F23F49D
:10784000807342E8003123680029F5D103F1080272
:1078500052E8001F1046314040E80012002AF5D1DE
:107860002021C4F88C102267E16E6267012914D1CF
:10787000E26653E8002F22F0100243E800210029BD
:10788000F7D1DA692046D20648BF1022B4F85C105E
:1078900048BF1A62FFF7CBFE89E72046FFF7C5FE17
:1078A00085E7B4F868209A427FF678AF226802F143
:1078B000080353E8003F23F08053083242E80031C8
:1078C00022680029F2D1094B636752E8003F43F078
:1078D000200342E800310029F7D15FE79A6942F0BE
:1078E00008029A615AE700BFFEFFFFEF3176010CF4
:1078F00003682DE9F047DD69D3F800909F68D0F860
:107900008C200446222A40F0A780B0F868303BB9AA
:10791000B4F85E309BB2002B40F08180BDE8F08768
:107920004FF0000AB0F860804E4E07F00107AB063A
:10793000EED52368A26D596A08EA010122F8021BFC
:10794000A265B4F85E20013A92B2A4F85E20DD6927
:1079500069072AD0EA070AD519F4807F07D00122E7
:107960001A62D4F8902042F00102C4F89020A807CF
:1079700008D53FB102221A62D4F8902042F00402E6
:10798000C4F89020690708D53FB104221A62D4F8E0
:10799000903043F00203C4F89030D4F8903023B113
:1079A0002046FFF743FEC4F890A0B4F85E309BB2C7
:1079B000002BBCD1226852E8003F23F4807342E8D8
:1079C000003123680029F5D103F1080252E8001FB5
:1079D0001046314040E80012002AF5D12021C4F8B9
:1079E0008C102267E16E6267012914D1E26653E8C8
:1079F000002F22F0100243E800210029F7D1DA69B4
:107A00002046D20648BF1022B4F85C1048BF1A6264
:107A1000FFF70DFE8BE72046FFF707FE87E7B4F878
:107A200068209A427FF67AAF226802F1080353E891
:107A3000003F23F08053083242E8003122680029D9
:107A4000F2D1094B636752E8003F43F0200342E85C
:107A500000310029F7D161E79A6942F008029A6182
:107A60005CE700BFFEFFFFEFD376010CF8B50446DC
:107A70000368C169826800691D6802436069024346
:107A800075480A43284002431A605A68E06822F4A5
:107A9000405202435A60714AA069934205D002F1F4
:107AA000805293421CBF226A10439A6822F06E42B1
:107AB00022F4306202439A60DA6A606A22F00F02AE
:107AC0000243DA62664A93426ED0A2F57442934250
:107AD00000F08F8002F58062934200F08C8002F506
:107AE0008062934200F08980B3F1502F00F08780CC
:107AF00002F5C052934200F0848002F5A0529342F6
:107B000000F0818002F5806293427ED002F58062AF
:107B100093427CD0A2F5C05293427BD002F58062A2
:107B200093427AD002F5C052934279D04D4A9342A3
:107B30001CD002F1704293424FF0000035D1002179
:107B400000F0B2FD70B3616A474A656832F81120EF
:107B500005EB4501B0FBF2F399420AD901204FF041
:107B60000113A3660023C4E91D33F8BD4FF4805010
:107B7000E5E7B3EB053FF1D80023194602F096FC88
:107B80000023064619464FF4807768082A46E6FB2C
:107B9000070102F08BFC354BA0F540729A42DDD80C
:107BA0002368D8600020DAE70120B1F5004F4FF0DC
:107BB000000138D100F078FD0028F3D0616A2A4B2B
:107BC000626833F81130B0FBF3F0530803EB400365
:107BD000B3FBF2F34FF6EF72A3F110019142BDD85F
:107BE00023F00F02216892B2C3F342031343CB6028
:107BF000D8E70220D9E70420D7E70820D5E71020EE
:107C0000D3E72020D1E74020CFE78020CDE74FF415
:107C10008070CAE74FF40070C7E74FF48060C4E794
:107C20004FF40060C1E700F03FFD0028BAD0616A60
:107C30000D4B626833F81130B0FBF3F303EB5203E2
:107C4000B3FBF2F34FF6EF72A3F11001914285D826
:107C50002268D360A6E700BFF369FFCF0024004489
:107C6000003801500024005460BE010CFFFC0F00DE
:107C7000836A10B5DA0706D50168C46A4A6822F437
:107C8000003222434A609C0706D50168046B4A68AB
:107C900022F4803222434A60590706D50168446BBA
:107CA0004A6822F4802222434A601A0706D50168F6
:107CB000846B4A6822F4004222434A60DC0606D5FF
:107CC0000168C46B8A6822F4805222438A60990654
:107CD00006D50168046C8A6822F4005222438A6047
:107CE0005A0610D50168446C4A68B4F5801F22F426
:107CF000801242EA04024A6005D14A68846C22F488
:107D0000C00222434A601B0606D50268C16C536854
:107D100023F400230B43536010BD2DE9F8430546BF
:107D20000F4616469846DDF820902A68D36937EA50
:107D300003030CBF01230023B34201D0002029E03C
:107D4000B9F1FF3FF2D0F8F73DFFA0EB080048453E
:107D50002C6802D8B9F1000F1ED154E8003F23F47B
:107D6000D07344E80032002AF7D104F1080353E845
:107D7000003F23F0010304F1080141E80032002A2A
:107D8000F3D12023C5F88830C5F88C3000230320B8
:107D900085F88430BDE8F88323685A07C5D5E369C0
:107DA0001B05C2D54FF40063236254E8003F23F45F
:107DB000D07344E80032002AF7D104F1080353E8F5
:107DC000003F23F0010304F1080141E80032002ADA
:107DD000F3D12023C5F88830C5F88C30C5F8903031
:107DE000D4E72DE9F7439846D0F888300446202B95
:107DF0000E4617464BD100294BD0002A49D00368C4
:107E000000259A68120642BF9A6822F080029A60A2
:107E10002123C0F89050C0F88830F8F7D3FEA3684B
:107E20008146B3F5805FA4F85470A4F8567003D16E
:107E300023690BB935461E46B4F856204B4692B21C
:107E4000CDF8008042B940212046FFF766FF48B9CF
:107E50002023C4F8883006E0002280212046FFF766
:107E60005CFF18B1032003B0BDE8F08322685EB95F
:107E700035F8023BC3F308039362B4F85620013A85
:107E800092B2A4F85620D7E716F8013BF4E7022097
:107E9000E9E70120E7E773B500260446C0F89060E3
:107EA000F8F790FE236805461B681A0719D4236863
:107EB0001B685B070AD56FF07E43002200934FF4E6
:107EC00080012B462046FFF728FFB0B90020202371
:107ED00084F88400C4F88830C4F88C30E0662067E9
:107EE0000CE06FF07E43324600934FF400110346DE
:107EF0002046FFF712FF0028D9D0032002B070BD42
:107F000010B5044650B3D0F888301BB980F88430DF
:107F1000FFF78AFB24232268C4F8883013682046C0
:107F200023F001031360FFF7A1FD012816D0A36A17
:107F300013B12046FFF79CFE23682046BDE81040A1
:107F40005A6822F490425A609A6822F02A029A6093
:107F50001A6842F001021A60FFF79DBF012010BDB0
:107F6000002330B581658168A0F85C20B1F5805FA1
:107F7000A0F85E20436731D10369002B40F2FF1364
:107F800018BFFF23A0F860300023C0F890302223F0
:107F9000C0F88C30016801F1080353E8003F43F05A
:107FA0000103083141E800340368002CF2D1456E2A
:107FB0008468B5F1005F016935D1B0F86850954229
:107FC00031D8B4F5805F29D1C1B1264A426753E860
:107FD000002F42F4807243E8002121E029B90369AF
:107FE000002B0CBFFF237F23CCE7B1F1805FC9D109
:107FF0000369002B0CBF7F233F23C3E71A4A426764
:1080000003F1080252E8002F42F0805203F1080009
:1080100040E800210029F3D1002030BD114A426719
:108020000029D4D1ECE7B4F5805F16D151B10F4AE5
:10803000426753E8002F42F4907243E80021002980
:10804000F7D1E9E70A4A426753E8002F42F02002DD
:1080500043E800210029F7D1DEE7044A42670029FE
:10806000E7D1F1E77177010CF178010C3176010C61
:10807000D376010C38B5D0F88C30202B21D111B338
:108080000AB30023C36603689C68650642BF9C6808
:1080900024F040049C600D4CA3420ED004F18054A7
:1080A000A3420AD05C68240207D553E8004F44F08D
:1080B000806443E80045002DF7D1FFF751FF002011
:1080C00038BD0220FCE70120FAE700BF002400448D
:1080D000704738B50446002839D0437A03F0FF02D0
:1080E00013B90272FFF7F4FF022322686372136868
:1080F000616823F004031360136823F0804323F0C6
:1081000020030B4343F080431360136823F0804344
:108110001360F8F757FD054623681A68510009D423
:108120001A6842F004021A605B685A0611D50423EB
:1081300063720CE0F8F746FD401B0428ECD9236875
:108140001B685800E8D5012363720223E360012015
:1081500038BDF8F737FD05462368586810F004006D
:1081600003D101236372E060F2E7F8F72BFD401BB7
:108170000428F1D923685B685B07EDD50423E3E7A6
:10818000704770B50446002833D00268136823F0A6
:10819000804323F0200343F080431360136823F0EF
:1081A00080431360F8F70EFD064623681D6815F03E
:1081B00080450FD11A68204622F00C021A605A68D6
:1081C00022F060025A60FFF7DBFF65722846E56027
:1081D00025720FE0F8F7F6FC801B0428E5D9236828
:1081E0001B685B00E1D5012363720223E360002377
:1081F0002372012070BD7047002307B50193036807
:108200005A68510709D45A6822F040025A60C3687C
:1082100023F00803C360002018E01A6842F080428F
:108220001A601A6822F080421A6004220192019AB0
:10823000013A0192019A62B901234372C368027242
:1082400043F00203C360FFF7D6FF012003B05DF8DF
:1082500004FB1A685200EAD45A68510642BF5A68B1
:1082600022F040025A6004220192019A013A0192DE
:10827000019A002AE0D05A685207F6D4C7E7F8B549
:10828000037A0446012B0E4643D00123427A03723F
:108290009A42D5B239D10223437203685B685F0604
:1082A0001BD4F8F78FFC074623685A68D0071CD503
:1082B0009A6859682261490642BF0822E2605A68FA
:1082C0004FF0000544BF22F001025A604FF0010355
:1082D00058BF32606372002315E00823C360FFF7C4
:1082E0008BFF0128DDD12846F8BDF8F76BFCC01BD9
:1082F0000428D9D923685B6813F00103D4D1012283
:1083000062720222E2602372EDE704221D46C2601F
:10831000E1E70225E7E700002DE9F0474A4C054672
:10832000D4F83490D4F82880A36AD4F828A013F4A1
:108330007C5FA66BC3F3052000F0818001F0EEFEA8
:10834000C6F3CC0607460AF01000704301F0E6FEC3
:108350004FF0645101F03AFF0646C9F3080001F0FE
:10836000DDFE0146304601F029FE4FF07E5101F05E
:1083700025FE08F00303022B06465AD0032B5BD0E0
:1083800023683248C3F3C103D84001F0C7FE394621
:1083900001F0D0FF314601F019FF2B4A0446106866
:1083A00010F0007012D0906A10F480300ED0506B34
:1083B000C0F3462001F0B2FE4FF07E5101F0FEFD09
:1083C0000146204601F0B6FF02F050F81E4A286030
:1083D000106810F0007012D0906A10F400300ED0C7
:1083E000506BC0F3064001F099FE4FF07E5101F052
:1083F000E5FD0146204601F09DFF02F037F8124BE3
:1084000068601A6891011CD59A6A520319D5586B95
:10841000C0F3066001F082FE4FF07E5101F0CEFD08
:108420000146204601F086FF02F020F8A860BDE872
:10843000F08739460648ABE739460648A8E7C5E95C
:1084400000000020F2E700BF000C02540090D003AF
:108450000024744A20BCBE4B2DE9F047444C05462D
:10846000D4F83C90D4F82C80E36AD4F82CA013F410
:108470007C5F266CC3F3052077D001F04FFEC6F376
:10848000CC0607460AF01000704301F047FE4FF09B
:10849000645101F09BFE0646C9F3080001F03EFE60
:1084A0000146304601F08AFD4FF07E5101F086FD15
:1084B00008F00303022B064641D0032B42D0236869
:1084C0002C48C3F3C103D84001F028FE394601F01F
:1084D00031FF314601F07AFE254B0446D86A10F48C
:1084E00080300ED0D86BC0F3462001F017FE4FF05D
:1084F0007E5101F063FD0146204601F01BFF01F0B3
:10850000B5FF1B4B2860D86A10F400300ED0D86B32
:10851000C0F3064001F002FE4FF07E5101F04EFD27
:108520000146204601F006FF01F0A0FF104B6860F5
:10853000DA6A520309D40020A860BDE8F087394602
:108540000D48C4E739460D48C1E7D86BC0F3066053
:1085500001F0E4FD4FF07E5101F030FD0146204670
:1085600001F0E8FE01F082FFE6E7C5E90000E2E77E
:10857000000C02540090D0030024744A20BCBE4B6F
:108580002DE9F047444C0546D4F84490D4F83080A7
:10859000236BD4F830A013F47C5FA66CC3F30520E2
:1085A00077D001F0BBFDC6F3CC0607460AF01000F9
:1085B000704301F0B3FD4FF0645101F007FE064631
:1085C000C9F3080001F0AAFD0146304601F0F6FCAF
:1085D0004FF07E5101F0F2FC08F00303022B064637
:1085E00041D0032B42D023682C48C3F3C103D840A9
:1085F00001F094FD394601F09DFE314601F0E6FDA3
:10860000254B0446186B10F480300ED0586CC0F324
:10861000462001F083FD4FF07E5101F0CFFC014672
:10862000204601F087FE01F021FF1B4B2860186BEC
:1086300010F400300ED0586CC0F3064001F06EFD0F
:108640004FF07E5101F0BAFC0146204601F072FE67
:1086500001F00CFF104B68601A6B520309D4002024
:10866000A860BDE8F08739460D48C4E739460D4893
:10867000C1E7586CC0F3066001F050FD4FF07E5129
:1086800001F09CFC0146204601F054FE01F0EEFE94
:10869000E6E7C5E90000E2E7000C02540090D003D1
:1086A0000024744A20BCBE4B7FB500F17E420A43D1
:1086B00003462DD1B94AD2F8F030D2F8F01003F4C5
:1086C0004073890703D5B3F5807F01F0B283D2F8F8
:1086D000F020120103D5B3F5007F01F0AE83AF4A5D
:1086E000106810F4003010D0B3F5407F41F0A9833A
:1086F000D36903F47C53B3F5007FC1F0A583D3693C
:10870000A748C3F30523B0FBF3F007B05DF804FB03
:10871000A0F500120A4300F0AC85A24A904271F124
:10872000000280F0A080A0F580620A4300F0D684A9
:1087300040F20142904271F100024AD2A0F12002BF
:108740000A4300F06E83212871F1000223D2092828
:1087500071F1000218D250EA010201F07883431E41
:1087600041F1FF31082B71F1000181F07383072B78
:1087700001F27083DFE813F009024D026E0B9302E1
:108780006E0B6E0B6E0BD102A0F110030B4300F0C9
:1087900006830020B9E7A0F580720A4300F0128436
:1087A00040F20112904271F100020BD2A0F140029E
:1087B0000A4300F07883A0F180030B4300F0BC83F0
:1087C0000020A2E7A0F500730B4300F041840020D5
:1087D0009BE7A0F580320A4300F02B86B0F1011F21
:1087E00071F1000222D2A0F500520A4300F079850F
:1087F00042F20102904271F100020BD2A0F5006238
:108800000A4300F0AC84A0F580530B4300F0EE84E3
:1088100000207AE7A0F580420A4300F08C85A0F59D
:1088200000430B4300F0B18500206EE7A0F5002265
:108830000A4300F0F6805C4A904271F100020BD2CC
:10884000A0F500320A4300F03C86A0F580230B43DC
:1088500000F09786002058E7A0F580130B4300F046
:108860002981002051E700220420814208BF934261
:1088700001F06E809A4288415DD303F16040084365
:1088800001F027814948834271F1000021D203F1B0
:108890007C420A4301F08882454A934271F100020A
:1088A0000BD2A3F580020A4300F04D81A3F500032B
:1088B0000B4300F05981002027E703F178420A4377
:1088C00001F0688003F170430B4301F0AE8000209B
:1088D0001BE70120814208BF934201F0BC819A420C
:1088E000884121D303F140420A4301F03F81002037
:1088F000814208BFB3F1004F7FF407AF274AD2F897
:10890000E03013F4E04300F077841168090141F18D
:108910007281B3F5805F41F06E8100236846019358
:10892000FFF79AFD0198F0E6022908BF934201F093
:10893000D7810020E9E68020814208BF934200F001
:1089400047879A42884135D32020814208BF93420D
:1089500000F077869A42884119D3082908BF9342CC
:1089600001F002820020102908BF83427FF4CDAEBF
:108970000A4AD2F8E43003F03003102B41F0418270
:10898000002303A80493FFF7C7FC0498BDE6402921
:1089900008BF934200F0B5860020B6E6000C0254F2
:1089A00040787D0101002000010008000100002046
:1089B000010000044FF48060814208BF934200F040
:1089C0000E859A42884124D3B1F5807F08BF934237
:1089D00000F05E870020B1F5007F08BF83427FF47E
:1089E00094AE9C4AD2F8E830D2F8F01003F00803B5
:1089F000890702D5002B01F06682D2F8F00010F052
:108A000000603FF482AE002B14BF4FF4FA40002008
:108A10007BE6B1F5805F08BF934200F0328500200D
:108A200073E68C4AD2F8E83003F4E023B3F5003F54
:108A300018D007D87BB9002303A80493FFF76CFC78
:108A4000049862E6B3F5403F01F00782B3F5802F4A
:108A50000FD0002059E6002368460093FFF7FCFC86
:108A6000009852E6002303A80393FFF789FD0398BB
:108A70004BE6D2F8E830116803F04043880706D58A
:108A80002BB913687448C3F3C103D8403DE6714A5B
:108A90001168890503D5B3F1804F01F0E1811068B9
:108AA00010F400303FF431AEB3F1004F6B4818BF03
:108AB00000202AE6674AD2F8E83003F46013B3F5E1
:108AC000801F18D007D87BB9002303A80493FFF7B1
:108AD00023FC049819E6B3F5C01F01F0C481B3F577
:108AE000001F0FD0002010E6002368460093FFF718
:108AF000B3FC009809E6002303A80393FFF740FDA9
:108B0000039802E6D2F8E830116803F04043880782
:108B100006D52BB913685048C3F3C103D840F4E518
:108B20004C4A1168890503D5B3F1804F01F09E814D
:108B3000106810F400303FF4E8ADB3F1004F47483F
:108B400018BF0020E1E5434BD3F8E4305B0606D4C0
:108B5000002303A80493FFF7DFFB0498D5E56846DC
:108B6000FFF77AFC0298D0E53A4BD3F8E4301806C8
:108B700006D4002303A80493FFF7CEFB0498C4E5B2
:108B80006846FFF769FC0298BFE5324AD2F8D83050
:108B900013F0070304D107B05DF804EBFDF790BBB9
:108BA0001168090108D5012B06D1002368460193FD
:108BB000FFF752FC0198A8E51268900008D5022B37
:108BC00006D1002303A80493FFF7DAFC04989CE580
:108BD000204A1168890707D5032B05D113681E4861
:108BE000C3F3C103D84090E51268920502D5042B67
:108BF00001F03F81174AD2F8F00010F002003FF474
:108C000084ADA3F1050CDCF1000343EB0C03D803A6
:108C10007BE5104AD2F8D83013F0380304D107B0FE
:108C20005DF804EBFDF73ABB1268100108D5082B7C
:108C300006D1002368460193FFF70EFC019864E516
:108C4000102B0DD1002303A80493FFF799FC04987F
:108C50005BE500BF000C02540090D00340787D011A
:108C60009B4A1168890707D5182B05D113689948C5
:108C7000C3F3C103D84048E51268920502D5202B02
:108C800001F0FA80924AD2F8F00010F002003FF4AE
:108C90003CADA3F1280043424341D80335E58C4A5B
:108CA000D2F8D83013F4E073B9D01168090108D5AF
:108CB000402B06D1002368460193FFF7CDFB0198B6
:108CC00023E51268900008D5802B06D1002303A865
:108CD0000493FFF755FC049817E57D4A116889074E
:108CE00007D5C02B05D113687A48C3F3C103D84018
:108CF0000BE51268920503D5B3F5807F01F0BF80C4
:108D0000734AD2F8F00010F002003FF4FEACA3F575
:108D1000A07043424341D803F7E46D4AD2F8D830FB
:108D200013F460633FF47BAF1168090109D5B3F513
:108D3000007F06D1002368460193FFF78DFB019861
:108D4000E3E41268900009D5B3F5806F06D10023E3
:108D500003A80493FFF714FC0498D6E45C4A116856
:108D6000890708D5B3F5C06F05D113685948C3F317
:108D7000C103D840C9E41268920503D5B3F5006F6A
:108D800001F08080524AD2F8F00010F002003FF467
:108D9000BCACA3F5206043424341D803B5E44C4A40
:108DA000D2F8D83013F4E0433FF439AF1168090129
:108DB00009D5B3F5805F06D1002368460193FFF71C
:108DC0004BFB0198A1E41268900009D5B3F5005F50
:108DD00006D1002303A80493FFF7D2FB049894E480
:108DE0003B4A1168890708D5B3F5405F05D1136880
:108DF0003848C3F3C103D84087E41268920503D50D
:108E0000B3F5804F01F04180314AD2F8F00010F004
:108E100002003FF47AACA3F5A04043424341D8039B
:108E200073E42B4AD2F8D83013F460333FF4F7AE32
:108E30001168090109D5B3F5004F06D10023684632
:108E40000193FFF709FB01985FE41268900009D5D0
:108E5000B3F5803F06D1002303A80493FFF790FBEE
:108E6000049852E41A4A1168890708D5B3F5C03F3F
:108E700005D113681748C3F3C103D84045E412680D
:108E8000920503D5B3F5003F01F00280104AD2F8F5
:108E9000F00010F002003FF438ACA3F5203043425C
:108EA0004341D80331E40A4AD2F8D83013F4E0132E
:108EB0003FF4B5AE116809010ED5B3F5802F0BD183
:108EC000002368460193FFF7C7FA01981DE400BF2D
:108ED000000C02540090D0031268900009D5B3F53D
:108EE000002F06D1002303A80493FFF749FB049841
:108EF0000BE4A54A1168890709D5B3F5402F06D1BF
:108F00001368A248C3F3C103D840FFF7FEBB126841
:108F1000920503D5B3F5801F00F0BD879A4AD2F8B9
:108F2000F00010F002003FF4F0ABA3F5A0104342B4
:108F30004341D803FFF7E9BB934AD2F8D83013F482
:108F400060033FF46CAE116809010AD5B3F5001F48
:108F500007D1002368460193FFF77EFA0198FFF7D7
:108F6000D4BB126890000AD5B3F5800F07D1002357
:108F700003A80493FFF704FB0498FFF7C6BB824ADB
:108F80001168890709D5B3F5C00F06D113687F486A
:108F9000C3F3C103D840FFF7B8BB1268920503D5ED
:108FA000B3F5000F00F07A87774AD2F8F00010F09E
:108FB00002003FF4AAABA3F5200043424341D8038B
:108FC000FFF7A3BB704AD2F8D83013F0E0633FF448
:108FD00026AE116809010AD5B3F1807F07D10023BD
:108FE00068460193FFF738FA0198FFF78EBB1268C5
:108FF00090000AD5B3F1007F07D1002303A80493A2
:10900000FFF7BEFA0498FFF780BB5F4A1168890733
:1090100009D5B3F1407F06D113685C48C3F3C1039F
:10902000D840FFF772BB1268920503D5B3F1806F89
:1090300000F03787544AD2F8F00010F002003FF4F5
:1090400064AB03F17B4043424341D803FFF75DBB70
:109050004D4AD2F8D83013F060533FF4E0AD1168B8
:1090600009010AD5B3F1006F07D1002368460193C7
:10907000FFF7F2F90198FFF748BB126890000AD594
:10908000B3F1805F07D1002303A80493FFF778FAB8
:109090000498FFF73ABB3C4A1168890709D5B3F138
:1090A000C05F06D113683948C3F3C103D840FFF746
:1090B0002CBB1268920503D5B3F1005F00F0F48673
:1090C000314AD2F8F00010F002003FF41EAB03F179
:1090D000584043424341D803FFF717BB2A4AD2F80E
:1090E000DC3013F007033FF49AAD1168090109D58C
:1090F000012B07D1002368460193FFF7ADF90198D2
:10910000FFF703BB1268900009D5022B07D100239B
:1091100003A80493FFF734FA0498FFF7F6BA1A4A43
:109120001168890708D5032B06D113681748C3F3C4
:10913000C103D840FFF7E9BA1268920502D5042BA3
:1091400000F0B586104AD2F8F00010F002003FF4AB
:10915000DCAA581F43424341D803FFF7D6BA0A4A54
:10916000D2F8DC3013F070033FF459AD11680901F7
:109170000ED5102B0CD1002368460193FFF76CF934
:109180000198FFF7C2BA00BF000C02540090D00350
:109190001268900009D5202B07D1002303A804935F
:1091A000FFF7EEF90498FFF7B0BAAA4A11688907E9
:1091B00008D5302B06D11368A748C3F3C103D840A4
:1091C000FFF7A3BA1268920502D5402B00F0728611
:1091D000A04AD2F8F00010F002003FF496AAA3F1E2
:1091E000500043424341D803FFF78FBA994AD2F85F
:1091F000E03013F0E06304D107B05DF804EBFDF755
:1092000071B8B3F1807F07D1002368460193FFF75F
:1092100023F90198FFF779BAB3F1007F07D1002352
:1092200003A80493FFF7ACF90498FFF76EBA11682E
:10923000890709D5B3F1407F06D113688648C3F387
:10924000C103D840FFF761BA824A1168880503D587
:10925000B3F1806F00F03186D2F8F00010F0020018
:109260003FF453AA03F17B414B424B41D803FFF734
:109270004CBA784AD2F8E83013F0070304D107B0AB
:109280005DF804EBFCF7F4BF012B04D107B05DF8E7
:1092900004EBFCF737BF022B05D16846FFF7DCF87B
:1092A0000298FFF732BA1268920302D5032B00F03E
:1092B0000786684A1168880708D5042B06D1136809
:1092C0006548C3F3C103D840FFF71FBA106810F414
:1092D00000703FF41AAA052B604818BF0020FFF762
:1092E00014BA5C4AD2F8E43013F440333FF497AC3C
:1092F000B3F5803F05D103A8FFF742F90598FFF7C2
:1093000004BA1168880709D5B3F5003F06D1136880
:109310005148C3F3C103D840FFF7F7B94D4A10686D
:1093200010F400703FF4F1A9B3F5403F4B4818BF6B
:109330000020FFF7EAB9474AD2F8E43013F440239B
:109340003FF46DACB3F5802F05D103A8FFF718F9F2
:109350000598FFF7DAB91168890709D5B3F5002F29
:1093600006D113683C48C3F3C103D840FFF7CDB919
:10937000384A106810F400703FF4C7A9B3F5402FC5
:10938000364818BF0020FFF7C0B9324AD2F8E4309F
:1093900013F440133FF430AFB3F5801F05D103A899
:1093A000FFF7EEF80598FFF7B0B91168880709D5FF
:1093B000B3F5001F06D113682748C3F3C103D84093
:1093C000FFF7A3B9234A106810F400703FF49DA979
:1093D000B3F5401F214818BF0020FFF796B91D4A7A
:1093E000D2F8E43013F440033FF406AFB3F5800F36
:1093F00005D103A8FFF7C4F80598FFF786B91168EF
:10940000890709D5B3F5000F06D113681248C3F3D5
:10941000C103D840FFF779B90E4A106810F4007004
:109420003FF473A9B3F5400F0C4818BF0020FFF7B5
:109430006CB9084AD2F8E43013F040733FF4EFAB54
:10944000B3F1807F0CD103A8FFF79AF80598FFF7D6
:109450005CB900BF000C02540090D00300093D002D
:10946000106810F002003FF450A9B3F1007F40F003
:109470002E85B34BB3481B68C3F3C103D840FFF735
:1094800044B9AF4AD2F8E43013F040633FF4B4AECD
:10949000B3F1806F05D16846FEF7DEFF0298FFF753
:1094A00034B9106810F002003FF42FA9B3F1006F37
:1094B00040F010851368A348C3F3C103D840FFF7F9
:1094C00024B99F4AD2F8DC3003F4E063B3F5407F5F
:1094D00023D00BD8B3F5807F11D0B3F5007F16D021
:1094E000002B3FF489AE0020FFF70FB9B3F5806F72
:1094F0001AD0B3F5A06F21D00020FFF706B90023E2
:1095000068460093FEF7A8FF0098FFF7FEB803A88F
:10951000FFF736F80598FFF7F8B8D2F8F000C0F377
:109520004000C003FFF7F1B8D2F8F03013F0006F3D
:1095300014BF4FF4FA400020FFF7E7B8D2F8E83044
:10954000116803F04043880707D533B913687D4895
:10955000C3F3C103D840FFF7D8B8794A1168890529
:1095600003D5B3F1804F00F0B884106810F40030D8
:109570003FF4CBA8B3F1004F734818BF0020FFF7AA
:10958000C4B86F4AD2F8DC3003F4E043B3F5405F6F
:1095900023D00BD8B3F5805F11D0B3F5005F16D0A0
:1095A000002B3FF43CAB0020FFF7AFB8B3F5804F82
:1095B0001AD0B3F5A04F21D00020FFF7A6B80023A2
:1095C00068460093FEF748FF0098FFF79EB803A88F
:1095D000FEF7D6FF0598FFF798B8D2F8F000C0F371
:1095E0004000C003FFF791B8D2F8F03013F0006FDD
:1095F00014BF4FF4FA400020FFF787B8D2F8E830E4
:10960000116803F04043880707D533B913684D4804
:10961000C3F3C103D840FFF778B8494A11688905F8
:1096200003D5B3F1804F00F05B84106810F4003074
:109630003FF46BA8B3F1004F434818BF0020FFF779
:1096400064B83F4AD2F8DC3003F4E023B3F5403F7E
:1096500023D00BD8B3F5803F11D0B3F5003F16D01F
:10966000002B3FF4C9AD0020FFF74FB8B3F5802FB2
:109670001AD0B3F5A02F21D00020FFF746B8002361
:1096800068460093FEF7E8FE0098FFF73EB803A88F
:10969000FEF776FF0598FFF738B8D2F8F000C0F370
:1096A0004000C003FFF731B8D2F8F03013F0006F7C
:1096B00014BF4FF4FA400020FFF727B8D2F8E83083
:1096C000116803F04043880707D533B913681D4874
:1096D000C3F3C103D840FFF718B8194A11688905C8
:1096E00003D5B3F1804F00F0FE83106810F4003012
:1096F0003FF40BA8B3F1004F134818BF0020FFF749
:1097000004B80F4AD2F8DC3003F4E003B3F5401F8D
:109710002AD00BD8B3F5801F18D0B3F5001F1DD089
:10972000002B3FF469AD0020FEF7EFBFB3F5800FCB
:1097300021D0B3F5A00F28D00020FEF7E6BF00BF70
:10974000000C02540090D00340787D01002368464D
:109750000093FEF781FE0098FEF7D7BF03A8FEF73F
:109760000FFF0598FEF7D1BFD2F8F000C0F340001C
:10977000C003FEF7CABFD2F8F03013F0006F14BF79
:109780004FF4FA400020FEF7C0BFD2F8E83011686D
:1097900003F04043880707D533B91368AB48C3F3D8
:1097A000C103D840FEF7B1BFA94A1168890503D5A6
:1097B000B3F1804F00F09A83106810F400303EF44B
:1097C000A4AFB3F1004FA34818BF0020FEF79DBF20
:1097D0009F4AD2F8DC3003F0E063B3F1407F23D03E
:1097E0000BD8B3F1807F11D0B3F1007F16D0002BDE
:1097F0003FF402AD0020FEF788BFB3F1806F1AD0AE
:10980000B3F1A06F21D00020FEF77FBF0023684690
:109810000093FEF721FE0098FEF777BF03A8FEF73E
:10982000AFFE0598FEF771BFD2F8F000C0F340001C
:10983000C003FEF76ABFD2F8F03013F0006F14BF18
:109840004FF4FA400020FEF760BFD2F8E83011680C
:1098500003F04043880707D533B913687B48C3F347
:10986000C103D840FEF751BF794A1168890503D575
:10987000B3F1804F00F03D83106810F400303EF4E7
:1098800044AFB3F1004F734818BF0020FEF73DBF4F
:109890006F4AD2F8DC3003F0E043B3F1405F23D0ED
:1098A0000BD8B3F1805F11D0B3F1005F16D0002B5D
:1098B0003FF4A2AC0020FEF728BFB3F1804F1AD0CE
:1098C000B3F1A04F21D00020FEF71FBF0023684650
:1098D0000093FEF7C1FD0098FEF717BF03A8FEF73F
:1098E0004FFE0598FEF711BFD2F8F000C0F340001C
:1098F000C003FEF70ABFD2F8F03013F0006F14BFB8
:109900004FF4FA400020FEF700BFD2F8E8301168AB
:1099100003F04043880707D533B913684B48C3F3B6
:10992000C103D840FEF7F1BE494A1168890503D545
:10993000B3F1804F00F0E082106810F400303EF484
:10994000E4AEB3F1004F434818BF0020FEF7DDBE80
:109950003F4AD2F8E830126803F44073900302D50E
:10996000002B00F0CC82B3F5807F07D1002303A841
:109970000493FEF7D1FC0498FEF7C7BEB3F5007F51
:1099800040F0C082002368460193FEF765FD019810
:10999000FEF7BBBE2E4AD2F8E03003F00703042BDB
:1099A00000F2B382DFE803F0060E16031E002A4819
:1099B000FEF7ABBE002303A80493FEF7ADFC0498AA
:1099C000FEF7A3BE002368460093FEF745FD00980E
:1099D000FEF79BBE002303A80393FEF7D1FD039877
:1099E000FEF793BED2F8E830116803F040438907D0
:1099F00007D533B913681548C3F3C103D840FEF740
:109A000084BE134A1168880503D5B3F1804F00F076
:109A10007F82106810F400303EF477AEB3F1004F4F
:109A20000C4818BF0020FEF770BE094AD2F8E0309B
:109A300003F03803102B21D010D8BBB9002303A8A2
:109A40000493FEF769FC0498FEF75FBE0090D00314
:109A5000000C025440787D010080BB00182B00F000
:109A60005A82202B12D00020FEF74FBE00236846FA
:109A70000093FEF7F1FC0098FEF747BE002303A811
:109A80000393FEF77DFD0398FEF73FBED2F8E83062
:109A9000116803F04043890707D533B91368A54817
:109AA000C3F3C103D840FEF730BEA34A116888054E
:109AB00003D5B3F1804F00F03182106810F400300C
:109AC0003EF423AEB3F1004F9C4818BF0020FEF7D0
:109AD0001CBE994AD2F8E03003F4E073802B1AD010
:109AE00008D883B9002303A80493FEF715FC049853
:109AF000FEF70BBEC02B00F01482B3F5807F12D0AE
:109B00000020FEF702BE002368460093FEF7A4FC87
:109B10000098FEF7FABD002303A80393FEF730FD7B
:109B20000398FEF7F2BDD2F8E830116803F0404325
:109B3000890707D533B913687E48C3F3C103D840FA
:109B4000FEF7E3BD7C4A1168880503D5B3F1804F69
:109B500000F0EA81106810F400303EF4D6ADB3F1A5
:109B6000004F764818BF0020FEF7CFBD724AD2F8EA
:109B7000E03013F460633FF40EA8116809010AD5C0
:109B8000B3F5007F07D1002368460193FEF764FC1C
:109B90000198FEF7BABD126890000AD5B3F5806F40
:109BA00007D1002303A80493FEF7EAFC0498FEF70C
:109BB000ACBD614A1168890709D5B3F5C06F06D1FC
:109BC00013685C48C3F3C103D840FEF79EBD12681A
:109BD000900503D5B3F5006F00F0A981564A1068CF
:109BE00010F400303EF491ADB3F5206F534818BF28
:109BF0000020FEF78ABD126890000AD5B3F5005F19
:109C000007D1002303A80493FEF7BAFC0498FEF7DB
:109C10007CBD494A1168890709D5B3F5405F06D173
:109C200013684448C3F3C103D840FEF76EBD126801
:109C3000900503D5B3F5804F00F07C813E4A106853
:109C400010F400303EF461ADB3F5A04F3B4818BFAF
:109C50000020FEF75ABD384AD2F8E03013F46033E2
:109C60003EF499AF116809010AD5B3F5004F07D149
:109C7000002368460193FEF7EFFB0198FEF745BD10
:109C8000126890000AD5B3F5803F07D1002303A8DE
:109C90000493FEF775FC0498FEF737BD264A116859
:109CA000890709D5B3F5C03F06D113682148C3F32E
:109CB000C103D840FEF729BD1268900503D5B3F55E
:109CC000003F00F03A811C4A106810F400303EF466
:109CD0001CADB3F5203F194818BF0020FEF715BD95
:109CE000154AD2F8E43003F00303022B0CD0032B07
:109CF00010D0012B7FF4C3AA002303A80493FEF71E
:109D00000BFB0498FEF701BD6846FEF7A5FB029821
:109D1000FEF7FBBCD2F8E830116803F04043890736
:109D20000ED56BB913680348C3F3C103D840FEF7DF
:109D3000ECBC00BF0090D003000C025440787D01C1
:109D4000884A1168880503D5B3F1804F00F0F88088
:109D5000106810F400303EF4D8ACB3F1004F8248E4
:109D600018BF0020FEF7D1BC7E4AD2F8E830D2F806
:109D7000F01003F0C003890702D5002B00F0E38048
:109D8000D2F8F020100102D5402B00F0E080754A97
:109D9000106810F400703EF4B8AC802B48F212004A
:109DA00018BF0020FEF7B1BC6E4AD2F8E830116847
:109DB00003F03003890402D5002B00F0CC80126838
:109DC000920109D5102B07D1002303A80493FEF7B5
:109DD000A3FA0498FEF799BC624AD2F8F0108807FB
:109DE00002D5202B00F0BA80D2F8F00010F000600D
:109DF0003EF48BAC302B0CBF4FF4FA400020FEF742
:109E000084BC1168890009D5202B07D1002303A841
:109E10000493FEF7B5FB0498FEF777BC106810F4C6
:109E200000503EF472AC302B504818BF0020FEF7B3
:109E30006CBC4FF40040FEF768BC4FF4FA40FEF7EC
:109E400064BC0020FEF761BC0020FEF75EBC002071
:109E5000FEF75BBC0020FEF758BC4548FEF755BC3A
:109E60004448FEF752BC4248FEF74FBC4148FEF75B
:109E70004CBC4048FEF749BC3E48FEF746BC3D4856
:109E8000FEF743BC3B48FEF740BC3A48FEF73DBCFA
:109E90003848FEF73ABC3748FEF737BC3548FEF77E
:109EA00034BC3448FEF731BC3248FEF72EBC314892
:109EB000FEF72BBC2F48FEF728BC2E48FEF725BC2A
:109EC0002948FEF722BC4FF40040FEF71EBC0020DC
:109ED000FEF71BBC0020FEF718BC2648FEF715BC99
:109EE0002448FEF712BC2348FEF70FBC2148FEF7BA
:109EF0000CBC2048FEF709BC1E48FEF706BC1A48F9
:109F0000FEF703BC0020FEF700BC0020FEF7FDBBFF
:109F10001848FEF7FABB1648FEF7F7BB1548FEF7E0
:109F2000F4BB1348FEF7F1BB1248FEF7EEBB114835
:109F3000FEF7EBBB0F48FEF7E8BB0E48FEF7E5BBAC
:109F40000C48FEF7E2BB4FF40040FEF7DEBB4FF4D7
:109F5000FA40FEF7DABB0548FEF7D7BB4FF40040E6
:109F6000FEF7D3BB000C025440787D01006CDC028C
:109F70000080BB0000093D002DE9E04F2746A046C8
:109F8000A146A246A346A446A2B02DEC000A84F343
:109F9000008825462646A447EFF3148515F0080FE0
:109FA00018BFB0EE400A3DEC000A22B0BDE8E08FD9
:109FB00080F0004002E000BF81F0004142001FBF7E
:109FC0005FEA410392EA030F7FEA226C7FEA236C87
:109FD0006AD04FEA1262D2EB1363C1BFD21841407C
:109FE00048404140B8BF5B42192B88BF704710F012
:109FF000004F40F4000020F07F4018BF404211F0B5
:10A00000004F41F4000121F07F4118BF494292EA1C
:10A01000030F3FD0A2F1010241FA03FC10EB0C0048
:10A02000C3F1200301FA03F100F0004302D54942D5
:10A0300060EB4000B0F5000F13D3B0F1807F06D382
:10A0400040084FEA310102F10102FE2A51D2B1F17A
:10A05000004F40EBC25008BF20F0010040EA03006F
:10A060007047490040EB0000013A28BFB0F5000FEF
:10A07000EDD2B0FA80FCACF1080CB2EB0C0200FAA5
:10A080000CF0AABF00EBC25052421843BCBFD040F4
:10A090001843704792F0000F81F4000106BF80F46E
:10A0A00000000132013BB5E74FEA41037FEA226C31
:10A0B00018BF7FEA236C21D092EA030F04D092F0FC
:10A0C000000F08BF0846704790EA010F1CBF002030
:10A0D000704712F07F4F04D1400028BF40F000408D
:10A0E000704712F100723CBF00F50000704700F0AD
:10A0F000004343F0FE4040F4000070477FEA2262D4
:10A1000016BF08467FEA23630146420206BF5FEAA4
:10A11000412390EA010F40F4800070474FF00003A4
:10A1200004E000BF10F0004348BF40425FEA000C6B
:10A1300008BF704743F0964301464FF000001CE013
:10A1400050EA010208BF70474FF000030AE000BF69
:10A1500050EA010208BF704711F0004302D54042A7
:10A1600061EB41015FEA010C02BF84460146002019
:10A1700043F0B64308BFA3F18053A3F50003BCFA34
:10A180008CF2083AA3EBC25310DB01FA02FC6344E1
:10A1900000FA02FCC2F12002BCF1004F20FA02F2E8
:10A1A00043EB020008BF20F00100704702F12002DB
:10A1B00001FA02FCC2F1200250EA4C0021FA02F23C
:10A1C00043EB020008BF20EADC7070474FF0FF0C41
:10A1D0001CEAD0521EBF1CEAD15392EA0C0F93EA3C
:10A1E0000C0F6FD01A4480EA010C400218BF5FEADE
:10A1F00041211ED04FF0006343EA501043EA511151
:10A20000A0FB01310CF00040B1F5000F3EBF49004A
:10A2100041EAD3715B0040EA010062F17F02FD2A4E
:10A220001DD8B3F1004F40EBC25008BF20F0010031
:10A23000704790F0000F0CF0004C08BF49024CEA48
:10A24000502040EA51207F3AC2BFD2F1FF0340EADA
:10A25000C250704740F400004FF00003013A5DDC4B
:10A2600012F1190FDCBF00F000407047C2F100028C
:10A27000410021FA02F1C2F1200200FA02FC5FEA79
:10A28000310040F1000053EA4C0308BF20EADC70C3
:10A29000704792F0000F00F0004C02BF400010F435
:10A2A000000F013AF9D040EA0C0093F0000F01F0E2
:10A2B000004C02BF490011F4000F013BF9D041EA04
:10A2C0000C018FE70CEAD15392EA0C0F18BF93EA06
:10A2D0000C0F0AD030F0004C18BF31F0004CD8D130
:10A2E00080EA010000F00040704790F0000F17BFB7
:10A2F00090F0004F084691F0000F91F0004F14D0FD
:10A3000092EA0C0F01D142020FD193EA0C0F03D154
:10A310004B0218BF084608D180EA010000F0004057
:10A3200040F0FE4040F40000704740F0FE4040F432
:10A33000400070474FF0FF0C1CEAD0521EBF1CEAD1
:10A34000D15392EA0C0F93EA0C0F69D0A2EB0302EF
:10A3500080EA010C49024FEA402037D04FF0805389
:10A3600043EA111143EA10130CF000408B4238BF4E
:10A370005B0042F17D024FF4000C8B4224BF5B1A5C
:10A3800040EA0C00B3EB510F24BFA3EB510340EAAA
:10A390005C00B3EB910F24BFA3EB910340EA9C0058
:10A3A000B3EBD10F24BFA3EBD10340EADC001B01C8
:10A3B00018BF5FEA1C1CE0D1FD2A3FF650AF8B426C
:10A3C00040EBC25008BF20F0010070470CF0004C79
:10A3D0004CEA50207F32C2BFD2F1FF0340EAC250A4
:10A3E000704740F400004FF00003013A37E792F065
:10A3F000000F00F0004C02BF400010F4000F013AC3
:10A40000F9D040EA0C0093F0000F01F0004C02BFBD
:10A41000490011F4000F013BF9D041EA0C0195E726
:10A420000CEAD15392EA0C0F08D142027FF47DAFBF
:10A4300093EA0C0F7FF470AF084676E793EA0C0FAF
:10A4400004D14B023FF44CAF08466EE730F0004CAD
:10A4500018BF31F0004CCAD130F000427FF45CAF3D
:10A4600031F000437FF43CAF5FE700BF42000ED203
:10A47000B2F1FE4F0BD34FF09E03B3EB126209D43F
:10A480004FEA002343F0004323FA02F070474FF0F5
:10A490000000704712F1610F01D1420202D14FF06A
:10A4A000FF3070474FF00000704700BF53B94AB902
:10A4B000002908BF00281CBF4FF0FF314FF0FF30CC
:10A4C00000F0B2B9ADF1080C6DE904CE00F006F869
:10A4D000DDF804E0DDE9022304B070472DE9F04F18
:10A4E0008C46099E04460F46002B48D18A421546E9
:10A4F0005ED9B2FA82F33BB1C3F120029F409D4086
:10A500009C4020FA02F217434FEA154E1FFA85FCD1
:10A51000220CB7FBFEF10EFB117701FB0CF042EAB7
:10A520000742904207D9AA1801F1FF3702D29042A0
:10A5300000F258813946121AA4B2B2FBFEF00EFBAB
:10A54000102200FB0CFC44EA0244A4450BD92C1950
:10A5500000F1FF322CBF01270027A44502D9002FAC
:10A5600000F04381104640EA0140A4EB0C040021B6
:10A570001EB1DC400023C6E90043BDE8F08F8B42EA
:10A5800006D90EB1C6E9000100210846BDE8F08FEA
:10A59000B3FA83F1002951D16345C0F0168182429C
:10A5A00040F213810846002EE7D0C6E90047E4E7F1
:10A5B000002A00F0AF80B2FA82F3002B40F0C28094
:10A5C0008A1A4FEA154EAFB20121200CB2FBFEFCF5
:10A5D0000EFB1C2240EA024207FB0CF090420ED90F
:10A5E000AA180CF1FF382CBF4FF001094FF00009F9
:10A5F000904203D9B9F1000F00F0F080C446121A5E
:10A60000A4B2B2FBFEF00EFB102200FB07F744EAF7
:10A610000244A7420ED92C1900F1FF322CBF4FF093
:10A62000010E4FF0000EA74203D9BEF1000F00F05B
:10A63000D2801046E41B40EA0C4099E7C1F12005A6
:10A640008B400CFA01F400FA01F922FA05F72CFA12
:10A6500005FC8A401F4320FA05F3380C23431FFAF8
:10A6600087FE1C0CBCFBF0F800FB18CC44EA0C4441
:10A6700008FB0EFCA4450ED93C1908F1FF3A2CBF8B
:10A680004FF0010B4FF0000BA44503D9BBF1000FB5
:10A6900000F0B880D046A4EB0C041FFA83FCB4FB96
:10A6A000F0F300FB134403FB0EFE4CEA0444A64502
:10A6B0000ED93C1903F1FF302CBF4FF0010C4FF0C5
:10A6C000000CA64503D9BCF1000F00F09F800346A3
:10A6D00043EA0840A4EB0E04A0FB02EC6445734679
:10A6E000E04602D307D1F14505D2BEEB02036CEB85
:10A6F000070C0138E0465EB1B9EB030264EB0804D5
:10A7000004FA05F522FA01F3CC401D43C6E90054D2
:10A71000002132E742082F464B08AC4642EAC1729C
:10A72000AE46C407110C92B241EA034142EA01422B
:10A73000B1FBF5F1B3FBF5F01F23A2EB0C0241EAEC
:10A74000004142E79D40C3F1200299409C402CFA11
:10A7500002FC4FEA154E20FA02F2AFB2BCFBFEF843
:10A760000A430EFB18CC110C41EA0C4108FB07FC14
:10A770008C4550D9691808F1FF302CBF4FF0010902
:10A780004FF000098C4502D9B9F1000F30D0A1EB90
:10A790000C01B1FBFEF808FB07FC0EFB181192B28E
:10A7A00042EA0142624534D2AA1808F1FF312CBFB7
:10A7B0004FF001094FF000096245BED2B9F1000F18
:10A7C000BBD1A8F102012A44B7E7841A6CEB03025B
:10A7D00001201746E7E62C4402382BE7ACF1020CC7
:10A7E0002A440CE702392A44A5E62C440238BAE68A
:10A7F000A5EB0C0CA8F102006144B1FBFEF808FBCC
:10A8000007FCCAE7A8F102083C4444E7023B3C4489
:10A810005EE7414691E7A1EB0C014046B1FBFEF833
:10A8200008FB07FCB9E700BF704700BFDCBF010CA5
:10A8300000000430370000000000000000000000AD
:10A8400000000000DC000430FE0F000000000000EB
:10A8500000000000287265616420415245415F326A
:10A860002028532D7365636F6E6461727929206FA0
:10A8700066663D30782578206C656E3D30782578A9
:10A88000206162735F733D30782578206162735F69
:10A890006E733D307825780A0028666C61736820F5
:10A8A000726561642062616E6B322066615F69640B
:10A8B0003D25642066615F6F66663D3078257820AF
:10A8C0006F66663D30782578206C656E3D30782562
:10A8D000780A005468697320646576696365206945
:10A8E00073201B5B313B316D4E4F54205345435514
:10A8F0005245005468697320646576696365207702
:10A9000061732070726F766973696F6E656420770A
:10A910006974682064756D6D79206B6579732E207C
:10A92000001B5B313B33316D001E2573257325738E
:10A9300025730A001B5B306D0028426567696E6EE7
:10A94000696E6720424C322070726F766973696F4E
:10A950006E696E670A0054464D5F44554D4D595F10
:10A9600050524F564953494F4E494E472069732024
:10A970006E6F74207375697461626C6520666F72A6
:10A980002070726F64756374696F6E2120000A25F0
:10A99000730A000A506C6174666F726D20696E698B
:10A9A00074206661696C65640A002853746172746E
:10A9B000696E6720626F6F746C6F6164657220539B
:10A9C0002D7365633D307825780A000A4F54502076
:10A9D00073797374656D20696E697469616C697AE5
:10A9E0006174696F6E206661696C65640A000A5063
:10A9F000726F766973696F6E696E672072657175C3
:10AA00006972656420636865636B206661696C6563
:10AA1000640A000A50726F766973696F6E696E67B7
:10AA2000206661696C65640A000A4572726F722063
:10AA30007768696C6520696E697469616C697A69A7
:10AA40006E67207468652073656375726974792018
:10AA5000636F756E7465720A000A506C6174666F7C
:10AA6000726D20706F737420696E697420666169FD
:10AA70006C65640A000A5053412043727970746F08
:10AA800020696E6974206661696C656420776974F9
:10AA900068206572726F7220636F64652025640A96
:10AAA0000045432D50323536002850534120437223
:10AAB0007970746F20696E697420646F6E652C20E4
:10AAC0007369675F747970653A20257325730A008E
:10AAD0000A5072652D6C6F61642073746570206616
:10AAE0006F7220696D616765202564206661696CFD
:10AAF00065640A0028436865636B696E6720696D49
:10AB00006167652025640A0028496D616765202515
:10AB10006420626F6F745F676F20646F6E650A00F8
:10AB20000A556E61626C6520746F2066696E6420E0
:10AB3000626F6F7461626C6520696D6167650A00A0
:10AB40000A506F73742D6C6F61642073746570208C
:10AB5000666F7220696D6167652025642066616992
:10AB60006C65640A0028426F6F746C6F6164657273
:10AB700020636861696E6C6F6164206164647265F2
:10AB80007373206F66667365743A20307825780A8F
:10AB90000028496D6167652076657273696F6E3A4A
:10ABA000207625642E25642E25640A00284A756DBA
:10ABB00070696E6720746F207468652066697273AF
:10ABC0007420696D61676520736C6F740A000A698F
:10ABD0006E76616C696420666C61736820494420FC
:10ABE00025643B2065787065637465642025640A7C
:10ABF000000A617265612025642073697A652030DE
:10AC0000782578206E6F7420646976697369626C48
:10AC10006520627920736563746F722073697A6549
:10AC200020307825780A000A666C617368206172AA
:10AC3000656120256420736563746F7220636F758E
:10AC40006E74206F766572666C6F770A0070726939
:10AC50006D617279007365636F6E64617279000A69
:10AC6000496D61676520696E2074686520257320D1
:10AC7000736C6F74206973206E6F742076616C69D9
:10AC800064210A001E256420737461747573207733
:10AC900072697465206661696C7320706572666F95
:10ACA000726D696E672074686520737761700A0041
:10ACB0000A4661696C656420746F206F70656E2050
:10ACC000666C6173682061726561732C2063616ECC
:10ACD0006E6F7420636F6E74696E75650A001E4630
:10ACE00061696C65642072656164696E6720736573
:10ACF00063746F72733B20424F4F545F4D41585FF6
:10AD0000494D475F534543544F52533D2564202DD1
:10AD100020746F6F20736D616C6C3F0A001E46617A
:10AD2000696C65642072656164696E6720696D6134
:10AD3000676520686561646572733B20496D616772
:10AD4000653D25750A001E4661696C656420726563
:10AD50006164696E6720626F6F74207374617475CB
:10AD6000733B20496D6167653D25750A000A706176
:10AD70006E6963210A0028496D616765202564209A
:10AD800075706772616465207365636F6E6461726C
:10AD90007920736C6F74202D3E207072696D617222
:10ADA0007920736C6F740A002845726173696E674D
:10ADB00020746865207072696D61727920736C6FA0
:10ADC000740A0028496D61676520256420636F70EF
:10ADD00079696E6720746865207365636F6E64615E
:10ADE000727920736C6F7420746F207468652070A2
:10ADF00072696D61727920736C6F743A20307825B6
:10AE00007A782062797465730A000A5365637572F3
:10AE100069747920636F756E7465722075706461F2
:10AE20007465206661696C65642061667465722072
:10AE3000696D61676520757067726164653A202588
:10AE4000640A000A536563757269747920636F75CB
:10AE50006E74657220757064617465206661696CDA
:10AE6000656420616674657220696D61676520257F
:10AE7000642076616C69646174696F6E3A20256440
:10AE80000A00287377617020737461747573206988
:10AE900064783D25752073746174653D2575207354
:10AEA000697A653D3078257820736C6F743D307811
:10AEB00025780A000A4835463453575032204472E8
:10AEC0006F7070696E6720696E76616C696420735B
:10AED000776170207374617475732073697A653D4E
:10AEE000307825780A000A66696E645F6C61737455
:10AEF0005F736563746F725F696478206261642058
:10AF0000636F70795F73697A653D3078257820705A
:10AF100072693D2575207365633D25750A000A66D3
:10AF2000696E645F6C6173745F736563746F725F85
:10AF3000696478206F766572666C6F7720636F70D6
:10AF4000795F73697A653D30782578207072693D44
:10AF500025750A000A66696E645F6C6173745F73BD
:10AF60006563746F725F696478206F766572666C72
:10AF70006F7720636F70795F73697A653D307825EC
:10AF800078207365633D25750A000A44657465631E
:10AF900074656420696E636F6E73697374656E7433
:10AFA00020737461747573210A001E43616E6E6FA5
:10AFB0007420757067726164653A206D6F726520E8
:10AFC000736563746F7273207468616E20616C6C5A
:10AFD0006F7765640A001E43616E6E6F7420757032
:10AFE00067726164653A20736C6F74732068617670
:10AFF00065206E6F6E2D636F6D70617469626C6534
:10B0000020736563746F72730A001E43616E6E6F06
:10B010007420757067726164653A206E6F74206188
:10B020006C6C20736563746F727320666974206939
:10B030006E7369646520736372617463680A001ECD
:10B0400043616E6E6F7420757067726164653A203B
:10B05000736C6F747320617265206E6F7420636F00
:10B060006D70617469626C650A0062616400676F8B
:10B070006F6400756E7365740073637261746368E6
:10B08000006E6F6E65007072696D61727920736C0D
:10B090006F74004255473B2063616E2774206861DE
:10B0A0007070656E005072696D61727920696D61B2
:10B0B0006765002825733A206D616769633D2573D4
:10B0C0002C20737761705F747970653D30782578D6
:10B0D0002C20636F70795F646F6E653D30782578E2
:10B0E0002C20696D6167655F6F6B3D307825780A4C
:10B0F00000536372617463680028426F6F74207339
:10B100006F757263653A2025730A0028426F6F7469
:10B1100020736F757263653A206E6F6E650A002842
:10B120005374617274696E672073776170207573F0
:10B13000696E67207363726174636820616C676F06
:10B14000726974686D2E0A000A737761705F727598
:10B150006E2061626F7274656420636F70795F73D3
:10B16000697A653D307825780A0028737761702008
:10B17000726573756D652073697A653D30782578E1
:10B18000206964783D2575207072692F736563208E
:10B19000736563746F72733D25752F25750A000AF8
:10B1A0004661696C656420746F2072656164207308
:10B1B00074617475732066726F6D2025642C206530
:10B1C00072722025640A0A000A4661696C6564206F
:10B1D000746F2061646420696D61676520646174C7
:10B1E0006120746F207368617265642061726561AB
:10B1F0000A000A4661696C656420746F20616464AA
:10B20000206461746120746F2073686172656420CA
:10B210006D656D6F727920617265612E0A000A4654
:10B2200061696C656420746F206F70656E20666C58
:10B23000617368206172656120494420256420287B
:10B24000696D61676520256420736C6F7420257AB1
:10B2500075293A2025640A000A4661696C656420F4
:10B26000746F206F70656E20736372617463682001
:10B27000666C61736820617265613A2025640A001A
:10B28000285365636F6E6461727920696D616765CB
:10B29000206F6620696D6167652070616972202882
:10B2A00025642920697320756E7265616368616227
:10B2B0006C652E205472656174206974206173205E
:10B2C000656D7074790A0028496D61676520696E43
:10B2D0006465783A2025642C205377617020747956
:10B2E00070653A2025730A0028496D6167652069F9
:10B2F0006E6465783A2025642C2053776170207441
:10B300007970653A206E6F6E650A0074657374001B
:10B310007065726D00726576657274000A48354614
:10B32000345357503220696D61676520544C562064
:10B33000656E643D30782578206D61783D307825E4
:10B34000780A000A496D61676520736563757269E3
:10B35000747920636F756E7465722076616C7565A3
:10B36000202575206C6F776572207468616E206D82
:10B370006F6E6F746F6E69632076616C75652025E2
:10B38000750A000A424C32204572726F725F486142
:10B390006E646C6572206C723D307825782069701F
:10B3A00073723D257520636673723D307825782071
:10B3B000686673723D3078257820736673723D300D
:10B3C000782578206D6D6661723D30782578206231
:10B3D0006661723D3078257820736661723D307801
:10B3E00025780A000A4572726F72207768696C6569
:10B3F00020756E696E697469616C697A696E67201F
:10B40000466C61736820496E746572666163650A93
:10B41000000A4572726F72207768696C6520696EE8
:10B42000697469616C697A696E6720524E47204978
:10B43000700A000A4572726F72207768696C652025
:10B44000696E697469616C697A696E672048572012
:10B45000616363656C657261746F722049700A0084
:10B460000A4572726F72207768696C6520696E692F
:10B470007469616C697A696E6720466C61736820D3
:10B48000496E746572666163650A000A25732070EF
:10B49000633D30782578207265743D3078257820BA
:10B4A000787073723D30782578206578635F6C72B0
:10B4B0003D307825780A000A636673723D3078253E
:10B4C0007820686673723D307825782073667372D1
:10B4D0003D30782578206D6D6661723D3078257835
:10B4E00020626661723D3078257820736661723D16
:10B4F000307825780A00486172644661756C740082
:10B500004D656D4D616E616765004275734661758D
:10B510006C740055736167654661756C74005365A2
:10B52000637572654661756C740028424C32206602
:10B530006C617368206D617020532D7365636F6E4D
:10B54000646172793D307825780A000A556E657815
:10B550007065637465642076616C756520666F72D2
:10B5600020545A454E0A000A556E6578706563741A
:10B5700065642076616C756520666F7220737761F3
:10B58000702062616E6B20636F6E666967757261B1
:10B5900074696F6E0A000A556E657870656374652C
:10B5A000642076616C756520666F7220424F4F543F
:10B5B0002055424520636F6E6669677572617469D4
:10B5C0006F6E0A0028426F6F744164647220307895
:10B5D00025780A000A556E65787065637465642085
:10B5E00076616C756520666F722053454320424F2B
:10B5F0004F5420416464726573730A002842414EBF
:10B600004B20312073656375726520666C617368C9
:10B61000205B25642C2025645D203A204F42205B6E
:10B6200025642C2025645D0A000A556E65787065D6
:10B63000637465642076616C756520666F72207333
:10B64000656375726520666C6173682070726F74D3
:10B65000656374696F6E3A2073657420776D7365E6
:10B6600063310A002842414E4B20322073656375D6
:10B67000726520666C6173682077616E74205B254B
:10B68000642C2025645D204F42205B25642C2025FE
:10B69000645D0A002842414E4B2032207365637579
:10B6A000726520666C617368205B25642C202564BC
:10B6B0005D203A204F42205B25642C2025645D0AE2
:10B6C00000284835463420776D7365633220532D4A
:10B6D0007365636F6E6461727920736563746F72F2
:10B6E00073205B302C2025645D0A000A556E657856
:10B6F0007065637465642076616C756520666F7231
:10B700002073656375726520666C61736820707262
:10B710006F74656374696F6E3A2073657420776D1A
:10B72000736563320A000A556E65787065637465E7
:10B73000642076616C756520666F72205352414DAE
:10B74000322045524153452061742052657365741F
:10B750000A000A556E6578706563746564207661C9
:10B760006C756520666F72205352414D32204543FF
:10B77000430A002850726F6772616D6D696E6720B1
:10B780006F7074696F6E20627974657320616E6486
:10B7900020726573657474696E670A000A45727277
:10B7A0006F72207768696C652073657474696E6761
:10B7B000204F422042616E6B3120636F6E66696775
:10B7C0000A000A4572726F72207768696C6520659D
:10B7D0007865637574696F6E204F425F4C61756E5A
:10B7E00063680A0028426F6F744C6F636B20307877
:10B7F00025780A000A556E65787065637465642063
:10B8000076616C756520666F722053454320424F08
:10B810004F54204C4F434B0A005B556E737570704C
:10B820006F727465645D005B4552525D005B4E4F04
:10B83000545D005B57524E5D005B494E465D005BB8
:10B840005645525D000000000100000002000000AB
:10B850000400000005000000016400002CBD010C84
:10B860000080030000800500036400002CBD010C73
:10B870000000200000800500026400002CBD010CC7
:10B880000000090000C01200046400002CBD010C7F
:10B890000080250000C01200056400002CBD010CD2
:10B8A0000000000000C00000EDFEDEC0E30466F60C
:10B8B000B8470C1F29070B17F1E2D3E94D445E3F4F
:10B8C000608087FDC711E4382BB538B682A5B44334
:10B8D000594853D4BF0FDD89A914A5DC16F8675465
:10B8E0008207D7077E74D80C063EFDA9483546343A
:10B8F000424C320001000000000000020000000085
:10B900000000000000000000000000000000000037
:10B910000000000000000000000000000000000027
:10B920000000000000000000000000000000000017
:10B930000000000000000000000000000000000007
:10B9400000000000000000000000000000000000F7
:10B9500000000000000000000000000000000000E7
:10B9600000000000000000000000000000000000D7
:10B9700000000000000000000000000000000000C7
:10B9800000000000000000000000000000000000B7
:10B9900000000000000000000000000000000000A7
:10B9A0000000000000000000000000000000000097
:10B9B0000000000000000000000000000000000087
:10B9C0000000000000000000000000000000000077
:10B9D0000000000000000000000000000000000067
:10B9E0000000000000000000000000000000000057
:10B9F0000000000000020000000000000000000045
:10BA000000000000000000000C000000000000002A
:10BA10000000000000000000000000000000000026
:10BA20000000000400000000000000000000000012
:10BA30000000000000000000000000000000000006
:10BA400000000000000000000000000000000000F6
:10BA500000000000000000004835463453575032C3
:10BA600000010501000105030204010401030403B0
:10BA7000020000000BB3010C10B3010C15B3010C54
:10BA80000401040304020401040104030104030487
:10BA9000010410002DE15D29410B8D77679C110F8A
:10BAA0001F8A06082A8648CE3D03010706072A8614
:10BAB00048CE3D02010000000B06010C10141400DA
:10BAC000001C2030401C2000001C203040000000E2
:10BAD000982F8A4291443771CFFBC0B5A5DBB5E9F9
:10BAE0005BC25639F111F159A4823F92D55E1CAB6D
:10BAF00098AA07D8015B8312BE853124C37D0C55FB
:10BB0000745DBE72FEB1DE80A706DC9B74F19BC142
:10BB1000C1699BE48647BEEFC69DC10FCCA10C2432
:10BB20006F2CE92DAA84744ADCA9B05CDA88F97616
:10BB300052513E986DC631A8C82703B0C77F59BF80
:10BB4000F30BE0C64791A7D55163CA0667292914AC
:10BB5000850AB72738211B2EFC6D2C4D130D385349
:10BB600054730A65BB0A6A762EC9C281852C72920B
:10BB7000A1E8BFA24B661AA8708B4BC2A3516CC739
:10BB800019E892D1240699D685350EF470A06A1072
:10BB900016C1A419086C371E4C774827B5BCB034C1
:10BBA000B30C1C394AAAD84E4FCA9C5BF36F2E685F
:10BBB000EE828F746F63A5781478C8840802C78CEE
:10BBC000FAFFBE90EB6C50A4F7A3F9BEF27871C6F1
:10BBD0006BFF79FF79FF7CFF000000000A5695CECD
:10BBE0005753F2DD5CE419BAE4B84A8B25F321DD42
:10BBF0008886E8D2855D882518FF71853C14A918D0
:10BC0000D430E77901B6ED5FFC95BA7510256277FF
:10BC10002B73FB79C65537A5765F9018DFBDC42915
:10BC200062DF9CD890308478CD05F0ACD62E21F719
:10BC3000AB20A2E5344887041D0630DC512563FCA7
:10BC4000C2CAB9F3849E17A7ADFAE6BCFFFFFFFF97
:10BC5000FFFFFFFF00000000FFFFFFFFA2EE79BE25
:10BC6000954C2483A66FBD499C79994659EC6B2B62
:10BC700039B245282056D9F3942DE1664FBC00EE29
:10BC8000FFFFFFFFFFFFFFFFFFFFFFFF00000000C0
:10BC9000000000000000000001000000FFFFFFFFA7
:10BCA0000300000000000000FFFFFFFFFBFFFFFF9D
:10BCB000FEFFFFFFFFFFFFFFFDFFFFFF040000008F
:10BCC0000100000000000000010203040000000069
:10BCD000000000000102030406070809000000003C
:10BCE00000200240FF1F0340000000000100000090
:10BCF00000000908FFFF1F0800000000020000000C
:10BD000000F8FF083FF8FF080000000003000000F3
:10BD100000FBF90BFFFEF90B00000000040000001F
:10BD200000802508FF3F3808000000001554010C72
:10BD30002D54010C6554010C3154010C3554010C87
:10BD4000AD54010CB555010CDD56010C4B54010CE2
:10BD50005154010C5D54010C000000000002000071
:10BD6000002000000020000010000000FF00000084
:10BD700003020001010000000200000004000000B6
:10BD800027B8010C000000000000000000000000C7
:10BD900000000000000000000000000000000000A3
:10BDA00000000000000000002DB8010C00000000A1
:10BDB0000000000000000000000000000000000083
:10BDC0000000000000000000000000000000000073
:10BDD00033B8010C0000000000000000000000006B
:10BDE0000000000000000000000000000000000053
:10BDF000000000000000000039B8010C0000000045
:10BE00000000000000000000000000000000000032
:10BE10000000000000000000000000000000000022
:10BE20003FB8010CE174010CF974010C6575010C4B
:10BE3000FD74010C0175010C4175010C2175010C9B
:10BE40000575010C0B75010C2576010C0F75010CA5
:10BE50001375010C1775010C1D75010C040202020B
:10BE6000010002000400060008000A000C00100097
:08BE70002000400080000001E9
:10BE78000746884600F00FF80020014602460346B0
:10BE880004460546064681468246834684468646DB
:10BE98004046884638470021034B044A43F8041BB0
:10BEA8009342FBD1704700BF0000043000FC05300E
:10BEB80000210C4B0C4A43F8041B9342FBD100238E
:10BEC80018460A4A03F140010133182B42F82100B1
:10BED800F8D10021064B074A43F8041B9342FBD1D3
:10BEE800704700BF0001003000010430002C0350EF
:10BEF8000000043000FC053008B50023164E044647
:10BF08003360F4F7B5FDFAF76DFC144BDB6898471E
:10BF180020B11348FBF74AF900F02AF8FAF714FCA5
:10BF280008B100F025F8F9F74BF90E4D0E4B9C605F
:10BF38002C6000243460F9F743F984F30A882B68ED
:10BF48001B6883F30888BFF34F8FBFF36F8F2B688D
:10BF580006485968FFF78CFFDC3E04302CBD010C05
:10BF6800E4B3010CD83E043000ED00E079BE010CCA
:10BF7800F0B5714687B0EFF305821248836AC46A48
:10BF8800D0F8E450466B876BD0F8E8000094CDE910
:10BF98000370CDE901560C48FBF708F94FF000543F
:10BFA8004EF2FE7324F8013BBFF34F8FBFF36F8F40
:10BFB800640864002046214622462346FDF7D8FF40
:0CBFC80007B0F0BD00ED00E083B3010CF9
:08BFD40008E5FF7F01000000F9
:10BFDC0000000000EC20043088EACD1F55555515A3
:10BFEC00AAAAAA1A8F08010C8D08010C8908010C49
:10BFFC000090D003000000000000000000000000D2
:10C00C000000000001000000000000000000000023
:10C01C00060000007C00043006000000AC00043078
:10C02C00040000005C0004300100000000800200ED
:10C03C00FFBF020000000000FFBF000000800300F3
:10C04C00FFFF080000002000FF7F25000080020099
:10C05C00FFBF020000000000FFBF000000800300D3
:10C06C00FFFF080000000900FFBF1B0000002000BC
:10C07C00FF7F250000802500FF3F38000080020074
:10C08C00FFBF020000000000FFBF000000800300A3
:10C09C00FFFF080000000900FFBF1B00000020008C
:0CC0AC00FF7F250000802500FF3F3800CA
:020000040C02EC
:108000001281DEC0000102030405060708090A0BFD
:108010000C0D0E0F000102030405060708090A0BE8
:108020000C0D0E0FA9B454B26D6F90A4EA3119353E
:1080300064CBA91FEC6F9A002A7DC0504B92A1938C
:108040007134585F200000001200000073746D2E20
:108050006578616D706C652E7863756265210000CE
:10806000000000000000000000000000A0A1A2A38A
:10807000A4A5A6A7A8A9AAABACADAEAFB0B1B2B348
:10808000B4B5B6B7B8B9BABBBCBDBEBF030000003B
:10809000AAAAAAAAAAAAAAAABBBBBBBBBBBBBBBBB8
:1080A000CCCCCCCCCCCCCCCCDDDDDDDDDDDDDDDD88
:1080B0003036303435363532373238323931303087
:1080C000313000000000000000000000000000004F
:1080D0007777772E747275737465646669726D77DD
:1080E0006172652E6F7267000000000000000000E2
:1080F0005053415F494F545F50524F46494C455F82
:10810000310000000000000000000000000000003E
:10811000000000000000000000000000000000005F
:10812000000000000000000000000000000000004F
:10813000000000000000000000000000000000003F
:10814000000000000000000000000000000000002F
:10815000000000000000000000000000000000001F
:10816000000000000000000000000000000000000F
:1081700000000000000000000000000000000000FF
:1081800000000000000000000000000000000000EF
:1081900000000000000000000000000000000000DF
:1081A00000000000000000000000000000000000CF
:1081B00000000000000000000000000000000000BF
:1081C00000000000000000000000000000000000AF
:1081D000000000000000000000000000000000009F
:1081E000000000000000000000000000000000008F
:1081F000000000000000000000000000000000007F
:10820000000000000000000000000000000000006E
:10821000000000000000000000000000000000005E
:10822000000000000000000000000000000000004E
:10823000000000000000000000000000000000003E
:10824000000000000000000000000000000000002E
:10825000000000000000000000000000000000001E
:10826000000000000000000000000000000000000E
:1082700000000000000000000000000000000000FE
:1082800000000000000000000000000000000000EE
:1082900000000000121323340A058978A3668C0DB0
:1082A000975553CAB576186229C6B67975C85A8DDE
:1082B0009E118F85DEC45F662152F939D9779328E4
:1082C000B05E02FA58B416C80F3891BB2817CD8A91
:1082D000C9537266000000000000000000000000AA
:1082E000000000000000000000000000000000008E
:1082F000000000000000000000000000000000007E
:048300000100000078
:10E000004200DEC04200DEC0000000000000000050
:10E010000000000000000000000000000000000000
:040000050C010EDDFF
:00000001FF
