:020000040C00EE
:10E000004200DEC04200DEC0000000000000000050
:10E010000000000000000000000000000000000000
:020000040C01ED
:1000000030690430410E010CF148010C59B1010C6A
:1000100059B1010C59B1010C59B1010C59B1010C84
:10002000000000000000000000000000350D010C81
:10003000370D010C00000000390D010C3B0D010CC7
:100040003D0D010C3F0D010C410D010C430D010C48
:10005000450D010C59B1010C470D010C490D010C66
:100060004B0D010C4D0D010C4F0D010C510D010CF0
:10007000530D010C550D010C570D010C590D010CC0
:100080005B0D010C5D0D010C5F0D010C610D010C90
:10009000630D010C650D010C670D010C690D010C60
:1000A0006B0D010C6D0D010C6F0D010C710D010C30
:1000B000730D010C750D010C770D010C790D010C00
:1000C0007B0D010C7D0D010C7F0D010C810D010CD0
:1000D000830D010C850D010C870D010C890D010CA0
:1000E0008B0D010C8D0D010C8F0D010C910D010C70
:1000F000930D010C950D010C970D010C990D010C40
:100100009B0D010C9D0D010C9F0D010CA10D010C0F
:10011000A30D010CA50D010CA70D010CA90D010CDF
:10012000AB0D010CAD0D010CAF0D010CB10D010CAF
:10013000B30D010CB50D010CB70D010CB90D010C7F
:10014000BB0D010CBD0D010CBF0D010CC10D010C4F
:10015000C30D010CC50D010CC70D010CC90D010C1F
:10016000CB0D010CCD0D010CCF0D010CD10D010CEF
:10017000D30D010CD50D010CD70D010CD90D010CBF
:10018000DB0D010CDD0D010CDF0D010CE10D010C8F
:10019000E30D010CE50D010CE70D010CE90D010C5F
:1001A000EB0D010CED0D010CEF0D010CF10D010C2F
:1001B000F30D010CF50D010CF70D010CF90D010CFF
:1001C000FB0D010CFD0D010CFF0D010C010E010CCE
:1001D000030E010C050E010C070E010C090E010C9B
:1001E0000B0E010C0D0E010C0F0E010C110E010C6B
:1001F000130E010C150E010C170E010C190E010C3B
:100200001B0E010C1D0E010C1F0E010C210E010C0A
:10021000230E010C250E010C270E010C290E010CDA
:100220002B0E010C2D0E010C2F0E010C310E010CAA
:10023000330E010C350E010C370E010C390E010C7A
:100240003B0E010C3D0E010C3F0E010C40B152184B
:1002500005D2C068904234BF0020012070470020C2
:10026000704700000B4B30B51A6800230A4C9342CC
:1002700003DB06D14FF0FF3008E01D01655D8542CC
:1002800005D10020044A02EB03130B6030BD01339B
:10029000EDE700BF709D010C749D010C70470000DC
:1002A0002DE9F74317461A4680460C461E46FFF7CF
:1002B000CDFF002870D00093D8F804305B689847D1
:1002C000374BC0F3410013F82090C9F1000303EA53
:1002D000040534EA030326D0D8E9013001225B6922
:1002E00001A928449847002812DB0022A3195B1BB0
:1002F0004B4524BF2E1B4E44631BD5B2AE4202F1C8
:10030000010208D8009B9B1B0093009B6BB9002047
:1003100003B0BDE8F08305F108016944194411F800
:10032000041C7955E9E70025EFE7009B4B45B3FB3B
:10033000F9F61DD209FB06F6D8F808303019184432
:10034000D8F8043001225B6901A9284498470028A5
:10035000DEDB002237440099D3B2994202F1010258
:10036000D5D9F91808336B4413F8043C4B55F2E720
:10037000D8F80800D8F80430204432465B6979196F
:10038000284498470028C3DB009B09FB16330093E1
:10039000009B002BCED1BAE74FF0FF30B8E700BF8B
:1003A000649D010C2DE9F04F8DB002921A4605466E
:1003B0000F461E4621F00F0A01F00F08FFF746FF17
:1003C00028B94FF0FF3318460DB0BDE8F08F6B68C9
:1003D0000DF1200B5B689847584BC0F3410053F870
:1003E00020305A460093514643462846FFF758FFAF
:1003F0000028E6D106F10F03434423F00F03AAEBD4
:100400000709A9EB06091A46514628460193994463
:10041000FFF71CFF0028D4D04B46284604AAB91980
:10042000FFF73EFF03460028CBD1B8F1000F63D1A0
:100430004446B442C7D2A6EB040A3AF00F0A10D0E1
:10044000A86869689DF800203844D1F818B0BAFB54
:10045000F2F2029920440393D8470028B1DB039BB2
:100460005444B9F1000FAED008A82246002301463B
:1004700096420AD9DDF808C001331CF802C0102BDF
:1004800000F801CB02F10102F2D1964299D100228B
:1004900004A8102B01D04A4549D108F11008102BAF
:1004A000A0448ED14A458CD1019A424589D1A86891
:1004B0009DF800206D683844B3FBF2F2AD6920442A
:1004C000A847C3177FE7029A125D01340BF8012099
:1004D00001310F2913D8B442F5D1002204A80DF13F
:1004E000200C0F2920D84A450BD010F801EB01321F
:1004F00001F80CE00131F4E741460446E9E7B44273
:10050000EBD0102903937FF45CAFD5E901309DF85F
:100510000020D3F818B0B1FBF2F2504408A9D84734
:100520000028039B85DA4CE74A45EAD049E710F8F2
:10053000016B0132CE540133ABE700BF649D010C67
:100540002DE9F04105460E469046FFF77FFEA8B123
:100550006B689B6A98470468074664B10020BDE851
:10056000F081D5E90130DB69304498470028F6D1A5
:10057000BB681C441E444445F3D3EFE74FF0FF3003
:10058000EDE708B543689B6A9847006908BD0021FC
:1005900008B5084600F054F9FEE70346002030B5E0
:1005A000013A00D230BD1D780C78A54202D008B9BE
:1005B000281BF5E701330131F2E7F0B505460C04DD
:1005C00044EA01640C4344EA012462B91346561913
:1005D000032A0ED823F003022A4403F00303134432
:1005E0009A420AD1F0BDAB07F0D005F8011B013AE1
:1005F000EBE7B71A3C60043AEAE702F8011BEFE7C1
:10060000034670B56AB900241519032D13D822F0DA
:10061000030421441C44002302F003029A4210D137
:1006200070BD41EA0304A407EDD011F8014B013A73
:1006300003F8014BE6E70D1B2E681D1B2E60043CE2
:10064000E2E7CD5CE5540133E8E7000010B505F0C2
:1006500093FC28B1034B1C6800F0ACFD204610BD94
:10066000014BF8E7100004301400043037B50C4695
:1006700031B900F09FFD0E4B1D68284603B030BD18
:10068000031DF6D8C31C052B184628BF0520042BD4
:10069000EFD8042101AA05F071FC30B1044B1D68AC
:1006A000019B236000F086FDE7E7024BF7E700BF00
:1006B0001000043014000430031D08D8C31C052B9F
:1006C000184628BF0520042B01D805F05FBC4AF26C
:1006D000C53070477FB50E46054618B94FF0FF305C
:1006E00004B070BD0029F9D0012001A9FFF7BAFDBF
:1006F000044610B9019B9E4209D0022001A9FFF7D0
:10070000B1FD0028EAD1019B9E42E7D1012468692E
:10071000A96902AB03C3082202ABA101022000F0C9
:100720007FFCDDE71FB5082102AA022005F0C6FE06
:10073000DDE902020B490C4B9A4208BF884207D1FF
:100740000A4B0B4A00930B490B4B0C4805F0E2FF98
:10075000082200210DEB0200FFF72FFF05B05DF826
:1007600004FB00BFA9B454B26D6F90A4159E010C98
:10077000D49D010C029E010CB49D010C0A9E010C3B
:1007800013B5044668B10421072001AA05F096FEBE
:1007900028B9019B012B8CBF00230123237002B0D9
:1007A00010BD4AF2C530FAE708B520210C20084AEE
:1007B00005F028FF18B14CF25A32904206D1BDE83C
:1007C000084020210D20034A05F01CBF08BD00BFD2
:1007D0003BAA010C5BAA010C1FB50421072003AA48
:1007E00005F06CFE0446B8B90D4805F093FF0D4BBB
:1007F0000D4A00930D490E4B0E4805F08BFF039BED
:1008000053B905F076FF044630B9FFF7CDFF044633
:1008100010B905F070FF0446204604B010BD00BFBB
:100820001A9E010C159E010C379E010C029E010CB4
:10083000B49D010C0A9E010C002070477047FEE732
:100840002DE9F3414FF40051584802F0D5F905F075
:10085000BBFA03F019FC044628B1554805F05AFFCD
:10086000204605F08BFA534805F054FF05F0F0FDE3
:10087000044608B15048F1E70DF10300FFF780FF8F
:10088000044608B14D48E9E79DF803302BB1FFF766
:10089000A3FF044608B14A48E0E7FFF743FF00F032
:1008A00081FC0546FFF7D2FE0446284600F09EFC78
:1008B000444E3368A34201D04348CFE705F05CFAC9
:1008C000044608B14148C9E701F02AFF044620B1B7
:1008D00001463F4805F01EFFC2E73E4A3E493F48F9
:1008E00005F018FF0124204605F04FFA002838D003
:1008F000204605F046FA0546F0B9DFF8E4800C2200
:1009000000213848FFF759FE00F04CFC214607460D
:10091000344800F0E7FF0546384600F067FC3368CE
:10092000AB420FD1204605F02EFA0546C8B121464C
:100930002D4803E00024D6E721462C4805F0EAFEC6
:1009400028468EE72A4805F0E5FE204605F01FFA06
:10095000336818B1D8F80000834282D1AB42CED1BF
:10096000E0E7002CE6D11F4D2248A96805F0D2FE31
:1009700029682148CB8A4A7D097D05F0CBFE1F48B6
:1009800005F0C8FE01A9287903F05CFB2B681A6901
:100990001C8992065BBFAB68019A5B689B181C447C
:1009A00005F02EFA20460AF089FB00BFC40004308F
:1009B0006F9E010C869E010C9C9E010CBF9E010C3B
:1009C000E49E010C14000430FA9E010C2A9F010CD5
:1009D000469F010C47A3010C729F010C7A9F010CEA
:1009E00010000430B8000430E59F010CA19F010CF9
:1009F000C59F010C0AA0010C36A0010C51A0010CEE
:100A00000020704708B501F087FF002008BD0129CC
:100A100009D002290CD069B978B1012808BF022099
:100A200018BFFF20704750B1012808BF0420F7E726
:100A3000052070474FF0FF307047012070470320BA
:100A4000704708B543689B6A9847007D08BD4368B6
:100A500070B59B6A16460D46044698478368B5FBF9
:100A6000F3F563689B6A984783686B4333606368F8
:100A70009B6A984783680020736070BD2DE9F3413D
:100A8000D1F8008006460D46C0B201A91746FFF70F
:100A9000E9FB044688BB2B68CBB103464FF40050FA
:100AA000019AD1682B6009B1984506D8984510D2B3
:100AB0003146134805F02EFE09E0B1F5005F0FD274
:100AC0004FF400533146D2680E4805F023FE4FF034
:100AD000FF340198FFF7E2FB204602B0BDE8F08149
:100AE0004FEA433C47F833C02B68A1F5005107EBB0
:100AF000C30358602B680133D4E74FF0FF34EBE7B2
:100B0000A9A0010C73A0010C05F06DBA054B0020E3
:100B10001A684FF0E023013A5A61052298611A6180
:100B2000704700BF240004304FF0E02130B50E487C
:100B30000E4C8A690568236893422B444FF47A75FA
:100B40003CBF49695B180A499B1A09680360B1FBFD
:100B5000F5F19942074B04D200251968056001316F
:100B600019601868226030BDCC200430D0200430D9
:100B700024000430C820043038B570B30368190766
:100B800001D4002038BD8369154C9BB1D4F8F030F6
:100B900043F08063C4F8F030FFF7C6FF0546D4F891
:100BA000F0301A01EDD4FFF7BFFF401B0228F6D941
:100BB0000320E7E7D4F8F03023F08063C4F8F03086
:100BC000FFF7B2FF0546D4F8F0301B01D9D5FFF787
:100BD000ABFF401B0228F6D9EAE70120D2E700BFAD
:100BE000000C0254F8B50368054698014FD5314C06
:100BF000636A43F001036362FFF796FF0646636A88
:100C0000D90746D52C4CD4F8F03013F4407320D0DB
:100C1000D5F8F82093421CD0D4F8F020D4F8F03066
:100C200022F4407143F48033C4F8F030D4F8F0304B
:100C3000D20723F48033C4F8F030C4F8F01008D59C
:100C4000FFF772FF41F288370646D4F8F0309B0771
:100C500026D5D5F8F830184903F44072B2F5407F34
:100C600024D1C869154A20F47C5002EA13120243C9
:100C7000CA61114AC3F30B03D2F8F01021F440719A
:100C8000C2F8F010D2F8F0100B43C2F8F030002098
:100C900005E0FFF749FF801B0228B0D90320F8BD0B
:100CA000FFF742FF801BB842CFD9F7E7CA6922F4A9
:100CB0007C52DDE700080254000C0254CFFFFF0015
:100CC00013B5194C04F090FAD4F8F030174843F0FB
:100CD0001803C4F8F030FFF74FFF08B10AF03CFAF0
:100CE0001348FFF77FFF08B10AF036FA0421D4F861
:100CF000F030084643F40043C4F8F030D4F8A8308C
:100D0000002243F40013C4F8A830D4F8A83003F448
:100D100000130193019B04F083FB042002B0BDE8A3
:100D2000104004F0ADBB00BF000C025488AB010CB6
:100D300080AA010CFEE7FEE7FEE7FEE7FEE7FEE71E
:100D4000FEE7FEE7FEE7FEE7FEE7FEE7FEE7FEE77B
:100D5000FEE7FEE7FEE7FEE7FEE7FEE7FEE7FEE76B
:100D6000FEE7FEE7FEE7FEE7FEE7FEE7FEE7FEE75B
:100D7000FEE7FEE7FEE7FEE7FEE7FEE7FEE7FEE74B
:100D8000FEE7FEE7FEE7FEE7FEE7FEE7FEE7FEE73B
:100D9000FEE7FEE7FEE7FEE7FEE7FEE7FEE7FEE72B
:100DA000FEE7FEE7FEE7FEE7FEE7FEE7FEE7FEE71B
:100DB000FEE7FEE7FEE7FEE7FEE7FEE7FEE7FEE70B
:100DC000FEE7FEE7FEE7FEE7FEE7FEE7FEE7FEE7FB
:100DD000FEE7FEE7FEE7FEE7FEE7FEE7FEE7FEE7EB
:100DE000FEE7FEE7FEE7FEE7FEE7FEE7FEE7FEE7DB
:100DF000FEE7FEE7FEE7FEE7FEE7FEE7FEE7FEE7CB
:100E0000FEE7FEE7FEE7FEE7FEE7FEE7FEE7FEE7BA
:100E1000FEE7FEE7FEE7FEE7FEE7FEE7FEE7FEE7AA
:100E2000FEE7FEE7FEE7FEE7FEE7FEE7FEE7FEE79A
:100E3000FEE7FEE7FEE7FEE7FEE7FEE7FEE7FEE78A
:100E400007B52C4B83F30A8803F068F804F0CCF95B
:100E5000294B2A49D3F8F02042F40042C3F8F0208D
:100E6000D3F8A82042F40012C3F8A820D3F8A82091
:100E700002F400120192019A0A6B8AB1D3F8F020B1
:100E800042F48032C3F8F020D3F8F02022F480320C
:100E9000C3F8F0200B6B002BFCD10122184B1A6019
:100EA000154A1849136843F480531360164B8B425C
:100EB00012D30020154B16498B4218D3FFF767FB5E
:100EC000186850F82240586840F82240013298686B
:100ED0008242F5D30C33EAE70022F8E71C6844F8B5
:100EE000220001325C68A242F8D30833E4E7002212
:100EF000F8E700BF30490430000C0254007C005475
:100F0000D4200430549D010C3C9D010C549D010CD7
:100F1000649D010C30B50D46044693B018B94FF0EE
:100F2000FF3013B030BD202300210AAAFFF7B8F923
:100F30000028F4D1104B0A9A9A42F0D11023009065
:100F400022460AA90DEB030000F09CFD0028E6D123
:100F50000DF10A0302AA03A904A800F0DFFD00288E
:100F6000DDD1BDF80830202BD9D12A46204603997F
:100F7000FFF796F9D5E700BF3DB8F396012070471B
:100F800008B500F017F9014B186808BD08000430D7
:100F90000120704700207047002330B593B01546FC
:100FA0000446019378B1012814BFFF20022001A953
:100FB000FFF758F948B12146154805F0ABFB01256C
:100FC000284613B030BD0120F1E7284602A9FFF7FB
:100FD000A1FF28B10198FFF761F921460D48ECE720
:100FE00001980AA9FFF796FF0028F3D10198FFF7AF
:100FF00055F90AA9202202A8FFF7CFFA2146054693
:1010000018B9054805F086FBDAE70448D5E700BFC4
:10101000CFA0010C06A1010C3EA1010C74A1010C92
:101020002DE9F74F9146002282460C4698460192E0
:101030001BB9032003B0BDE8F08F05F05FFB2F4F15
:10104000054697F800B0BBF1000F10D105F056FB34
:10105000064605F057FB594602463046FFF7ADFA03
:1010600042F216032B8004236B8001233B7005F0B2
:1010700045FB6F88074405F041FB061DBE4225D3A2
:10108000C4F30B031FFA89F46E88ADF806400434EC
:10109000A4B2264443EA0A30B6F5803FADF8040016
:1010A000C7DA05F02FFBB6B2864225D804223846AF
:1010B0000DEB0201FFF7A4FA4A464146381DFFF73F
:1010C0009FFA6B8800201C446C80B3E704223146F1
:1010D0000DEB0200FFF794FABDF80430BAEB133FB2
:1010E00003D1C3F30B039C4204D0BDF80630043394
:1010F0001E44C3E702209DE701209BE7D82004306F
:101100000023F0B5B5B0009305464FF6FF7305A870
:10111000174600F0B7FC044618B14FF0FF3035B069
:10112000F0BD06460DF10E0303AA04A905A800F0C0
:10113000F5FC0028F1D1BDF80E30602B0ED1BDF8C2
:101140000C30842BE9D83846049913AAFFF7A8F885
:101150000028E2D10124BDF80C60E3E7102BE1D1B7
:10116000BDF80C30202BD8D8384604990BAAFFF7CD
:1011700097F80028D1D1002CCFD01F2ECDD9A6F1C1
:10118000200013AC04900BA920222044FFF738FA6A
:10119000A9012346324641F03F010120FFF740FFFD
:1011A000BDE70000024B1868421C1A60704700BF80
:1011B000DC200430024A1368013B1360704700BF13
:1011C000DC200430FFF7FEBFFFF7FCBFFFF7FABFDC
:1011D000FFF7F8BFFFF7F6BFFFF7F4BFFFF7F2BF67
:1011E000FFF7F0BFFFF7EEBFFEE7000008B5034BC7
:1011F0001B68834201D0FFF7E5FF08BDDC20043007
:101200002DE9F843582390F8BC4006465C432C2354
:1012100003FB014404440D461746D4F8208000F037
:1012200099FD10B92369DB0606D51F4B1C68FFF733
:10123000C1FF2046BDE8F8832946304600F096FD00
:10124000A0B91A4B1C681A4B1B68A342EFD019496E
:10125000194B1A48002D18BF194605F05BFA002DEE
:10126000E3D00121404600F070FDDEE7FFF79AFF72
:101270002946814696F8BC00FFF782FE04464846A0
:10128000FFF7B4FF0E4B1B689C42DCD1FFF78AFFCF
:101290002A4681463946304600F0BCFD04464846A1
:1012A000FFF7A4FFCFE700BF0C00043010000430AC
:1012B00014000430A5A1010CADA1010CB7A1010CD3
:1012C0000800043000487047E02404304379012BC3
:1012D00007D10368012B04D10079431E58425841BD
:1012E00070470020704700002DE9F8430E469046F5
:1012F00099460024099FBC4201D300200EE03D1B0B
:10130000B5F5806F28BF4FF4806530462B460A4AFA
:1013100004EB0901FEF7C4FF10B10120BDE8F8831A
:1013200008992B464046044A6118FFF73BF800280D
:10133000F3D12C44DFE700BFE02004302DE9F04F6B
:1013400095B004460E4600F00BFE002800F00B811D
:10135000864805F0DFF9FFF735FF231893F8BD1035
:1013600071BB204600F06EFC804690B900222046FA
:10137000114600F021FD00283ED094F8BC107C48B6
:1013800005F0C8F9012294F8BC30234483F8B0205A
:101390000CE04FF48071774805F0BCF9012294F815
:1013A000BC309045234483F8B020DFD194F8BC00D2
:1013B000231893F8B030023B022B98BF45F001058B
:1013C0000130C0B2012884F8BC00C6D9002D00F05D
:1013D0002B8100232C274FF0580884F8BC30E218EA
:1013E00092F8BD10002900F0D1800133DBB2012B4F
:1013F00084F8BC30F3D917E1204600F0EFFA00285A
:1014000007DD012294F8BC3007F8332007EBC30353
:101410005860204600F090FA4FF0010894F8BC2084
:10142000002800F09C80002353490AA8CDE90B1343
:10143000CDF828800D93FFF749FFB0B92AB90022F3
:101440002046114600F0B8FC9CE794F8B030042B1D
:1014500008BF84F8B080012AF1D094F8B130042B91
:10146000EDD1012384F8B130E9E7104600F074FEB5
:10147000831E022B824617D8FFF794FE4146814611
:101480000AAA2046FFF7BCFE80464846FFF7AEFE9C
:101490003A4B1B68984507D0394B1868804514BFF4
:1014A0004FF0050A4FF0010A94F8BC305FFA8AF059
:1014B000E21882F8B000002B3BD192F8B030012B3B
:1014C0007FF474AFFFF76EFE002181460AAA204622
:1014D000FFF796FE80464846FFF788FE002120462B
:1014E00000F038FC20B9254B1B6898453FF45EAFEF
:1014F000582294F8BC3002FB0343D3F82CA0FFF72A
:1015000051FE012181460AAA2046FFF779FE804656
:101510004846FFF76BFE1B4B9A457FF447AF174BCE
:101520001B6898457FF442AF94F8BC3004222344F2
:101530002CE70128C6D004283FF438AF94F8B01047
:10154000042904BF012184F8B010012BB5D094F810
:10155000B130042BB1D1012384F8B130ADE722447E
:1015600082F8B08022E70546074F2BE7DCA1010C8B
:1015700049A2010C0AA2010C01010001140004306F
:101580000C0004303DB8F396E024043092F8B0200B
:101590000EA802F0FB02012A14BF0121002108FB62
:1015A00003F207FB012214BF2C2100215B4203F050
:1015B0005803194401232244156A214400932A4602
:1015C000402300F05FFA58BB00230DF1160206A974
:1015D0000EA800F0A3FA002822DB40F06E81BDF8CF
:1015E00016300C2B1CD12846069907AAFEF758FE88
:1015F000B0B99DF81C30012B12D8E21892F8B02037
:101600005B42023A022A94BF2C20002003F05803C8
:101610001433184408A9204400F024FC0028D3DA2D
:1016200040F20113A4F8B0300020012884F8BC0077
:1016300024D90023A24DA34FDFF88C820793012BFE
:1016400084F8BC3040F2BE80079A022A7FF483AE51
:10165000002384F8BC3094F8BD30002B00F01F81CB
:10166000012394F8BE1084F8BC30002900F01781E3
:1016700084F8BC20934BD3F80090C0E0221892F875
:10168000BD50002D40F09B8001230A9340F20113CE
:10169000ADF82C3092F8B030CDE90C55042B8DF814
:1016A0002E508DF82F3007D8012B07D84ED04FF091
:1016B000FF3382F8B03049E0052BF7E74FF05809C7
:1016C00009FB0043414201EA09012C31DA6C214453
:1016D000FFF762FC012839D12F4694F8BCB07B4853
:1016E000594605F017F87A4805F014F894F8BC301C
:1016F00009FB0343D3F820A0D3F84C809B6A0293E4
:10170000029BBB422BD12A465946724805F002F88B
:10171000002352464146204601950093FFF7E4FD21
:10172000A0B9582794F8BC002A4607FB0043196A61
:10173000FFF730FC014648B90122204600F0A8FB23
:101740000546F0B10146644804F0E4FF94F8BC009B
:10175000231893F8B030FF2B31D16048F9E594F8A5
:10176000BC30294609FB03435B6A504603EBC703C1
:101770005A680023039200F0A1FA039A0137154436
:10178000BEE794F8BC30014607FB03431A6D0346DD
:101790005268404600F0D1FA94F8BC3007FB03438E
:1017A000D3E91423013B52F83300116802EBC3075D
:1017B000411A2B4640467A6800F0BFFAC6E701306E
:1017C000C0B232E7234493F8BD208DF818209DF86D
:1017D000181001F0FF0239B1079B0133079394F809
:1017E000BC300133DBB22AE793F8B030012B14D0C0
:1017F0001146204600F0E0FA78B1D5F800901022AA
:1018000000210AA8FEF7D9FE204600F089FBFFF769
:10181000D1FC484615B0BDE8F08FFFF7C3FC0022AD
:10182000814611462046FFF7EBFC82464846FFF70B
:10183000DDFC3B68D5F800909A45E0D1CA45DED082
:10184000D8F800309A45DAD094F8BC30BBB1012BFF
:1018500014BFFF2002200EA900F06AFC0028CCD1A2
:101860009DF83830012B0CD19DF83B30012B08D06E
:101870000021204600F024FB0028ADD0BDE7012068
:10188000E9E700222046114600F002FB024600284C
:10189000EED094F8BC10124804F03CFFADE758229B
:1018A00002FB0342126A5B42517803F05803317124
:1018B00092682344B2603360DCE694F8BC3094E56F
:1018C00010000430140004300C00043072A2010C2B
:1018D000A4A2010CBFA2010C06A3010C3FA3010CA2
:1018E00048A3010C0129F8B506460C4605D9FFF7B7
:1018F00061FC0E4B1C682046F8BD022201210C48F9
:10190000FEF75BFE00230B4F3C4484F8BD30FFF72D
:1019100049FC314605463846FFF710FD0446284687
:10192000FFF764FCFFF746FCE5E700BF100004305A
:10193000AD250430F02404305822F8B590F8BC30BE
:1019400002FB0300D0F828C0BCF5807F03D8466DA9
:10195000B6F5807F33D91E4804F0DCFE0020F8BDC8
:10196000AC4215D1476A07EBC2077F6801323C449D
:10197000076D07EBC3077F6801333D446245EFD332
:10198000B342EDD3624501D1B3421ED01148E3E723
:101990000BD2476A022907EBC2077F683C4401D19A
:1019A0000D48D9E701210132E8E7076D012907EB6E
:1019B000C3077F683D44F3D002210133DEE70021F5
:1019C0000B460A460D460C46D8E70120C7E700BF84
:1019D00087A3010CE7A3010CB3A3010C5822F8B5AF
:1019E00090F8BC3002FB0303002211461446154652
:1019F0001046D3F828C05F6D644505D3B94203D3C0
:101A0000A84228BF28461AE0A8420CD15E6A06EB1D
:101A1000C4067668013430441E6D06EBC106766854
:101A200001313544E8E70ED25E6A022A06EBC406AD
:101A30007668304404D1094804F06CFE0020F8BDFB
:101A400001220134D8E71E6D012A06EBC106766833
:101A50003544F0D002220131CEE700BFB3A3010C20
:101A600010B5582490F8BC3063432C2404FB013398
:101A7000184400212023006AFEF712FC003818BF2A
:101A8000012010BD2DE9F7430E461746994604463E
:101A900028B94FF0FF38404603B0BDE8F083002975
:101AA000F7D0002AF5D0CB680D8938461D440423B1
:101AB00029460DEB0302FEF7F3FB80460028E8D130
:101AC00046F60812BDF804107389914223D1BDF87F
:101AD00006109942DDD1042338460DEB0302294458
:101AE000FEF7DEFB0028D4D146F60713BDF804202C
:101AF0009A42CED19DF82830C4E90067A4F8089036
:101B0000A3727389BDF806202B44E36004351344A7
:101B100063612561BFE7002BE6D0BAE72DE9F74303
:101B20000F4690461E46044620B94FF0FF3003B0E2
:101B3000BDE8F0830368002BF7D04368002BF4D096
:101B40004FF6FF79D4E90413994215D223685B89D3
:101B500023B1E3688B4204BF043121610423606830
:101B60000DEB0302FEF79CFB0028DED1A37A25696A
:101B700023B1E368AB4201D80120D8E72189BDF841
:101B80000620494502F1040303D0BDF804C08C458A
:101B90000BD116B1BDF80410318004353D60A8F8B2
:101BA000002022691A442261C1E72B442361C9E75E
:101BB00038B50023934201D1064B04E0C55CCC5CF0
:101BC000A54205D0044B1C68FFF7F4FA204638BD47
:101BD0000133EFE71400043010000430084600F031
:101BE00007BA37B54FF480730546019395F8BC30BA
:101BF0000846BBB1012B11D1022901D0042214E007
:101C000058225343EA18526A28331D4401A9FEF7AB
:101C100035FF08B9019B2B6003B030BDFF29EFD021
:101C20000120F9E70129EBD003228242F8D15822A2
:101C300002FB03525C4204F058045434126D2544F4
:101C4000E4E7000058221C4B70B5002918BF0B4672
:101C500090F8BC50044602FB050203EBC52101F5D8
:101C6000805351621365FDB1012D14BFFF21022184
:101C70002046FFF7B6FFD8B9C5B1012D14BFFF212B
:101C800004212046FFF7ADFF054698B9582394F884
:101C9000BC6003FB0643186AFEF773FC04EB860482
:101CA000C4F8B400284670BD0121E1E70321E8E74C
:101CB0000125F7E70925F5E7B02504302DE9F341C3
:101CC0001E46C368054699420C46174630D25B1A39
:101CD00093422DD3EEB16A46FEF7B9FE002829DB08
:101CE000013FDDF800803C446A4621462846FEF765
:101CF000AEFE00281EDBDDE9004728463A462146B5
:101D0000FEF71EFC002815DB6EB1444512D9013CDC
:101D1000EAE7511E21446A46FEF799FE002809DBD6
:101D2000DDF80080E0E73C44444503D80134DBE7BC
:101D30004FF0FF3002B0BDE8F08110B412B110BC1A
:101D4000FFF7BCBF104610BC70470023C26819469D
:101D5000FFF7F3BF582290F8BC3053432C2202FB0C
:101D60000133C1180422086A00F056B9582290F8CD
:101D7000BC3053432C2202FB01310E4B4218415818
:101D8000994206D1D16813895B1802D25189C918CA
:101D900001D300207047136ADB689942F9D21069B9
:101DA00020F4F97020F001000005000DB0FA80F079
:101DB000400970473DB8F3962DE9F84304460E46B6
:101DC000174600254FF0580894F8BC00C5F10009EB
:101DD00009F02C0908FB009229462244FFF7CEF8AF
:101DE000012809D194F8BC30294608FB039220460B
:101DF0003B462244FFF734FE28B115B1002E08BF40
:101E00000020BDE8F8836B1C022B4FF00105F8D0D1
:101E1000DAE700005823F0B590F8BC4085B05C4389
:101E20002C2303FB024404440546276AFFF7BAF952
:101E30000023CDE9023301934FF480732146064617
:101E40003A4600932846064B00F002FA0446304614
:101E5000FFF7CCF9FFF7AEF9204605B0F0BD00BFA3
:101E6000B045043002780B789A420FD80BD34278F1
:101E70004B789A420AD806D342884B889A4205D8B2
:101E800060EB000070474FF0FF3070470120704753
:101E900037B558250B46114690F8BC2004466A43D6
:101EA0002C2505FB03220244126A01AB00F06CFBF7
:101EB00020B9019994F8BC00FEF7FEFB03B030BDD9
:101EC0002DE9F0412C264FF0580804464E4390F877
:101ED000BC000F4608FB006121440A6AFFF710F9B5
:101EE000054628B10C4804F015FC2846BDE8F081F1
:101EF00094F8BC3008FB03663444256AFFF7E2F926
:101F0000294603463A462046FEF7E4FB05460028EC
:101F1000EBD00248E7E700BF12A4010C3CA4010C7F
:101F200038B5044600235825012B84F8BC3000D96D
:101F300038BDE21892F8BD206AB905FB0343D86C9E
:101F400008B1FEF7ABF994F8BC3005FB0343186AFF
:101F500008B1FEF7A3F994F8BC300133DBB2E3E734
:101F60002DE9F743064600244FF05809012C86F866
:101F7000BC4001D900252DE0331993F8BD80B8F19C
:101F8000000F2DD141462046FEF741FD96F8BC10CA
:101F9000074609FB0161C0B22031FEF763F905462F
:101FA000E0B901212046FEF732FD96F8BC10074645
:101FB00009FB0161C0B24C31FEF754F9054678B116
:101FC00001230A4822463946009504F0A3FB304617
:101FD000FFF7A6FF284603B0BDE8F0834346F0E7CD
:101FE00096F8BC400134E4B2C0E700BF68A4010C1D
:101FF000C068203820F00F0020387047042809D02E
:10200000052803D1481E18BF01207047431A5842C3
:10201000584170470120704738B515460C4661B1EC
:102020005AB1FEF70EFD2146254411F8013B8342CB
:1020300003D1A942F9D1012038BD0020FCE738B511
:102040000C460123114622460546FEF729F90028D1
:102050000FDB012221462846FFF7DEFF18B10323DC
:102060000020237038BD2378012B14BF02230123E5
:10207000F6E70120F6E7C268203A22F00F02FFF7E8
:10208000DEBF000030B50D46C16887B0102302AA3C
:1020900010390446FEF704F9002802DA012007B0DF
:1020A00030BD1022204602A9FFF7B6FF00283AD122
:1020B00010221E4902A8FEF770FA00280CBF012367
:1020C00002232B702046FFF793FF012301460DF1F9
:1020D00007022046FEF7E4F80028DFDB9DF8073012
:1020E000204603F00F021B096A702B7101220DF1CB
:1020F0000701FFF791FF10B96B78042B03D9012377
:102100006B7000232B71E2682046203A22F00F0208
:10211000103AA91CFFF793FF0028BFD12046E91C05
:10212000FFF7A9FFBBE70323CBE700BFF6AB010C2A
:1021300013B50C46C0B201A9FEF794F850B9214678
:102140000198FFF79FFF04460198FEF7A7F8204685
:1021500002B010BD0124FAE7F0B585B06946044627
:10216000FEF716FF012807D11CB1012C14BFFF2078
:1021700002206946FFF7DCFF10B1FF2005B0F0BD7B
:10218000002C41D0012C14BFFF20042002A9FFF72E
:10219000CFFF012808D12146264804F0BBFA264B80
:1021A000029300238DF80C3000229DF800609DF80A
:1021B0000870224D31462878FFF720FF50B339468A
:1021C0006878FFF71BFF28B3AB78042B03D09DF88A
:1021D000031099421ED1EB78042B03D09DF80B100D
:1021E000994217D12B79042B10D16B79023BDBB2CA
:1021F000022B1AD9124A1348214604F08BFA687947
:10220000831E022BBAD9B8E70320BFE79DF802105E
:102210009942EAD00132032A05F10605CAD10A48DB
:10222000214604F077FA0120A8E7084A52F8232053
:10223000E1E700BFB4A4010C03010303E4AB010C0C
:10224000A2A4010CFBA4010C1CA5010CD8AB010C31
:102250002DE9F04FDFB00E46154604466B9F18B3CC
:1022600090F8BC2005926FF000410022DFF8C09189
:10227000CDE908126A9AD9F800800392699A0DF1A3
:10228000400A0292689A3146009220462A46CDF8CA
:1022900004A000F029F948B1D9F80060FEF78AFFE0
:1022A00030465FB0BDE8F08F0590DCE727B1202213
:1022B00051463846FEF7A4F900230AAF00932A4698
:1022C0004FF6FF7331463846FFF7DCFB82460028A5
:1022D000E2D1294620460F9EFFF780FCB042DBD3B7
:1022E00046464FF0FF3401E04FF0010A06AF0DF112
:1022F0001C0B3A4659460DF11A030AA8FFF70EFCCB
:102300000028C9DB40F08A80BDF81A30222B62D049
:1023100024D8022B4BD0102BE8D1B7F800A0BAF18B
:10232000200FB9D153462846DBF8001018AAFDF754
:10233000B7FF0028B0D1FEF735FF5246074618A96F
:1023400010A8FFF735FC82463846FEF74FFF394BA1
:102350001B685345C8D09FE79846C7E7502BC5D1A7
:102360003B88042B98D12846DBF8001009AAFDF71A
:1023700097FF002890D1FEF715FF08A9074605989A
:10238000FEF774F983463846FEF730FF294BD3F841
:102390000080D84580D1DDE908218A42A6D9D9F844
:1023A00000309845D8D0244804F0B4F974E73B884D
:1023B000982B3FF671AF2846DBF8001038AAFDF7DE
:1023C0006FFF00287FF468AF3A88059838A900F0BD
:1023D00037F804468AE7002C83DB184B1B68A342BE
:1023E0007FF77FAF3B88802B3FF656AF2846DBF860
:1023F000001018AAFDF754FF00287FF44DAFFEF738
:10240000D1FE0094834620213B8818AA10A800F032
:10241000F1F806465846FEF7E9FE62E7BAF1010F09
:102420007FF43AAF034B1B6843457FF435AF35E784
:10243000100004301400043050A5010C7CAA010CDB
:102440002DE9F0414FF020080E461546C2B0044673
:102450007022002126A8CDF80480FEF7AEF8702285
:1024600026A90AA8FEF7CCF81B490AA800F074F9BF
:102470002A4631460AA800F08AF90023424602A9FA
:1024800026930AA826AB00F09EF901AF0AA800F037
:1024900049F920463A4626A9FEF736FB044628B1FC
:1024A0004FF0FF34204642B0BDE8F081FEF77AFEDF
:1024B0003A68804626A902A8FFF77AFB07464046FD
:1024C000FEF794FE054B1B68BB42E9D1044B1E602E
:1024D000044B1D60E6E700BF090000021400043051
:1024E00000000430C42004302DE9F04792467022E9
:1024F000B8B00DEB02000C46DDE9425700219946C9
:10250000409EFEF75AF8702268460DEB0201FEF776
:1025100077F868461B4900F01FF935B1002F04DD3C
:102520003A462946684600F032F900256389228937
:10253000D4F80C8013449844454508D30024202245
:10254000684641991CAB1C9400F03DF90CE0A8EBE7
:102550000507B74228BF37464A463B4629465046FC
:10256000FDF79EFE044630B1684600F0DBF82046D9
:1025700038B0BDE8F0873A464946684600F007F9AA
:102580003D44D9E70900000270B514461D468AB0E3
:1025900058B390F8BC3042B33DB3582673432C2651
:1025A00006FB013101444B8913B903200AB070BD09
:1025B000012304A800935023FFF764FA0028F5D103
:1025C00003460DF10A0203A904A8FFF7A7FA70B9A0
:1025D000BDF80A30042BE8D12A4620460399FDF7BE
:1025E0005FFE003818BF0120E0E70720DEE74FF06C
:1025F000FF30DBE72DE9F047894600219EB0414BD3
:102600001646269ADFF800A153F8324006AF18228A
:1026100080463846CDE903110591DAF80050FDF700
:10262000CCFF09223949201DFDF7B7FF002854D1FE
:102630000A22374904F10D00FDF7AFFF00284CD105
:1026400020224FF42050334BCDE90423E3780733A5
:10265000E118314B11F8022CCDE9080344F21213B2
:102660003846ADF81830013A03AB00F0CFF8014618
:10267000002832D160223846FDF79FFFF578049C90
:102680000436AC4233D82B1B1E4422463146384612
:10269000FDF7B6FF05F0FE0573195A78023594422E
:1026A0009ABF131B2246C2EB440406EB05019ABFF6
:1026B000C918B8183819FDF7A3FF049B9DF814102A
:1026C0005B00CDE9007342464B46039841F006217A
:1026D00000F0EEF890B9114B1D68039808B100F0B6
:1026E000C3F8FEF767FD28461EB0BDE8F087601B03
:1026F0002A4631463844FDF783FFCDE7DAF800502B
:10270000EBE700BF000004301000043010AC010CF7
:1027100006AC010C09000002090600061400043092
:102720000020704770B50546FEF73CFD2C68064654
:1027300034B9FEF73FFD3046FEF758FD204670BD28
:10274000012C06D1281D00F089FA044600232B60D5
:10275000EFE76FF08804F9E7F8B505460C46FEF799
:1027600021FD2F1D6C22002106463846FDF725FF6E
:102770002146384600F084FA044608B901232B604C
:10278000FEF718FD3046FEF731FD2046F8BDF8B5DE
:1027900005460F461446FEF705FD064634B9FEF71A
:1027A00009FD3046FEF722FD2046F8BD2B68012BBF
:1027B00006D122463946281D00F08EFA0446EEE77F
:1027C0006FF08804EBE72DE9F04104460F46904690
:1027D0001D46FEF7E7FC00232B6023680646012B0D
:1027E00011D12B4642463946201D00F087FA054696
:1027F0002046FFF797FFFEF7DDFC3046FEF7F6FCBC
:102800002846BDE8F0816FF08805F1E770B51E46F7
:10281000038803F44F44B4F5824F17D1551E6D0859
:10282000ED00104CC4E900120146182204F1080022
:10283000FDF7E6FE0123226A6581013242F0004283
:1028400022620020326084F8243070BD03F4E0433B
:10285000B3F5805F02D0B3F5005F01D1D500E0E7AA
:102860000025DEE7B0460430F0B5002887B004DB71
:10287000442200210C48FDF7A0FE00266C460B4FB9
:1028800031461822684607F10805C7E90066FDF7DA
:1028900094FE0FCC0FC594E8030085E80300304692
:1028A00087F8246007B0F0BDD8460430B046043045
:1028B00030B5002885B02ADA1648C468240A26D123
:1028C000048904F44F45B5F5824F1CD121F4FF75FE
:1028D00025F00105B5F1062F19D1E4B2122C12D161
:1028E0004489B4F5807F0ED1099C00920394089C22
:1028F000CDE901340B46426850F8081B00F0A4FEF5
:1029000010F1860F01D16FF0850005B030BD6FF07A
:102910008600FAE7B04604307047002818BF6FF011
:102920008300704710B514461846FDF769FE039BF7
:1029300000201C6010BD000010B50A46044619B105
:10294000024B00211B68984710BD00BF1CAC010C56
:1029500001680E4A0346914215D1C169A2F11022C5
:10296000A2F1EF1291420ED18268012A0BD8C268FF
:1029700012B101698A4206D0586928B19B691B1AB5
:102980005842584170470120704700BF55AA00FFC8
:102990000E4B70B59E68B6B13046FFF7D9FF0446BE
:1029A00018B9F3687BB935690DB9204670BD284662
:1029B000FFF7CEFF28B9EB68B34204D12E462D694C
:1029C000F2E70446F1E70124EFE700BF1C470430BB
:1029D0002DE9F843404E3468D4B1B468C4B100283E
:1029E00077D0002975D001FB00F5B5FBF0F08842E7
:1029F0006FD1281D6DD8A9070DD025F00307043726
:102A0000F46803E06368BB4207D2A469002CF9D1E3
:102A10002046BDE8F8832F46F2E7A3681BB12F4B91
:102A200001201B689847D4E90520616804F120085B
:102A3000C91B23291CD80123A360BAB19061A369E3
:102A400003B15A610023C4E905333369DA0706D5B7
:102A5000FFF79EFF18B10120204B1B6898472A46BC
:102A6000002140464446FDF7A8FDD1E7F060E6E7C7
:102A700007F1200C04EB0C03203959600021DFF82A
:102A800060E0C3E902142169196144F80CE0DFF841
:102A900054C0C3F81CC001B1CB60C3E90520B2B17A
:102AA00093619A6902B15361236100234FF00109D8
:102AB000C4E905333369C4E90179DB07CFD5FFF7F2
:102AC00067FF0028CBD0054B48461B68C6E7F3607C
:102AD000E7E700249CE700BF1C47043018000430DF
:102AE00055AA00FF669911EE2DE9F0410546002830
:102AF0007CD03F4F3B68002B78D0BA68002A75D055
:102B0000834203D87A681344984203D3394B012097
:102B10001B689847A5F120042046FFF719FF18B15C
:102B2000344B01201B68984755F8183C012B03D003
:102B3000304B01201B689847002355F8146C45F86A
:102B4000183CAEB1B26892B955F81C3C03F12002B2
:102B500073681344736055F8103C336103B1DE6051
:102B6000204620220021FDF728FD234634461E463C
:102B70002069002832D08368002B2FD16368426817
:102B80002033134463600369D4E905212361DAB972
:102B900001BB426981696261A161EAB19461A26984
:102BA00002B1546103B1DC6020220021FDF705FD74
:102BB0003B699B071AD5FFF7EBFEB8B1BDE8F041C2
:102BC0000C4B01201B6818479161A1690029E0D0D6
:102BD0004A61DEE7F960F8E7FC60E0E7002EE7D144
:102BE000FB68A36103B15C61FC60E1E7BDE8F081D3
:102BF0001C4704301800043038B50D46142200215B
:102C000004461248FDF7D9FC1149124801F07CF93D
:102C1000232D1AD914F003031FBF043DED18C3F18F
:102C20000403E4182A4600212046FDF7C6FC074BA2
:102C3000094AC3E900459C602260A2F11022203DB0
:102C4000A2F1EF126560E261DC6038BD1C47043020
:102C5000E92A010CD129010C55AA00FF036810B51F
:102C600004462BB1054A934205D1043000F0DEFB47
:102C70000020206010BD6FF08800FBE70900000213
:102C8000F8B5076805460C4607BB124B994213D1AD
:102C9000061D304600F0C6FB3046394600F0CCFB3E
:102CA000064628B92C603046BDE8F840FFF735BE2F
:102CB0002846FFF7D3FFF6E701F0FE44B4F1007FAA
:102CC00014BF6FF086006FF08500F8BD6FF08800CC
:102CD000FBE700BF0900000210B5074B04689C42E7
:102CE00006D1043000F0D6FBBDE81040FFF715BE5A
:102CF0006FF0880010BD00BF090000022DE9F0410F
:102D00001F460478064644F0007404F17E44033CF8
:102D1000102C98BF104B884615468CBF00241C5DB4
:102D20003A601AB121214046FDF747FCAC420DD86C
:102D300032680A4B9A420CD14146301D00F0EAFB42
:102D4000FFF7EBFD00B93C60BDE8F0816FF0890052
:102D5000FAE76FF08800F7E720AC010C09000002E9
:102D60002DE9F04F0D46D5B000F1440304934BAB71
:102D7000059300F164030693DDE9043253F8041F60
:102D800042F8041F06999942F8D100240BAE09AF0E
:102D9000291904223846FDF733FC3B6804341BBA7A
:102DA000402C46F8043FF3D197490DF1280A5546C7
:102DB000DDE951EBDDE94C76DDE94E328C46DDF89C
:102DC0004C81DDF840910191A868DCF800104FEAD1
:102DD000F92484EAB91401448BEA0E0084EA796488
:102DE00000EA090080EA0B002144014441444FEA13
:102DF000773888EAB70888EAB7580A44884447EA27
:102E0000060107EA0600194001438844E868DCF837
:102E100004104FEA7834014489EA0E00104080EA39
:102E20000E00594401444FEAF22080EAB21080EAD1
:102E3000726084EAB804014484EAB8540B440C4438
:102E400048EA070108EA0700314001430C442869B9
:102E5000DCF808102035014482EA0900184080EAB5
:102E60000900714401444FEAF32080EAB31080EA7C
:102E7000736001444FEA743080EAB40080EAB450D1
:102E800001EB060E084448EA040108EA040639404A
:102E90003143084455F80C6CDCF80C100CF1200C94
:102EA0000E444E4482EA030909EA0E094FEAFE2164
:102EB00089EA020981EABE1181EA7E614E440E442C
:102EC0004FEA703181EAB00181EAB05106EB07099F
:102ED000314444EA000604EA000706EA08063E43D5
:102EE000314455F8087C5CF8106C3E44164483EA83
:102EF0000E0202EA09025A4016444FEAF92282EA17
:102F0000B91282EA796216444FEA713282EAB1025A
:102F100082EAB152B044324440EA010600EA0107B5
:102F200026403E43324455F8047C5CF80C6C3E4429
:102F30001E448EEA090303EA080383EA0E031E44D3
:102F40004FEAF82383EAB81383EA78631E444FEA12
:102F5000723383EAB20304EB060B83EAB25341EA0D
:102F600002043344044001EA0206344323442E6839
:102F70005CF8084C344489EA080606EA0B0686EA3F
:102F80000906744434444FEAFB2686EABB1686EAF7
:102F90007B66344400EB040E4FEA733080EAB300E2
:102FA00080EAB350204442EA03040C4002EA0306DC
:102FB000344306196C685CF8040C204488EA0B045E
:102FC00004EA0E04484484EA080420444FEAFE243C
:102FD00084EABE1484EA7E64204401EB00094FEACF
:102FE000763181EAB60181EAB651014443EA06002E
:102FF000104003EA060420430F181AA9A9427FF4DF
:10300000E3AE3AA9079101E034AC010CDAF84010C4
:10301000DAF80C404FEAF14585EA7145DAF8080024
:1030200085EA9125DAF82C100AF1200A01444FEACA
:10303000B44080EAF41080EAD400294401440391AA
:103040008BEA0E004FEAF92181EAB91100EA090082
:1030500081EA796180EA0B000844019907EA0605D4
:10306000096C084403990844404402440292CAF897
:10307000281047EA06024FEA773181EAB7011A4081
:103080002A4381EAB7511144DAF8242001444FEA77
:10309000F24585EA72455AF8100C85EA9225DAF86D
:1030A0001020DDF808C014444FEAB04282EAF01262
:1030B00082EAD0022C441444029A89EA0E05154093
:1030C000019A85EA0E05526CCAF82C405A442244F3
:1030D0001544029A4FEAF22282EABC1282EA7C622A
:1030E0002A4403EB020B47EA01054FEA713307EA72
:1030F000010C83EAB103354045EA0C0583EAB1537C
:103100002B441344039A5AF80CCC4FEAF24585EA53
:10311000724585EA9225DAF8142000EB02084FEA9E
:10312000BC4282EAFC1282EADC02A8449044029A81
:103130004FEA733589EA0200019A00EA0B00926CAB
:1031400080EA09007244424410444FEAFB2282EABA
:10315000BB1282EA7B62024441EA030006EB020EE4
:1031600085EAB30501EA03063840304385EAB355E2
:10317000054415445AF8086CDAF818204FEAF44070
:1031800080EA744080EA94200CEB02044FEAB642D5
:1031900082EAF61282EAD60204441444029A03EA4E
:1031A000050C82EA0B0000EA0E005040019ACAF8B2
:1031B0003080D26CCAF834404A44224410444FEA6A
:1031C000FE2282EABE1282EA7E62024407EB020914
:1031D0004FEA753043EA050780EAB5000F4047EA39
:1031E0000C0780EAB550384410445AF8047CDAF8E9
:1031F0001C204FEAF84C8CEA784C16444FEAB74250
:103200008CEA982C82EAF71282EAD70266441644C6
:10321000019ADDF808C0126DCAF838603244624481
:103220008BEA0E0C0CEA090C8CEA0B0C62444FEA98
:10323000F92C8CEAB91C8CEA796C94444FEA703210
:1032400082EAB00201EB0C0882EAB05245EA0001C2
:103250000292194005EA00021143029A0A444FEA19
:10326000F44181EA744181EA9421DAF82040624411
:10327000DAF800C03C440C444FEABC4181EAFC113E
:1032800081EADC010C4401998EEA0907496D07EADD
:1032900008072144594487EA0E070F444FEAF821F2
:1032A00081EAB81181EA7861394403EB010B4FEAF6
:1032B000723383EAB20383EAB25340EA020702930D
:1032C0002F4000EA02031F43029BCAF83C403B44E4
:1032D0000B444FEAF64181EA764181EA9621DAF819
:1032E0002460DAF80470664431444FEAB74686EA4F
:1032F000F71686EAD706314402910199DDF808C035
:10330000896D89EA0806614406EA0B06714486EA7B
:1033100009060E444FEAFB2181EABB1181EA7B6179
:10332000314405EB010E42EA03064FEA7335CAF851
:1033300040C0064002EA030C85EAB30546EA0C06E3
:1033400085EAB35535446E18DAF80810039D4FEA44
:10335000F44C3D444FEAB14787EAF11787EAD107B9
:103360008CEA744C01998CEA942C6544C96D3D44F7
:1033700088EA0B0707EA0E072944494487EA080749
:103380000F444FEAFE2181EABE1181EA7E61394491
:1033900043EA060703EA0609174047EA090700EB74
:1033A000010901984FEA763C20308CEAB60C019076
:1033B00007988CEAB65CCAF84450BC44504501EB0F
:1033C0000C077FF423AE0AA8C0F81031C0E9001C36
:1033D000029BC0F82481C0F80031C0F81421C0F865
:1033E000FC40C0F820B1C0F81CE1C0F80C61C0F886
:1033F0000451C0F81891C0F80871049A059952F860
:10340000043F049251F8042F1344049A0591136069
:10341000069B9342F1D14FF49471FFF78DFA55B0AA
:10342000BDE8F08F68220021FDF7C7B810B1682110
:10343000FFF782BA7047000003460846C1B9C3E9E6
:1034400010110D4A0D49DFF838C0C3E912120D4AB8
:103450000D49C3E914C20D4AC3E916120C4A1A6693
:1034600002F17452A2F52302A2F692425A66704704
:103470006FF08600704700BF85AE67BB67E6096ADC
:1034800072F36E3C3AF54FA57F520E518C68059B46
:10349000ABD9831F2DE9F04105460E46144612B301
:1034A000036C03F03F079B18036422BF436C013396
:1034B00043647FB1C7F1400842450FD342463844C8
:1034C000FDF79EF829462846FFF74AFC2744464464
:1034D000A7F140043F2C09D82CB1002722463146E1
:1034E000E819FDF78DF80020BDE8F081374606EBBE
:1034F0000408394628464037FFF732FCA8EB07039B
:103500003F2BF6D8A4F1400323F03F0340331E4481
:10351000E41ADFE773B50D468021036C044603F01F
:103520003F035A1C382AC154104474D80021C2F1F8
:103530003802FDF742F8D4E91062730F43EAC20380
:1035400004221BBA0DEB020104F138000193FDF7D0
:1035500057F80422F6000DEB020136BA04F13C00E4
:103560000196FDF74DF821462046FFF7F9FB0422AE
:10357000A36C0DEB02011BBA28460193FDF740F83E
:103580000422E36C0DEB02011BBAA8180193FDF7AE
:1035900037F80422236D0DEB02011BBA05F1080078
:1035A0000193FDF72DF80422636D0DEB02011BBAA8
:1035B00005F10C000193FDF723F80422A36D0DEB38
:1035C00002011BBA05F110000193FDF719F804225E
:1035D000E36D0DEB02011BBA05F114000193FDF739
:1035E0000FF80422236E0DEB02011BBA05F118003F
:1035F0000193FDF705F80422636E0DEB02011BBA7F
:1036000005F11C000193FCF7FBFF2046FFF70EFFBE
:10361000002002B070BDC2F140020021FCF7CDFFD6
:1036200021462046FFF79CFB38220021204680E7F8
:10363000043004289ABF034B33F910006FF0830065
:10364000704700BF34AD010C4123F0B595B00DF1CA
:10365000080CCDE9003CDDE91A56DDE91C47029370
:1036600003ABFFF75FF998B99DF80C30042B0DD12F
:10367000402F0FD133462A4620460DF10D0100F0B0
:103680008DFB15B0BDE8F040FFF7D2BF6FF08600AC
:1036900015B0F0BD6FF09400FAE70022016000F170
:1036A0001C0340F8042F9842FBD17047F0B500246A
:1036B00005462646204652F8247051F82430DB197E
:1036C00046EB06071B1845F8243004F1010447F1C6
:1036D0000000082CEFD1F0BD002370B50646184657
:1036E00052F8235051F82340641B65EB0505241A5A
:1036F00046F8234003F1010365F10005082BC5F1ED
:103700000000EDD170BD70B504395642041F013A76
:103710001C3054F8043F51F8045F134035402B43EC
:1037200084422360F5D170BD002330B504461846AD
:1037300054F8232051F8235001336A40082B40EA03
:103740000200F5D130BD021F00F11C03002052F829
:10375000041F9A4240EA0100F9D170472DE9F04771
:10376000002506468946AA46171FA0F1040C02F15F
:103770001C0857F8043F5CF804EF4C46200C1A0C68
:10378000A4B29BB21100414362435C43434318041B
:103790001B0C24184B411004120C24185341704682
:1037A0000022241853416419534147451D46CCF863
:1037B0000040DED1336A5A195B1932624AEB0A00C3
:1037C000BDE8F08710B50438A1F120024B7F0C7FD3
:1037D0001B0443EA0463CC7F0439234391F822405D
:1037E0008A4243EA042340F8043FEFD110BD70B58C
:1037F00088B01E460446FFF759FF3246054621466B
:103800006846FFF769FFC0F10102694620462A4376
:10381000FFF779FF08B070BD2DE9F04F9846D3F857
:1038200040A00023074618468BB0914601AA0133F9
:10383000092B42F8040BFAD1A1F1040B01F11C068B
:10384000D9F800305BF8041F019D4A4601A803FB2C
:103850000155FFF783FF0AFB05F50446424629465A
:1038600001A8FFF77BFF0823044401AA5168013B2C
:1038700042F8041BFAD1B3450994E1D1424601A9AB
:103880003846FFF729FFC0F1010222433846C2F152
:103890000102FFF738FF0BB0BDE8F08F014BFFF7D7
:1038A000BBBF00BFE4AD010C0B4601F12002014695
:1038B000FFF7B2BF30B504460D4689B06846012116
:1038C000FFF7EBFE2B466A4621462046FFF7A4FF92
:1038D00009B030BD38B504461546FFF7DEFE29466F
:1038E0002046BDE83840FFF7DFBF2DE9F04314461E
:1038F0000646274689B001226846FFF704FF2246A4
:1039000001213046FFF7E6FF256804F11C09023D5E
:103910004FF02008EB0705D523466A46314630466E
:10392000FFF77AFF23466A4669466846FFF774FF49
:10393000B8F101084FEA5505ECD14F4502D057F8D0
:10394000045FE5E709B0BDE8F083000070B51446F8
:1039500006460D4688B0214620460C4AFFF7C5FFB3
:10396000224621466846FFF799FF6A4631463046AF
:10397000FFF794FF224669466846FFF78FFF6A46C5
:1039800029462846FFF78AFF08B070BDE4AD010C58
:1039900030B5044689B0FFF715FF0C4A214668464A
:1039A000FFF79AFE054601216846FFF776FE6A4654
:1039B00021466846FFF790FE2DB1003818BF012060
:1039C000404209B030BD4FF0FF30FAE7A0AD010C26
:1039D00010B588B004460146054A6846FFF77CFEEC
:1039E0006946C0F101022046FFF78DFE08B010BD08
:1039F000A0AD010C70B51F2A04460B4688B00FD845
:103A000000206D46694606460130202805F8016B06
:103A1000FAD1C2F11F0008441A4493420CD1204647
:103A2000FFF7D0FE2046FFF7D3FF2046054908B038
:103A3000BDE87040FFF738BF13F8015B00F8015F85
:103A4000EBE700BFA0AD010C30B589B00446FFF72D
:103A500043FE054621466846044AFFF727FE2A46EC
:103A600069462046FFF74FFE09B030BDE4AD010CBA
:103A7000F0B516461F4604460D4699B011466846F5
:103A8000FFF70CFF3246694608A8FFF707FF3A46E2
:103A900069466846FFF702FF08A908461E9AFFF725
:103AA000FDFE224669466846FFF7CEFF08A92A4672
:103AB0000846FFF7C9FF6A4631463046FFF7EEFE7B
:103AC0006A46694610A8FFF7E9FE6A46684610A9EB
:103AD000FFF7E4FE10A922460846FFF7DFFE08AA1A
:103AE00011462046FFF7DAFE2146204610AAFFF7CE
:103AF000ABFF2146204610AAFFF7A6FF6A462146E3
:103B00002046FFF7A1FF10A922460846FFF79CFFB9
:103B100010A9084608AAFFF7C1FE2A46694668466A
:103B2000FFF7BCFE6A46284610A9FFF78DFF19B0C3
:103B3000F0BD000070B5044690B00D461146164623
:103B4000FFF740FE2146234A08A8FFF7C5FD0128DC
:103B500003D04FF0FF3010B070BD11462046FFF784
:103B6000A3FE284606F12001FFF72CFE2946194A3C
:103B700008A8FFF7B1FD0128EBD111462846FFF751
:103B800093FE2A4629466846FFF788FE22462146CC
:103B900008A8FFF783FE08A922460846FFF77EFE25
:103BA00008A922460846FFF74FFF08A92246084603
:103BB000FFF74AFF08A922460846FFF745FF08A974
:103BC0000846044B044AFFF712FE684608A9FFF7AF
:103BD000ABFDC0E7E4AD010C80AD010C70B504464F
:103BE0000D46164698B0114608A8FFF757FE344B0D
:103BF0002146684608AAFFF7FAFD214608AA10A840
:103C0000FFF722FF694610AA08A8FFF747FE08AA97
:103C1000114668462A4BFFF7EAFD69466846284B7D
:103C200008AAFFF7E4FD2A46294610A8FFF736FE4A
:103C300010AA11461046224BFFF7D9FD214610AAC3
:103C400008A8FFF72BFE08AA114610461C4BFFF7E9
:103C5000CEFD10AA11461046FFF720FE10AA184B01
:103C600011461046FFF7C3FD6A4669462046FFF736
:103C700015FE2146204608AAFFF7E6FE214620460B
:103C800008AAFFF7E1FE324629463046FFF706FE56
:103C90000B4B324631463046FFF7A9FD22462846F7
:103CA00008A9FFF7D1FE6A4629462846FFF7F6FD28
:103CB0002946284610AAFFF7C7FE18B070BD00BFFE
:103CC000E4AD010C2DE9F04F9946054692460C46AD
:103CD000A3B02C9E2F49324602A8FFF7FDFCD6F870
:103CE00000B031460BF0010202A80DF14808FFF7C1
:103CF0000AFD00214046FFF7D0FC4A4641460AA88B
:103D0000FFF7A2FE012251462846FFF7FCFC0122E4
:103D100049462046FFF7F7FC01211F4A1AA8FFF782
:103D2000D9FD6FEA0B02204602F001020AA9FFF753
:103D3000EAFCFF277B0922AA02EB830353F8806C7D
:103D400007F01F02D64086EA0B06F243494640467A
:103D500002F00102FFF7D7FC404606F001020AA973
:103D6000FFF7D1FC214628461AAAFFF737FF534632
:103D700021462846CDF800801AAAFFF779FE013FB8
:103D8000D8D1214628461AAAFFF7E0FD23B0BDE8A6
:103D9000F08F00BFA0AD010CE4AD010C2DE9F041A6
:103DA000C2B004460F46014602A815469846FFF7E2
:103DB000EFFD28B16FF00307384642B0BDE8F0814F
:103DC0000AAE304604F12001FFF7E2FD0028F1D1F0
:103DD0004246294612A8FFF70DFE30464649FFF736
:103DE00063FD1AAC31463046434AFFF77EFD424B35
:103DF0003246204612A9FFF70FFD22AD20463E496C
:103E0000FFF758FD0122284602A9FFF77CFC28464F
:103E10003949FFF749FD3246374B29462846FFF717
:103E2000FBFC28463449FFF745FD3A4632A92AA84B
:103E3000FFF780FE074600285BD112A831460095A7
:103E400032AB2AAAFFF73EFF2046FFF77CFC90B971
:103E50000122204612A9FFF756FC28492046FFF709
:103E600029FD2046FFF7B4FD204602A9FFF75CFCC0
:103E70000028A1D09EE7224B224A32A92AA800940A
:103E8000FFF720FF012220462AA9FFF73CFC012270
:103E9000284632A9FFF737FC01213AA8174AFFF755
:103EA00019FD12A92AA8FFF73FFC60B10B46204676
:103EB000294600963AAAFFF7DBFD294620463AAA92
:103EC000FFF744FDC9E7314632A8FFF72DFC28B9BA
:103ED000294620463AAAFFF781FEEEE739462046FA
:103EE000064AFFF7F7FC39462846044AFFF7F2FC7A
:103EF000B3E76FF001075FE7A0AD010CE4AD010C83
:103F000040AD010C60AD010C024B1860024B00206B
:103F100019607047200004301C000430464A136BBF
:103F200023F4807323F0010343F480731363136954
:103F300043F03003136153691807FCD53F4B1A69EE
:103F400022F4FE0242F480021A611A6822F018027A
:103F50001A601A6842F001021A601A689107FCD5CB
:103F600037490A6822F00F0242F005020A609A6A95
:103F700022F0030242F001029A629A6A42F480320D
:103F80009A629A6A42F400329A629A6A42F48022F1
:103F90009A629A6A22F010029A629A6A22F00C02DD
:103FA00042F008029A629A6A22F020029A629A6AA1
:103FB00022F47C5242F400629A625A6B6FF3080258
:103FC00042F03B025A635A6B22F47E4242F4007282
:103FD0005A635A6B22F4FE0242F480325A635A6BDF
:103FE00022F0FE4242F080725A631A6842F08072F8
:103FF0001A60124B1A689201FCD51A6A22F00F025D
:104000001A621A6A22F070021A621A6A22F4E062D4
:104010001A621A6A22F4E0421A62DA6942F0030272
:10402000DA61064BDA6902F01802182AFAD11A6826
:1040300042F480521A60704700080254000C025487
:1040400000200250642810B50C460AD065280DD017
:1040500001466422064802F05DFB4FF0FF3318462C
:1040600002E04FF040630020236010BD0023F6E71C
:1040700090A5010C08B501F0B3FB18B1BDE80840EC
:1040800007F06AB808BD00001FB5214B1B680193FB
:10409000204B5B680293204B5B680393019B029B60
:1040A000039B00F03DFC01F08FFEFFF7E3FF01F002
:1040B000F1FB20B1194802F02DFB07F04DF8FCF799
:1040C0009FFC20B1164802F025FB07F045F80024BC
:1040D00000F032F800F00AF9124B1C6000F02CF8E6
:1040E00000F004F9104B20469B68984720B10F4818
:1040F00002F010FB07F030F80D4B00209B6898474A
:1041000010B10C4802F006FB002004B010BD00BF47
:104110000080020C00E0020C00E0000CE0A5010CA5
:1041200002A6010C3447043080AE010C2FA6010C0E
:10413000C8AE010C5AA6010CF7B5624C236883B9CE
:10414000614BD3F8882042F08072C3F888204FF486
:104150000022D3F8883003F080730193019B5B4BFE
:104160009A61206800286DD1594B5A49D3F8D02064
:1041700022F00102C3F8D0200A680130C3F8D82029
:104180004A68103122F01F02C3F8DC2011F8045CE9
:1041900051F8082C003D18BF012522F01F0242EA09
:1041A000450242F001020428C3F8E020E4D1BFF345
:1041B0004F8FBFF36F8FD3F8D02042F00102C3F8C6
:1041C000D0202368D3B94022434844497F25C0E921
:1041D0000012F922C0E90433C0E90252C0E90633F3
:1041E000036201F083FA08B106F0B6FFFF213A48F6
:1041F00001F0D2FA3A49384801F0E4FA2368002B7A
:104200004FD1012000F05CFF2268002A50D12E4BD4
:104210000520D3F8881041F40031C3F88810D3F892
:104220008830114603F400330093009B01F0F8F846
:10423000052001F025F92B4A536C43F00203536427
:1042400003B0F0BD0027234D214E2B68C6F8D830AF
:10425000D6F8D800D6F8DC208342D6F8E01011D189
:104260006B6823F01F0393420CD12A7BAB68003AA2
:1042700018BF012223F01F0343EA420343F0010366
:104280008B4201D006F068FF0137042F05F11005BD
:10429000DBD10F4BD3F8D030DE0792D406F05CFFB1
:1042A0008FE700F017FF0128AED006F055FFABE70F
:1042B0000C4B5B6C9B07C3D403B0BDE8F04006F029
:1042C0004BBF00BF34470430000C0254002403509D
:1042D00000ED00E040AE010CC0470430007800540F
:1042E0000000FF5D006002507047000073B50123BD
:1042F0000226744C744D20466361266200F074FE01
:1043000028466E6100F070FE002323602B60236955
:1043100003F07F43B3F1344F04D06C4802F0FAF954
:1043200006F01AFFE368002B04DA694802F0F2F99C
:1043300006F012FFE36803F07F53B3F1345F04D05B
:10434000644802F0E7F906F007FF616A624B9942A0
:1043500007D0624802F0DEF9614802F0DBF906F0AE
:10436000FBFED4E90F320BB97F2A11D000215D4842
:1043700000927F2202F0CEF95B4802F0CBF97F2356
:104380004FF0000CC4E90FC3236843F400732360AB
:10439000D5E90F329A420CD300927F210022534874
:1043A00002F0B8F97F260023C5E90F634FF40073CC
:1043B0002B60D4E90632012B01D11C2A0ED01C211E
:1043C0004B4802F0A7F91C230120C4E90603494821
:1043D00002F0A0F9236843F001032360D4E90C3212
:1043E0000BB9132A10D0002143480092132202F087
:1043F00091F9424802F08EF913230021C4E90C130D
:10440000236843F04003236023691A0704D53C481E
:1044100002F080F906F0A0FE23695B0604D5394856
:1044200002F078F906F098FE23682A68134323D037
:1044300000F020FB00F040FB236843B1214800F06E
:1044400043FC20B1304802F065F906F085FE2B6888
:1044500043B11D4800F038FC20B12B4802F05AF956
:1044600006F07AFE00F0E4FB20B1284802F052F991
:1044700006F072FE01F012F8A16AC32907D02448A1
:1044800002F048F9234802F045F906F065FE63683A
:10449000B3F56D4F13D0B3F5B85F10D0B3F5385FF7
:1044A0000DD0B3F5464F0AD0B3F5E44F07D0B3F5BE
:1044B000B84F04D002B0BDE8704006F04DBE02B067
:1044C00070BD00BF7C4704303847043090A6010C13
:1044D000ACA6010CDBA6010C0000010C09A7010C25
:1044E00019A7010C41A7010C6EA7010CA9A7010C8B
:1044F000D6A7010C0AA8010C3DA8010C6DA8010C5F
:104500009FA8010CCBA8010CECA8010C12A9010C6E
:1045100034A9010C44A9010C042A09DB0B680360CF
:1045200000F1040001F10401A2F10402042AF5DA09
:10453000002A09D00B78037000F1010001F101019C
:10454000A2F10102012AF5DA70470000044B82B0A3
:10455000186883B26FF30F00184302B0704700BFB2
:10456000C4AE010C0C20704700207047012805D90B
:1045700002280CBF00206FF0040070476FF00300AA
:1045800070476FF003007047014B1868704700BF19
:10459000F047043000487047ACAE010C08B54FF44A
:1045A0007A7000F09BFA002008BD00000C4B70B53B
:1045B0005A6992B11C69002301390144151DA342B7
:1045C00001D1002070BD52F83360864203D855F8FF
:1045D0003360B14201D90133F1E70120F2E700BFB6
:1045E000440004302DE9F0411446204B96001A781F
:1045F000074622F002021A70421E02EB8402B2F554
:10460000001F0D4611D31A4A94693CB16FF00400A3
:104610001A7842F002021A70BDE8F0813246FF219A
:104620002846FBF7CAFF2046F6E70023DFF8448060
:104630003146C8F80030FFF7B9FF324690B107F1B4
:1046400040612846FFF768FFD8F8003023B13246B2
:1046500000212846FBF7B1FF002324F04040C8F8B2
:104660000030D9E707F10061EBE700BFF047043005
:1046700044000430F447043038B50E4D6B68DC0755
:1046800009D40C4B5A68900711D45A68520744BF9A
:104690000422DA6038BDFCF747FA04466B689907D4
:1046A000EFD4FCF741FA001B0128F7D9E9E7022211
:1046B000DA60EAE7000403500B4A10B5D36823F030
:1046C0000203D36001F096F8FCF72EFA044601F0DD
:1046D000ADF840B1FCF728FA001B0128F7D901F02A
:1046E000A5F80028F3D010BD000403502DE9F04FC9
:1046F000454F87B03B784FEA8208019123F00203CF
:104700004146064615463B70FFF750FFF0B14FF0AB
:10471000020B4FF0406A721E4244B2F5001F0CD2E9
:1047200048EA060414F00F0407D1384BD3E902011C
:10473000234601F1040E83420DD16FF004003B7853
:1047400043F002033B7007B0BDE8F08F4FF0006A02
:10475000DFF8BCB0DFE751F833C0664503D35EF83D
:1047600033C0624544D90133E5E700F06FF93B7887
:1047700043F001033B70019B1022191902A8FBF7BB
:104780003FFF029B049A05991A40039B0B40B3F12B
:10479000FF3F08BFB2F1FF3F24D00AEB06015846A5
:1047A00002AA214400F0E6F981461034A04502D067
:1047B000B9F1000FDFD03B78414623F001033019F7
:1047C0003B70FFF7F3FE80B100F06AF9FFF754FF8A
:1047D00001F006F8B9F1000F25F0404018BF4FF086
:1047E000FF30B0E74FF00009DFE700F04DF9EDE7EB
:1047F000FFF762FF41463046FFF7D8FE0028B4D1EC
:1048000000F010F9B3E700BFF04704304400043073
:104810000200008070B5B0F5001F044686B008D2D3
:10482000C0F30C032BB92F4AD2E90012101D8B42A2
:1048300008D16FF004002C4A137843F00203137080
:1048400006B070BD52F83350AC4203D350F8335029
:10485000AC4207D90133EAE700F0E4F824E000F0C5
:1048600013F936E004212046FFF7A0FE00281F4B75
:1048700018BF0423B4F5801F029334BF0123022321
:1048800003930123184E0593630B0493FFF714FF62
:104890003378042123F0020320463370FFF786FEAD
:1048A0000028D9D000F0D2F8337801A943F00103F1
:1048B00002A8337000F03CFC3378054623F0010376
:1048C000042120463370FFF771FE0028C7D000F0A6
:1048D000E7F8FFF7D1FE00F083FF281E18BF012084
:1048E0004042ADE744000430F0470430040000804B
:1048F000084BD3F80421002A0ADAD3F8042142F045
:104900000042C3F80421044A13680133136070475E
:10491000FEE700BF00200250F4470430704700005B
:1049200010B5032000F06AFD00F066FC094B0A4A4E
:104930001B6A03F00F03D35CD840084B18600F20AC
:10494000FCF7E4F8044618B9FFF7E8FF204610BD6D
:104950000124FBE7000C025430AE010C24000430AB
:104960000C4B10B50C4A9C680C4B13EA240338BF5F
:1049700013461A6842F002021A60EFF3108272B610
:104980000023CC58C4500433102BFAD182F3108882
:1049900010BD00BF280004302C2002502820024007
:1049A00030B50F4DAB68002BAABF0E4B0E4B0F4A14
:1049B0001C68B8BF0E4A44F002041C60AB6814685F
:1049C00003F0040323431360EFF3108272B6002355
:1049D000CC58C4500433102BFAD182F3108830BD68
:1049E000280004302C20025028200240442002508D
:1049F00040200240084B10B5084A9C68084B13EA57
:104A0000240338BF13461A6842F002021A600B886A
:104A10009BB2038010BD00BF280004302C20025040
:104A200028200240074B9A6AD20741BF064A5A60C3
:104A300002F188325A6046BF986A00F001000120F6
:104A4000704700BF0020025023016745074BDA6A18
:104A5000D20741BF064A9A6002F188329A6046BF87
:104A6000D86A00F001000120704700BF002002500A
:104A70002301674508B5FFF7D5FF18B9BDE8084021
:104A8000FFF7E4BF08BD0000044B9A6A42F0010240
:104A90009A62986AC04300F00100704700200250FB
:104AA000044BDA6A42F00102DA62D86AC04300F0CD
:104AB0000100704700200250064BD86910F0010039
:104AC00007D0054ADA6002F14432DA60D86900F0B2
:104AD00001007047002002503B2A1908F8B505462E
:104AE000FCF722F81D4E1E4CB2681E4B074614EA16
:104AF000220438BF1C46236813F00B0F1AD1B1688B
:104B0000194B1A4A1A4812EA210238BF1A4621687C
:104B1000036A01F47E0103F400030B4315D07168AE
:104B20001943716013601A0202D54FF40003036346
:104B300001200EE0691CDED0FBF7F6FFC01BA84287
:104B400001D8002DD7D1032003E02368DB0301D473
:104B50000020F8BD4FF480331360F9E728000430DB
:104B600020200240242002503420025030200240F5
:104B7000002002502DE9F041264D04462B780E46C8
:104B8000012B174644D001232B7000234FF47A7079
:104B90006B60FFF7A3FF50BB1F4B204AAC6012EACB
:104BA000240838BF984624F00043022B23D139460D
:104BB0003046FFF7D5FE4FF47A70FFF78FFFD8F835
:104BC000003024F0304222F0040223EA0203C8F845
:104BD0000030134B9C420AD1A968124A124B13EAC7
:104BE000210338BF13461A6822F004021A6000231A
:104BF0002B70BDE8F0810D4B24F004029A42394637
:104C0000304602D1FFF7CCFED5E7FFF7F3FED2E73F
:104C10000220EEE7280004302C2002502820024019
:104C20000600001044200250402002400200001004
:104C3000044A4FF47A70D36943F00203D361FFF75B
:104C40004DBF00BF00200250124B134A9968134B0E
:104C500013EA210338BF134600F00302032A06D1EA
:104C60001A6842F4004242F020021A607047C107FD
:104C700007D51A6822F0004222F0280242F02802EA
:104C80001A608207F2D51A6842F0004242F0280208
:104C9000EBE700BF280004302C20025028200240FF
:104CA000064B074A9968074B13EA210338BF13469E
:104CB0001A6842F008021A60704700BF28000430EA
:104CC00044200250402002402DE9F041DFF8A88244
:104CD000044698F80030012B00F081810123002068
:104CE00088F800304FF08023C8E901034FF47A7050
:104CF000FFF7F4FE002840F039812768F90719D53D
:104D0000A5696369012D03F00101E26903F0020363
:104D100040F0368131B1994DD5F8EC1021EA02010D
:104D2000C5F8EC1033B19549D1F8EC3123EA020310
:104D3000C1F8EC31BA0706D5904A6168536D23F487
:104D40007F430B4353657B0740F1AE80D4E90215E6
:104D500011F001030EBF1A46032205F003038E076C
:104D600042BF05F00406334342F004024E0742BF3F
:104D700005F00806334342F008020E0742BF05F073
:104D80001006334342F01002CE0642BF05F0400643
:104D9000334342F040028E0642BF05F080063343A3
:104DA00042F080024E0642BF05F48036334342F49F
:104DB00080320E0642BF05F40036334342F400321F
:104DC000CE0542BF05F48016334342F480128E05AF
:104DD00042BF05F40016334342F400124E0542BFB1
:104DE00005F07F56334342F07F520E0542BF05F077
:104DF00000452B4342F0004211F4805518BF0426B1
:104E0000D4F810C00CBF2E460CF0040511F4005F5E
:104E10001EBF0CF0080E45EA0E0546F0080611F418
:104E2000804F1EBF0CF0100E45EA0E0546F010062E
:104E300011F4004F1EBF0CF0200E45EA0E0546F09F
:104E4000200611F4803F1EBF0CF0400E45EA0E050F
:104E500046F0400611F4802F1EBF0CF4004E45EAC8
:104E60000E0546F4004611F4002F1CBF0CF07F4CD9
:104E700045EA0C05C1F30B0C18BF46F07F46BCF1A8
:104E8000000F08D0DFF8F4E0DEF854C02CEA02028C
:104E90001343CEF8543011F47F2F05D0374A536FA7
:104EA00023EA06032B435367B90510D5D4E90F3124
:104EB0006569EA0742BF314E43EA0142C6F8E42081
:104EC000AE0742BF2D4A43EA0143C2F8E4313D0731
:104ED0000AD5D4E90831012B61D1284AD2F88430AF
:104EE000DBB20B43C2F88430F9060BD5236AA16A02
:104EF000012B5ED1214AD2F8843023F0FF030B430B
:104F0000C2F88430BA0606D51C4AE16AD2F8943059
:104F10000B43C2F894307B0610D5D4E90C31656997
:104F2000EE0742BF154E43EA0142C6F8FC20AA072D
:104F300042BF124A43EA0143C2F8FC313B0615D591
:104F40006269A36B02F0010102F00202002B3BD068
:104F500029B10A4C591E41F40041C4F8F4102AB199
:104F6000064A013B43F40043C2F8F431002388F8B9
:104F70000030BDE8F08100BF28000430002002505E
:104F800029B1184DD5F8EC101143C5F8EC10002BE1
:104F90003FF4D0AE1349D1F8EC311343C8E6022BED
:104FA000A2D1104AD2F88C30DBB20B43C2F88C305D
:104FB0009AE7022BA6D10B4AD2F88C3023F0FF03DC
:104FC0000B43C2F88C309DE711B10649C1F8F430AB
:104FD000002ACBD00022034BC3F8F421C6E70220FD
:104FE000C7E700BF0020025006230360334B1A6D51
:104FF00002F47F4242601A6D22F47F42C2601A6F4F
:1050000002614269511E012932D8012A0CBFD3F82E
:10501000E830D3F8E831DB43C361003B18BF01231C
:105020008361264B012A0CBFD3F8E030D3F8E0317E
:10503000012A03F07F01C3F3064303641F4BC163DE
:105040000CBFD3F8F830D3F8F831012A03F07F0110
:10505000C3F30643436340F2C7230360174B016366
:105060000CBFD3F8F030D3F8F03103F003038363BF
:10507000026A531E012B17D80368012A43F0180354
:1050800003600E4B0BBFD3F88020D3F8882022F0AA
:10509000FF0222F0FF020BBF42624262D3F880306F
:1050A000D3F88830DBB28362036843F020030360E7
:1050B000024BD3F89030C362704700BF002002500B
:1050C000034AD36B23F003030343D363704700BF4A
:1050D00000200250024BD86B00F00300704700BF65
:1050E000002002500F4B104A10B59C680F4B8001F6
:1050F00013EA240338BF1346C9071A680AD522F0F9
:10510000004222F4FE521A601A68024342F024025E
:105110001A6010BD22F4FE521A601A68024342F06F
:105120000042F3E7280004302C20025028200240DF
:105130002DE9F843294E054633788946012B4AD09C
:105140000123337000234FF47A707360FFF7C6FCBD
:105150000446F0B92B682249224AB36011EA2308B9
:1051600038BF904648F2080223F00041914215D121
:105170006868FFF769FD4FF47A70FFF7AFFC0446EB
:105180002A68D8F8003022F0004223EA0203C8F867
:105190000030002333702046BDE8F883082B02D18D
:1051A000FFF77EFDE7E74FF0FF33C9F80030AF6847
:1051B000D5E902231344BB42E2D938466968FFF7B8
:1051C00091FF4FF47A70FFF789FC10B1C9F80070B5
:1051D000D5E70137ECE70224DDE700BF2800043003
:1051E000282002402C200250024A536A43F0010357
:1051F00053627047000802542DE9F041524CE369B4
:1052000003F01803082B00F09980E36913F0180FDE
:105210000AD123684D4813F0200F03D02368C3F34D
:10522000C103D840BDE8F081E36903F01803102BF7
:1052300000F08680E36903F01803182B40F08280A9
:10524000A76AA36AA66A13F47C5FD4F83880C3F314
:105250000520E7D004F0EAF9C6F300160546C8F3C6
:10526000CC00704304F0E2F94FF0645104F036FAD8
:1052700007F00303012B064611D0032B4ED0606BC1
:10528000C0F3080004F0D2F9314604F01FF94FF0E2
:105290007E5104F01BF9294604462D483BE0236863
:1052A0009B0629D523682948C3F3C103D84004F0DD
:1052B000BDF9294604F0C6FA676B0446C7F3080037
:1052C00004F0B4F9314604F001F94FF07E5104F0D6
:1052D000FDF80146204604F001FA1B4B0446586BCA
:1052E000C0F34620013004F0A1F90146204604F045
:1052F000A9FA04F043FB95E7606BC0F3080004F0E3
:1053000095F9314604F0E2F84FF07E5104F0DEF8F2
:10531000294604460F4804F095FADAE7606BC0F3BB
:10532000080004F083F9314604F0D0F84FF07E51C4
:1053300004F0CCF8294604460748ECE7074871E733
:1053400007486FE701486DE7000C02540090D00356
:105350000024744A0024744C20BCBE4B00093D005C
:1053600040787D0108B5FFF747FF064B064A1B6AE8
:1053700003F00F03D35C03F01F03D840034B186006
:1053800008BD00BF000C025430AE010C24000430F4
:1053900008B5FFF7E7FF054B054A1B6AC3F3021385
:1053A000D35C03F01F03D84008BD00BF000C0254BB
:1053B00028AE010C08B5FFF7D5FF054B054A1B6A5F
:1053C000C3F30223D35C03F01F03D84008BD00BF22
:1053D000000C025428AE010C08B5FFF7C3FF054BC3
:1053E000054A1B6AC3F30233D35C03F01F03D840A2
:1053F00008BD00BF000C025428AE010C074903028F
:10540000CA6803F4E06322F4E0621204120C13434E
:1054100043F0BF6343F40033CB60704700ED00E01E
:10542000154B30B5DC68C4F30224C4F10703251D15
:10543000042B28BF0423062D4FF0FF3594BF002412
:10544000033C05FA03F321EA0303A54022EA05021F
:10545000A340002843EA0203ACBF00F16040074AC2
:105460004FEA0313DBB2ABBF00F5614000F00F0061
:1054700080F80033135430BD00ED00E014ED00E07F
:10548000002807DB01234109034A00F01F00834085
:1054900042F82130704700BF00E100E0BFF34F8FBA
:1054A0000549064BCA6802F4E0621343CB60BFF3C0
:1054B0004F8F00BFFDE700BF00ED00E00400FA05DC
:1054C0002DE9F04F00234FF00F094A4A4A4D02EAF6
:1054D00090280A6832FA03F401D1BDE8F08F012464
:1054E00004FA03FA1AEA020270D04C6824F010079A
:1054F000022F16D14FEAD30C00EB8C0C03F0070EF1
:10550000DCF820604FEA8E0E09FA0EFB26EA0B0B40
:105510000E6906F00F0606FA0EF646EA0B06CCF800
:1055200020600326D0F800B04FEA430E06FA0EFCC6
:105530002BEA0C0B6FEA0C0604F0030C0CFA0EFCC1
:10554000013F4CEA0B0C012FC0F800C040D9032CDE
:105550003CD0C76837408E6806FA0EF63E43C660F8
:10556000E60033D523F0030707F1A84707F508370E
:1055700003F00306D7F860C0F60009FA06FE2CEA2D
:105580000E0C08FA06F646EA0C063E66D743D5F836
:10559000806014F4803F0CBF3E401643C5F8806025
:1055A000D5F8846014F4003F0CBF3E401643C5F8A4
:1055B00084602E6814F4801F0CBF3E4016432E609A
:1055C0006E68A40254BF3E4016436E60013380E70C
:1055D000876806EA070CCF6807FA0EF747EA0C0758
:1055E0008760476827EA0A0C27099F4047EA0C07AB
:1055F0004760AEE77F7F2B00002002540AB1816133
:1056000070478162704770B500240126036B51FA20
:1056100004F501D1036370BD06FA04F529421EBFEB
:10562000AB4302FA04F52B430134F0E738B50A4CDA
:10563000E36823F02003E360FBF776FA0546E368AE
:105640009B0601D5002038BDFBF76EFA401BB0F574
:105650007A7FF4D90320F6E700780054F8B5114DAD
:105660000646EC6814F040041AD1EB6843F080035E
:10567000EB60FBF759FA23460746EC6814F0400448
:1056800001D1032B01D11846F8BDFBF74DFAC01B21
:10569000B0F57A7F234684BF032386F82D30ECE7EC
:1056A0000023F0E70078005438B50F4C0546E36856
:1056B00023F08003E360A3699B0606D4FFF7B6FFDF
:1056C00010B1032085F82D0038BDA36923F0200315
:1056D000A361FFF7ABFF10B1032085F82D00A3698C
:1056E00043F02003A361EFE70078005438B5044687
:1056F00000284CD090F82D3003F0FF021BB980F841
:105700002C20FBF7DDFA0223224D84F82D30EB68C4
:10571000DB0637D4CA236B62532320466B62FFF744
:105720009DFF18B1FF2303206B6238BDAB69204693
:1057300023F08E6323F04003AB6121696368AA699B
:105740000B431343A2691343AB61D4E9022343EA39
:1057500002432B61EA68D4E9093122F4F8520B4381
:105760001343EB60FFF7A0FF0028DBD1D4E9071358
:10577000AA690B4322F06042134362691343AB6191
:10578000FF236B620123002084F82D30CDE7012038
:10579000CBE700BF00780054094B1A6822EA0102E7
:1057A0001A60D9630A04586842EA01620A4320EA8F
:1057B00002025A60DA6A002022EA0102DA627047C5
:1057C000007C0054054B00201A6822EA01021A608E
:1057D000DA6A22EA0102DA62D9637047007C005477
:1057E000034A0020136843F001031360704700BFB1
:1057F0000004035038B502230B4CE360236823F008
:1058000001032360FBF790F90546206810F00100C2
:1058100000D138BDFBF788F9401B0128F5D9236872
:10582000DB07F2D50320F4E700040350024B1868AD
:1058300000F00100704700BF0004035038B50C4C65
:105840006368D90704D400200222094BDA6038BD0E
:10585000FBF76AF9054663689B07F4D4FBF764F924
:10586000401B0128F7D963689A07F4D40320EBE7BB
:1058700000040350064B5A68D20707D40222DA60AC
:105880001A6842F002021A60FFF7D8BF0120704781
:105890000004035037B51A49D1E84F3F0133DBB25A
:1058A000C1E8423F002AF7D1012B23D8154B164DF2
:1058B000D3F8E810284621F03001C3F8E810D3F8F7
:1058C0008C1041F48021C3F88C10D3F88C302A72EC
:1058D00003F480230193019B0C4B6A722B6001F04F
:1058E000A8FE044648B96946284601F078FF2046DC
:1058F00003B030BD4FF0FF30FAE76FF00100F7E77B
:10590000F8470430000C0254FC47043000080C52E5
:1059100008B5074801F0E5FE064AD2F88C3023F4BA
:105920008023C2F88C300022034B1A7008BD00BFE0
:10593000FC470430000C0254F8470430F0B502462E
:10594000082400204FF4000680274FF0200C4FF46D
:1059500000150A4913064CBF8F618E614300C1F8E0
:1059600018C0D8B20B6952005B0648BF40F0010076
:10597000013CD2B28D61EDD1F0BD00BF00000252FA
:10598000044B82B0186883B26FF30F00184302B063
:10599000704700BF1CAF010C002070470020014B76
:1059A0001870704710480430002070476FF00300F3
:1059B00070470000014B1868704700BF144804305E
:1059C0000048704704AF010C2DE9F04F81468A462C
:1059D000904600244FF0030BC7B01D4F05AE444561
:1059E00003D3002047B0BDE8F08FA8EB0405B5F560
:1059F000807F28BF4FF4807504EB09031A0C727086
:105A00001A0AFF21B27006A82A46F37086F800B081
:105A1000FAF7D3FD4FF480233246BB610023291DE2
:105A20001078CDE902130192FFF788FF039B0299DA
:105A3000019A0133994202F8010BF1D804230AEBD1
:105A400004002A46BB6106A9FAF7DAFD2C44C6E732
:105A5000000402522DE9F04F07461546894687B0EB
:105A6000002952D0002A50D0294B1B78002B4CD053
:105A700002EB000ABAF5800F47D8DFF8988002AC35
:105A800098F8003043F0010388F80030FFF79CFFDE
:105A9000214B0FCB84E80F006B429F4206D863680E
:105AA0000F2B0DD8083406AB9C42F8D1284698F845
:105AB000003023F0010388F8003007B0BDE8F08F14
:105AC000206803EB000BABF11006B245EAD95F4545
:105AD000E8D204220DEB0201FFF776FF019A0F4B8B
:105AE0009A42DFD1BE42334638BF3B46DA45514683
:105AF00028BF59460A4AA9EB0700A2EB0B029942BC
:105B0000D0D9D65CC6540133F9E76FF00400D4E76E
:105B1000104804301448043020AF010C3DB8F3960F
:105B200004AF010C002070470020704770B58CB0A6
:105B30000D461446014601226846FAF761FD4FF40E
:105B40008022154B9A614CB99DF80000FFF7F6FED4
:105B500004220020104B9A610CB070BD01226946EE
:105B600004A8FAF74DFD0322FF210DF11100FAF709
:105B700024FD042604AC2078FFF7E0FE013E04F883
:105B8000010BF8D1002DE3D0032228460DF11101BD
:105B9000FAF736FDDCE700BF000402529F2307B589
:105BA00001468DF8073040B103220DF10700FFF7E1
:105BB000BDFF002003B05DF804FB6FF00400F9E7BF
:105BC00000232DE9F041634F8AB03C78ADF80430F2
:105BD0008DF80630002C40F0BA8014225E4E21462B
:105BE00033780DEB020023F003033370FAF7E5FC82
:105BF0005A4BE021D3F88C20594842F00102C3F8F7
:105C00008C20D3F88C20012502F001020292029A26
:105C1000D3F88C204FF0200842F00202C3F88C2009
:105C2000D3F88C30012203F002030393039BFFF7A8
:105C3000EAFC012204214B48FFF7E5FC0323484816
:105C400005A9CDE90834CDE90654CDF81480FFF755
:105C500037FC41464FF0800822464148FFF7CEFC12
:105C60003F4805A9CDF81480FFF72AFC224641469B
:105C70003B48FFF7C3FC4023CDE9064504243848E0
:105C800005A90593FFF71CFC364805A90594CDE945
:105C90000655FFF715FC21462A463248FFF7AEFCB1
:105CA0001024FF20FFF74AFE013CFAD1AB23224625
:105CB00021460DF103008DF80330FFF737FF4FF455
:105CC000FA530593059CA4BB6623224621460DF199
:105CD00003008DF80330FFF729FF99232246214660
:105CE0000DF103008DF80330FFF720FF49F6404324
:105CF0000493049B03BB01A8FFF750FF9DF8041019
:105D00009DF80520EF299DF8063003D1402A01D1E6
:105D1000162B14D0307840F002003070124800F09A
:105D2000F9FC124800F0F6FC4FF0FF300AB0BDE875
:105D3000F081059B013BC4E7049B013BD8E70C487D
:105D400000F0E8FC01230B483B7000F0E3FC00206E
:105D5000ECE700BF1048043014480430000C025433
:105D6000000002520004025269A9010C9CA9010C16
:105D7000C8A9010CE9A9010C0020704708B5FBF780
:105D800021FA002070470020704701207047012051
:105D9000704700000A4B37B51B786BB1094C63693B
:105DA000984748B9E56AA847C307FCD4236A01931A
:105DB00003B0BDE830401847002003B030BD00BF3D
:105DC00018480430E0AF010C10B50B4C0020A3685C
:105DD000984780B902202369984760B94FF4E131B0
:105DE0000120A46AA04730B901211520A04710B9AD
:105DF0000122024B1A7010BDE0AF010C18480430AC
:105E000010B5064C00202369984708B1043004D12E
:105E1000E368984708B9024B187010BDE0AF010C59
:105E20001848043037B50422BD3084000D462046A2
:105E30000DEB020100F052F958B9019B5A1C0AD02F
:105E4000AB420BD8042220460DEB0201019500F075
:105E500085F903B030BD45F2A350FAE74AF2C530E8
:105E6000F7E770B5A2B00D4601A9064600F0F2FAB8
:105E7000044610BB019B802B28BF8023B5EBC30FCA
:105E8000019321D80146802202A8FAF796FBFF2150
:105E9000EA0802ABA24213D104F188030DEB03041C
:105EA000012305F00705AB40013B3046019902AAEA
:105EB00004F8803C00F0A6FB0446204622B070BDEA
:105EC00003F8011B0134E5E745F2A354F5E7F0B50B
:105ED000A3B00D466946064600F0BCFA0446C8B9B0
:105EE00000993046802928BF802102AA009100F045
:105EF000E5FA044670B901460246009F019002ABE4
:105F0000B8420AD102B10191042228460DEB0201E8
:105F1000FAF776FB204623B0F0BD002213F801CB40
:105F20004CFA02F6013206F00106082A3144F7D194
:105F300001220130E4E706281BD8DFE800F004095D
:105F40000D111416180004224FF43D7000F0C6B86D
:105F500004224FF43E70F9E704224FF43F70F5E756
:105F60001020FFF7B4BF1120FBE71220F9E7132040
:105F7000F7E74CF25A30704700F0C4B9042902D157
:105F80001146FFF7D8BF43F65C20704737B505468A
:105F90000C46062824D8DFE800F0041517191D1F49
:105FA00021000020FFF73EFF50B9284601A9FFF766
:105FB000C2FF28B943F65C23019AA24218BF1846D3
:105FC00003B030BD0120EDE70220EBE71020FFF722
:105FD00048FFE9E71120FAE71220F8E71320F6E777
:105FE0004CF25A30ECE7012837B5154610D800F1CD
:105FF0000C040A462046296800F060FA30B92046B1
:1060000001A900F027FA08B9019B2B6003B030BD4D
:106010004AF2C530FAE7000070B50446074E45184D
:10602000A54201D8002070BD2046F369984710B9F9
:1060300004F50054F4E743F65C20F4E780AE010C6D
:106040002DE9F84FDFF85CA00746DAF804308846FF
:10605000154698470024144BC0F3410013F82090D4
:1060600004F18003AB4294BF80262E1BB6FBF9FBE4
:10607000DAF814305A460D493819984700280EDBD3
:106080005A46DAF81830094908EB04009847002806
:1060900005DB3444A542E3D80020BDE8F88F43F681
:1060A0005C20FAE780AE010C30AF010C19480430D7
:1060B00008B54FF400514FF42830FFF7ADFF48B951
:1060C000BDE808404FF400524FF428314FF420301F
:1060D000FFF7B6BF43F65C2008BD00002DE9F3478B
:1060E000DFF870900546D9F8043088461446984782
:1060F000194BC0F3410013F820A0B5FBFAF70AFBD7
:10610000175727BBA4B9384602B0BDE8F0870AFB91
:1061100006F6A41BF7D0012201A9A819C847002838
:1061200012DB224601A908EB0600FAF769FAEAE752
:10613000B4FBFAF605F52035324641462846D9F833
:106140001490C8470028E2DA43F65C27DBE74AF2FE
:10615000C537D8E780AE010C30AF010C2DE9F04F08
:1061600086187542C5F30C05354485B0B5F5005F5A
:106170000446019104D943F65C2005B0BDE8F08FD8
:10618000DFF86C81D8F8043098470422594BC0F3EB
:10619000410053F82070D8F8143057480093FBB2F0
:1061A000B2FBF3F203A9009B9847039A531C0232F7
:1061B00008BF01230393002D34D024F4FF5B2BF0A0
:1061C0001F0BA5EB0B010BF52030FFF725FF002877
:1061D000D1D1B5F5407FAA4628BF4FF4407ADA45C1
:1061E00029D8B5F5407F5ED3FBB21027B7FBF3F794
:1061F000424D3A4629464048009B9847B6F5407FB5
:106200005CD8042203A93D48FAF7FAF9384B3A461C
:106210003A493B489B69984708B18742ABD1FFF7A1
:1062200047FFAAE74FF400514FF42030FFF7F4FE88
:106230000028C2D09FE70BF180039A452CBF4FF096
:106240008009AAEB0B095FFA87F8B9FBF8F82B492C
:106250004246009B0BF5283098475E4516D909EB5E
:106260000B039C4212D2A3455A4638BF2246111B4B
:10627000A2EB0B009E4294BFC2EB0602C2EB0302EC
:10628000019B19441D4B1844FAF7BAF9184B4246C2
:106290009B691A490BF52030984710B180457FF46F
:1062A0006AAFCB449BE74FF440724FF420314FF478
:1062B0002830FFF7C5FE002896D05CE7B4F5447F90
:1062C0009FD2B4F5407F224638BF4FF44072019B05
:1062D000111BA2F540700B44B6F5447F94BFC2EB8E
:1062E0000602C2F5447219462844FAF789F988E78C
:1062F00080AE010C30AF010C00A30200194804303D
:10630000008302002DE9F0414D4F86B00020BB68AC
:10631000984700286BD104226946FFF7DFFE044648
:1063200000283FD104224FF440700DEB0201FFF72B
:10633000D5FE0446002835D1424E009BB34203D11E
:10634000019B013B03335ED97B6898473E4BC0F30A
:10635000410053F8205004224FF4005004A9FFF7E5
:10636000BDFE0446F0B904224FF40C5005A9FFF716
:10637000B5FE0446B0B9049B4FF40051B3424FF44C
:10638000203013D1059B013B03330FD8FFF744FEA8
:1063900068BB4FF400524FF420314FF42830FFF720
:1063A0004FFE20BB204606B0BDE8F081FFF734FE6B
:1063B0000146E0B94FF08008EDB280222348FAF799
:1063C000FCF8B8FBF5F84FF42035BF692846424683
:1063D0001E498035B847B5F5283FF7D1FFF768FE6D
:1063E00028B9042202A90296FFF7B8FE10B143F6BD
:1063F0005C24D7E70123042203A94FF440700393E0
:10640000FFF7ACFECDE704224FF40C5005A9FFF7CF
:1064100065FE04460028C5D1059B5A1E033206D8E6
:10642000019A934203D30233BCD1012ABAD1FFF7B8
:106430003FFE43F65C23002818BF1C46B2E700BFAE
:1064400080AE010C1281DEC030AF010C194804305F
:10645000FFF758BF1E280BD8012303FA00F00A4BA0
:10646000034043B9094B18420BD110F0980F06D1E5
:106470004CF25A307047202300200B6070470423F1
:10648000FAE74023F8E700BF65FF004000000F2057
:1064900037B50C4601A91D46FFF7DCFF50B9019B3B
:1064A00029469A4228BF1A46204603B0BDE830402C
:1064B000FFF714BE4CF25A3003B030BD13461E280D
:1064C00070D8DFE800F0106F15191D2125292D3136
:1064D00035393D42474C51565B606F6F6F6F6F6F40
:1064E0006F6F6F656A000A4600200421FFF7D0BF76
:1064F0000A4602202421F9E70A4603204421F5E751
:106500000A4604204821F1E70A4605204C21EDE720
:106510000A4606206C21E9E70A4607208C21E5E7B8
:106520000A4608209021E1E70A460920B021DDE76C
:106530000A460A20D021D9E70A460B20F021D5E7E8
:106540000A460C204FF48871D0E70A460D204FF41C
:106550009871CBE70A460E204FF41471C6E70A463D
:106560000F204FF41C71C1E70A4610204FF4A871A8
:10657000BCE70A4611204FF4C871B7E70A4612205B
:106580004FF4E871B2E70A4613204FF40471ADE707
:106590000A461D204FF42571A8E70A461E204FF435
:1065A0003571A3E74CF25A307047F0B593B00E4600
:1065B00001A915461C46FFF74DFF00BB019B934206
:1065C00003D24AF2C53013B0F0BD402BF9D83046A3
:1065D00002A9FFF783FD0028F5D1224602AB281956
:1065E000824205D12A4621463046FFF7B7FDEAE749
:1065F00013F8011B12F8017BB943F1D0E1E74CF22B
:106600005A30E0E713461E2870D8DFE800F0106F1C
:1066100015191D2125292D3135393D42474C51563B
:106620005B606F6F6F6F6F6F6F6F6F656A000A46A9
:1066300000200421FFF7B9BF0A4602202421F9E710
:106640000A4603204421F5E70A4604204821F1E7E1
:106650000A4605204C21EDE70A4606206C21E9E7B1
:106660000A4607208C21E5E70A4608209021E1E749
:106670000A460920B021DDE70A460A20D021D9E7E1
:106680000A460B20F021D5E70A460C204FF488710A
:10669000D0E70A460D204FF49871CBE70A460E204A
:1066A0004FF41471C6E70A460F204FF41C71C1E77E
:1066B0000A4610204FF4A871BCE70A4611204FF497
:1066C000C871B7E70A4612204FF4E871B2E70A46EC
:1066D00013204FF40471ADE70A461D204FF42571D5
:1066E000A8E70A461E204FF43571A3E74CF25A3052
:1066F0007047002070470020704700000048704736
:1067000000FC04304FF48060704708461146FFF7E4
:1067100041BB00000FB41FB5012106AB53F8042B99
:10672000054800910021039300F0B0F805B05DF832
:1067300004EB04B0704700BF0B67010C07B50346BC
:106740008DF80720084601220DF10701984703B094
:106750005DF804FB2DE9F84F1D46074688461646AE
:10676000BDF828409DF82CA09DF830909DF834305D
:106770007AB333B113461D4613F8012B002AFAD120
:10678000AD1BAC428ABF641B0024A4B2BAF1000F57
:1067900014D02A4631464046B847BAF1000F18D007
:1067A000002513E04A4641463846FFF7C7FF0BF184
:1067B000010B1FFA8BF39C42F4D8EAE7D346F8E7C3
:1067C0004A4641463846FFF7B9FF0135ABB29C4215
:1067D000F6D8BDE8F88F2DE9F04F002489B09DF878
:1067E00048C006469DF85800A4450F469DF8541031
:1067F0000CBF4FF0200A4FF0300AA0429846CDE976
:1068000005440CBF612041209DF85030CDF81B405D
:1068100019B1A242ACBF214652420DF11E04A1465D
:106820000A38B2FBF3FB03FB1B2B5FFA8BF5BBF1C2
:10683000090F94BF30352D18A646EDB2934204F1EE
:10684000FF346570B2FBF3F518D931B1BCF1000F1C
:1068500016D12D232370AEF102040023CDE902A34B
:106860009DF84C303946CDE900833046A9EB04034E
:10687000621CFFF76FFF09B0BDE8F08F2A46D0E732
:106880002D2239463046FFF759FFE6E72DE9F04F54
:1068900089B01C469DF8483006460F469246F3B133
:1068A00012783C2A19D00A3AD2B2282A98BF624BF1
:1068B0004FF0010098BF53F822204FF0000388BF2B
:1068C0000022CDE90230CDE900333046FFF742FF28
:1068D000202239463046FFF731FF0AF1010A4FF016
:1068E0000009CB46C846002511E0BDB9252B00F0B4
:1068F0009B800A2B06D10D22394630460793FFF7BD
:106900001DFF079B1A4639463046FFF717FF1AF856
:10691000013B002BE9D109B0BDE8F08F7A2B08D8F4
:10692000682B0ED8302B74D036D8252B76D02D2B53
:106930007FD000230122CDE90033CDE902323F4A66
:1069400062E0693B112BF4D801A252F823F000BF9A
:10695000BB69010C3369010C3369010C0F69010C2F
:106960003369010C3369010C3369010C3369010C83
:106970003369010C3369010CF769010C3369010CAF
:10698000C569010C3369010C3369010CE569010C1F
:106990003369010C0F69010C582B28D00BD8A3F1D7
:1069A0003102082AC5D808EB8808303B03EB4803BE
:1069B0001FFA83F8ABE7642BBBD101230025CDE997
:1069C000033502E00025CDE903550A23CDE9019303
:1069D000CDF800B043463946304654F8042BFFF753
:1069E000FAFE94E70025049510230395EEE70123B2
:1069F00000250493F8E720230121CDE9023100238B
:106A0000CDE9008954F8042B39463046FFF7A2FE41
:106A100069E7B8F1000FC6D1AB4678E71A463946A8
:106A20003046FFF78BFE5EE7A946AB46A846012538
:106A30006DE7A9466BE700BF3CAF010C0BAA010C48
:106A4000044B82B0186883B26FF30F00184302B092
:106A5000704700BF18B0010C01207047002070473C
:106A6000002070476FF0030070470020704700203F
:106A70007047002070476FF0030070470020704798
:106A800010B50C46014630B12CB10448A2B200F05A
:106A9000A1FD204610BD6FF00400FBE79C480430C8
:106AA0000A4608B5014640B13AB14FF47A7304483A
:106AB00092B200F046FC002008BD6FF00400FBE736
:106AC0009C48043010B52B4B88B0D3F88C20072499
:106AD00042F00102C3F88C20D3F88C2003A902F005
:106AE00001020092009AD3F88C20234842F0010260
:106AF000C3F88C20D3F88C2002F001020192019A95
:106B0000D3F8A42042F48042C3F8A420D3F8A430E0
:106B10004FF4007203F480430293029B0223CDE9F9
:106B200003230693012307940593FEF7C9FC4FF452
:106B3000806303A9104803930794FEF7C1FC0F4933
:106B40000F4B0C220B6000234FF4E130C1E9052309
:106B50004FF40042C1E901030846C1E90333C1E92A
:106B600007234B6200F07CFC003818BF0120404234
:106B700008B010BD000C0254000002529C480430C2
:106B800000380150002070477047704770477047C9
:106B9000D0F88C2008B5222A036845D15B6AB0F88A
:106BA0006010826D0B401370836D01338365B0F804
:106BB0005E30013B9BB2A0F85E30B0F85E309BB215
:106BC00073BB026852E8003F23F4907342E800313F
:106BD00003680029F5D103F1080252E8001F94462A
:106BE00021F001014CE80012002AF4D12021C0F864
:106BF0008C100267C16E4267012912D1C26653E848
:106C0000002F22F0100243E800210029F7D1DA69B1
:106C1000B0F85C10D20644BF10221A62FFF7B7FF2B
:106C200008BDFFF7B2FFFBE79A6942F008029A61DC
:106C3000F6E7D0F88C2008B5222A036842D1596AB9
:106C4000B0F860201140826D22F8021B8265B0F816
:106C50005E20013A92B2A0F85E20B0F85E2092B2B7
:106C600062BB53E8002F22F4907243E80021002910
:106C7000F7D103F1080252E8001F944621F0010108
:106C80004CE80012002AF4D12021C0F88C100267D1
:106C9000C16E4267012912D1C26653E8002F22F06B
:106CA000100243E800210029F7D1DA69B0F85C103E
:106CB000D20644BF10221A62FFF769FF08BDFFF732
:106CC00064FFFBE79A6942F008029A61F6E7000068
:106CD00003682DE9F047DD69D3F800909F68D0F88C
:106CE0008C200446222A40F0A980B0F868303BB9D5
:106CF000B4F85E309BB2002B40F08380BDE8F08793
:106D00004FF0000AB0F860804F4E07F00107AB0665
:106D1000EED52368A26D5B6A03EA08031370A36DC6
:106D20000133A365B4F85E30013B9BB2A4F85E303A
:106D30002368DD6969072AD0EA070AD519F4807F3C
:106D400007D001221A62D4F8902042F00102C4F860
:106D50009020A80708D53FB102221A62D4F89020EB
:106D600042F00402C4F89020690708D53FB104221C
:106D70001A62D4F8903043F00203C4F89030D4F88B
:106D8000903023B12046FFF701FFC4F890A0B4F87B
:106D90005E309BB2002BBAD1226852E8003F23F448
:106DA000807342E8003123680029F5D103F108021D
:106DB00052E8001F1046314040E80012002AF5D189
:106DC0002021C4F88C102267E16E6267012914D17A
:106DD000E26653E8002F22F0100243E80021002968
:106DE000F7D1DA692046D20648BF1022B4F85C1009
:106DF00048BF1A62FFF7CBFE89E72046FFF7C5FEC2
:106E000085E7B4F868209A427FF678AF226802F1ED
:106E1000080353E8003F23F08053083242E8003172
:106E200022680029F2D1094B636752E8003F43F022
:106E3000200342E800310029F7D15FE79A6942F068
:106E400008029A615AE700BFFEFFFFEF916B010C49
:106E500003682DE9F047DD69D3F800909F68D0F80A
:106E60008C200446222A40F0A780B0F868303BB955
:106E7000B4F85E309BB2002B40F08180BDE8F08713
:106E80004FF0000AB0F860804E4E07F00107AB06E5
:106E9000EED52368A26D596A08EA010122F8021BA7
:106EA000A265B4F85E20013A92B2A4F85E20DD69D2
:106EB00069072AD0EA070AD519F4807F07D0012292
:106EC0001A62D4F8902042F00102C4F89020A8077A
:106ED00008D53FB102221A62D4F8902042F0040291
:106EE000C4F89020690708D53FB104221A62D4F88B
:106EF000903043F00203C4F89030D4F8903023B1BE
:106F00002046FFF743FEC4F890A0B4F85E309BB271
:106F1000002BBCD1226852E8003F23F4807342E882
:106F2000003123680029F5D103F1080252E8001F5F
:106F30001046314040E80012002AF5D12021C4F863
:106F40008C102267E16E6267012914D1E26653E872
:106F5000002F22F0100243E800210029F7D1DA695E
:106F60002046D20648BF1022B4F85C1048BF1A620F
:106F7000FFF70DFE8BE72046FFF707FE87E7B4F823
:106F800068209A427FF67AAF226802F1080353E83C
:106F9000003F23F08053083242E800312268002984
:106FA000F2D1094B636752E8003F43F0200342E807
:106FB00000310029F7D161E79A6942F008029A612D
:106FC0005CE700BFFEFFFFEF336C010CF8B5044631
:106FD0000368C169826800691D68024360690243F1
:106FE00075480A43284002431A605A68E06822F450
:106FF000405202435A60714AA069934205D002F19F
:10700000805293421CBF226A10439A6822F06E425B
:1070100022F4306202439A60DA6A606A22F00F0258
:107020000243DA62664A93426ED0A2F574429342FA
:1070300000F08F8002F58062934200F08C8002F5B0
:107040008062934200F08980B3F1502F00F0878076
:1070500002F5C052934200F0848002F5A0529342A0
:1070600000F0818002F5806293427ED002F580625A
:1070700093427CD0A2F5C05293427BD002F580624D
:1070800093427AD002F5C052934279D04D4A93424E
:107090001CD002F1704293424FF0000035D1002124
:1070A00000F0B2FD70B3616A474A656832F811209A
:1070B00005EB4501B0FBF2F399420AD901204FF0EC
:1070C0000113A3660023C4E91D33F8BD4FF48050BB
:1070D000E5E7B3EB053FF1D80023194602F06EFC5B
:1070E0000023064619464FF4807768082A46E6FBD7
:1070F000070102F063FC354BA0F540729A42DDD8DF
:107100002368D8600020DAE70120B1F5004F4FF086
:10711000000138D100F078FD0028F3D0616A2A4BD5
:10712000626833F81130B0FBF3F0530803EB40030F
:10713000B3FBF2F34FF6EF72A3F110019142BDD809
:1071400023F00F02216892B2C3F342031343CB60D2
:10715000D8E70220D9E70420D7E70820D5E7102098
:10716000D3E72020D1E74020CFE78020CDE74FF4C0
:107170008070CAE74FF40070C7E74FF48060C4E73F
:107180004FF40060C1E700F03FFD0028BAD0616A0B
:107190000D4B626833F81130B0FBF3F303EB52038D
:1071A000B3FBF2F34FF6EF72A3F11001914285D8D1
:1071B0002268D360A6E700BFF369FFCF0024004434
:1071C00000380150002400541CB0010CFFFC0F00DB
:1071D000836A10B5DA0706D50168C46A4A6822F4E2
:1071E000003222434A609C0706D50168046B4A6856
:1071F00022F4803222434A60590706D50168446B65
:107200004A6822F4802222434A601A0706D50168A0
:10721000846B4A6822F4004222434A60DC0606D5A9
:107220000168C46B8A6822F4805222438A609906FE
:1072300006D50168046C8A6822F4005222438A60F1
:107240005A0610D50168446C4A68B4F5801F22F4D0
:10725000801242EA04024A6005D14A68846C22F432
:10726000C00222434A601B0606D50268C16C5368FF
:1072700023F400230B43536010BD2DE9F84305466A
:107280000F4616469846DDF820902A68D36937EAFB
:1072900003030CBF01230023B34201D0002029E0E7
:1072A000B9F1FF3FF2D0F9F73FFCA0EB08004845E9
:1072B0002C6802D8B9F1000F1ED154E8003F23F426
:1072C000D07344E80032002AF7D104F1080353E8F0
:1072D000003F23F0010304F1080141E80032002AD5
:1072E000F3D12023C5F88830C5F88C300023032063
:1072F00085F88430BDE8F88323685A07C5D5E3696B
:107300001B05C2D54FF40063236254E8003F23F409
:10731000D07344E80032002AF7D104F1080353E89F
:10732000003F23F0010304F1080141E80032002A84
:10733000F3D12023C5F88830C5F88C30C5F89030DB
:10734000D4E72DE9F7439846D0F888300446202B3F
:107350000E4617464BD100294BD0002A49D003686E
:1073600000259A68120642BF9A6822F080029A604D
:107370002123C0F89050C0F88830F9F7D5FBA368F6
:107380008146B3F5805FA4F85470A4F8567003D119
:1073900023690BB935461E46B4F856204B4692B2C7
:1073A000CDF8008042B940212046FFF766FF48B97A
:1073B0002023C4F8883006E0002280212046FFF711
:1073C0005CFF18B1032003B0BDE8F08322685EB90A
:1073D00035F8023BC3F308039362B4F85620013A30
:1073E00092B2A4F85620D7E716F8013BF4E7022042
:1073F000E9E70120E7E773B500260446C0F890608E
:10740000F9F792FB236805461B681A0719D423680D
:107410001B685B070AD56FF07E43002200934FF490
:1074200080012B462046FFF728FFB0B9002020231B
:1074300084F88400C4F88830C4F88C30E066206793
:107440000CE06FF07E43324600934FF40011034688
:107450002046FFF712FF0028D9D0032002B070BDEC
:1074600010B5044650B3D0F888301BB980F884308A
:10747000FFF78AFB24232268C4F88830136820466B
:1074800023F001031360FFF7A1FD012816D0A36AC2
:1074900013B12046FFF79CFE23682046BDE810404C
:1074A0005A6822F490425A609A6822F02A029A603E
:1074B0001A6842F001021A60FFF79DBF012010BD5B
:1074C000002330B581658168A0F85C20B1F5805F4C
:1074D000A0F85E20436731D10369002B40F2FF130F
:1074E00018BFFF23A0F860300023C0F8903022239B
:1074F000C0F88C30016801F1080353E8003F43F005
:107500000103083141E800340368002CF2D1456ED4
:107510008468B5F1005F016935D1B0F868509542D3
:1075200031D8B4F5805F29D1C1B1264A426753E80A
:10753000002F42F4807243E8002121E029B9036959
:10754000002B0CBFFF237F23CCE7B1F1805FC9D1B3
:107550000369002B0CBF7F233F23C3E71A4A42670E
:1075600003F1080252E8002F42F0805203F10800B4
:1075700040E800210029F3D1002030BD114A4267C4
:107580000029D4D1ECE7B4F5805F16D151B10F4A90
:10759000426753E8002F42F4907243E8002100292B
:1075A000F7D1E9E70A4A426753E8002F42F0200288
:1075B00043E800210029F7D1DEE7044A42670029A9
:1075C000E7D1F1E7D16C010C516E010C916B010C0C
:1075D000336C010C38B5D0F88C30202B21D111B38D
:1075E0000AB30023C36603689C68650642BF9C68B3
:1075F00024F040049C600D4CA3420ED004F1805452
:10760000A3420AD05C68240207D553E8004F44F037
:10761000806443E80045002DF7D1FFF751FF0020BB
:1076200038BD0220FCE70120FAE700BF0024004437
:10763000704738B50446002839D0437A03F0FF027A
:1076400013B90272FFF7F4FF022322686372136812
:10765000616823F004031360136823F0804323F070
:1076600020030B4343F080431360136823F08043EF
:107670001360F9F759FA054623681A68510009D4CE
:107680001A6842F004021A605B685A0611D5042396
:1076900063720CE0F9F748FA401B0428ECD9236820
:1076A0001B685800E8D5012363720223E3600120C0
:1076B00038BDF9F739FA05462368586810F0040018
:1076C00003D101236372E060F2E7F9F72DFA401B62
:1076D0000428F1D923685B685B07EDD50423E3E751
:1076E000704770B50446002833D00268136823F051
:1076F000804323F0200343F080431360136823F09A
:1077000080431360F9F710FA064623681D6815F0E8
:1077100080450FD11A68204622F00C021A605A6880
:1077200022F060025A60FFF7DBFF65722846E560D1
:1077300025720FE0F9F7F8F9801B0428E5D92368D2
:107740001B685B00E1D5012363720223E360002321
:107750002372012070BD7047002307B501930368B1
:107760005A68510709D45A6822F040025A60C36827
:1077700023F00803C360002018E01A6842F080423A
:107780001A601A6822F080421A6004220192019A5B
:10779000013A0192019A62B901234372C3680272ED
:1077A00043F00203C360FFF7D6FF012003B05DF88A
:1077B00004FB1A685200EAD45A68510642BF5A685C
:1077C00022F040025A6004220192019A013A019289
:1077D000019A002AE0D05A685207F6D4C7E7F8B5F4
:1077E000037A0446012B0E4643D00123427A0372EA
:1077F0009A42D5B239D10223437203685B685F06AF
:107800001BD4F9F791F9074623685A68D0071CD5AD
:107810009A6859682261490642BF0822E2605A68A4
:107820004FF0000544BF22F001025A604FF00103FF
:1078300058BF32606372002315E00823C360FFF76E
:107840008BFF0128DDD12846F8BDF9F76DF9C01B83
:107850000428D9D923685B6813F00103D4D101222D
:1078600062720222E2602372EDE704221D46C260CA
:10787000E1E70225E7E700002DE9F0474A4C05461D
:10788000D4F83490D4F82880A36AD4F828A013F44C
:107890007C5FA66BC3F3052000F0818001F0C6FE7B
:1078A000C6F3CC0607460AF01000704301F0BEFE96
:1078B0004FF0645101F012FF0646C9F3080001F0D1
:1078C000B5FE0146304601F001FE4FF07E5101F059
:1078D000FDFD08F00303022B06465AD0032B5BD0B4
:1078E00023683248C3F3C103D84001F09FFE3946F4
:1078F00001F0A8FF314601F0F1FE2B4A0446106862
:1079000010F0007012D0906A10F480300ED0506BDE
:10791000C0F3462001F08AFE4FF07E5101F0D6FD03
:107920000146204601F08EFF02F028F81E4A28602A
:10793000106810F0007012D0906A10F400300ED071
:10794000506BC0F3064001F071FE4FF07E5101F024
:10795000BDFD0146204601F075FF02F00FF8124B05
:1079600068601A6891011CD59A6A520319D5586B40
:10797000C0F3066001F05AFE4FF07E5101F0A6FD03
:107980000146204601F05EFF01F0F8FFA860BDE867
:10799000F08739460648ABE739460648A8E7C5E907
:1079A00000000020F2E700BF000C02540090D0035A
:1079B0000024744A20BCBE4B2DE9F047444C0546D8
:1079C000D4F83C90D4F82C80E36AD4F82CA013F4BB
:1079D0007C5F266CC3F3052077D001F027FEC6F349
:1079E000CC0607460AF01000704301F01FFE4FF06E
:1079F000645101F073FE0646C9F3080001F016FE5B
:107A00000146304601F062FD4FF07E5101F05EFD0F
:107A100008F00303022B064641D0032B42D0236813
:107A20002C48C3F3C103D84001F000FE394601F0F1
:107A300009FF314601F052FE254B0446D86A10F486
:107A400080300ED0D86BC0F3462001F0EFFD4FF030
:107A50007E5101F03BFD0146204601F0F3FE01F0AE
:107A60008DFF1B4B2860D86A10F400300ED0D86B05
:107A7000C0F3064001F0DAFD4FF07E5101F026FD23
:107A80000146204601F0DEFE01F078FF104B6860F1
:107A9000DA6A520309D40020A860BDE8F0873946AD
:107AA0000D48C4E739460D48C1E7D86BC0F30660FE
:107AB00001F0BCFD4FF07E5101F008FD014620466B
:107AC00001F0C0FE01F05AFFE6E7C5E90000E2E779
:107AD000000C02540090D0030024744A20BCBE4B1A
:107AE0002DE9F047444C0546D4F84490D4F8308052
:107AF000236BD4F830A013F47C5FA66CC3F305208D
:107B000077D001F093FDC6F3CC0607460AF01000CB
:107B1000704301F08BFD4FF0645101F0DFFD06462C
:107B2000C9F3080001F082FD0146304601F0CEFCA9
:107B30004FF07E5101F0CAFC08F00303022B064609
:107B400041D0032B42D023682C48C3F3C103D84053
:107B500001F06CFD394601F075FE314601F0BEFDC5
:107B6000254B0446186B10F480300ED0586CC0F3CF
:107B7000462001F05BFD4FF07E5101F0A7FC01466D
:107B8000204601F05FFE01F0F9FE1B4B2860186BE8
:107B900010F400300ED0586CC0F3064001F046FDE2
:107BA0004FF07E5101F092FC0146204601F04AFE62
:107BB00001F0E4FE104B68601A6B520309D40020F8
:107BC000A860BDE8F08739460D48C4E739460D483E
:107BD000C1E7586CC0F3066001F028FD4FF07E51FC
:107BE00001F074FC0146204601F02CFE01F0C6FEB7
:107BF000E6E7C5E90000E2E7000C02540090D0037C
:107C00000024744A20BCBE4B7FB500F17E420A437B
:107C100003462DD1B54AD2F8F030D2F8F01003F473
:107C20004073890703D5B3F5807F01F08A83D2F8CA
:107C3000F020120103D5B3F5007F01F08683AB4A33
:107C4000106810F4003010D0B3F5407F41F081830C
:107C5000D36903F47C53B3F5007FC1F07D83D3690E
:107C6000A348C3F30523B0FBF3F007B05DF804FBB2
:107C7000A0F580120A4300F0C3819E4A904271F140
:107C8000000280F09C80A0F580620A4300F0CB8463
:107C900040F20142904271F100024AD2A0F120026A
:107CA0000A4300F06483212871F1000223D20928DD
:107CB00071F1000218D250EA010201F05083431E14
:107CC00041F1FF31082B71F1000181F04B83072B4B
:107CD00001F24883DFE813F0FF014302460B8902FB
:107CE000460B460B460BC702A0F110030B4300F0F6
:107CF000FC820020B9E7A0F580720A4300F00784F7
:107D000040F20112904271F100020BD2A0F1400248
:107D10000A4300F06E83A0F180030B4300F0B183AF
:107D20000020A2E7A0F500730B4300F0368400208A
:107D30009BE7A0F500420A4300F0E48548F2010207
:107D4000904271F100021DD2A0F500520A4300F0EA
:107D5000858542F20102904271F100020BD2A0F53A
:107D600000620A4300F0A084A0F580530B4300F0AA
:107D7000E184002079E7A0F580430B4300F098856B
:107D8000002072E7A0F580220A4300F095865A4A47
:107D9000904271F100020BD2A0F580320A4300F04C
:107DA0000B86A0F500330B4300F0268600205CE72D
:107DB000A0F500230B4300F0DA80002055E70022F5
:107DC0000220814208BF934201F023829A428841F7
:107DD00049D303F17040084301F0AA804748834229
:107DE00071F1000021D2A3F500020A4300F0628184
:107DF000434A934271F100020BD2A3F500120A43E9
:107E000000F0DB84A3F580030B4300F042810020E7
:107E10002BE703F17C420A4301F03F8203F17843F0
:107E20000B4301F03A8000201FE74FF000409142E1
:107E300008BF834201F06381984272EB01000BD3CB
:107E400003F160420A4301F0C88003F140430B4351
:107E500001F01081002008E7012908BF934201F0DA
:107E60009381002001E74020814208BF934200F047
:107E7000E3869A42884145D31020814208BF93424D
:107E800001F038829A42884129D3042908BF9342DD
:107E900000F0E1870020082908BF83427FF4E5AEA7
:107EA000124AD2F8E830D2F8F01003F0C003890784
:107EB00002D5002B01F0CC82D2F8F020100102D5BF
:107EC000402B01F0C982094A106810F400703FF499
:107ED000CCAE802B48F2120018BF0020C5E6202946
:107EE00008BF934200F048860020BEE6000C025412
:107EF00040787D0101001000010004000100001025
:107F0000010080004FF40070814208BF934200F0EE
:107F10008C849A42884122D3802908BF934200F082
:107F2000F1860020B1F5807F08BF83427FF49DAECB
:107F30009B4AD2F8DC3003F0E043B3F1405F00F03D
:107F4000658700F23F87B3F1805F00F05187B3F19E
:107F5000005F00F05587002B00F0F28385E6B1F555
:107F6000806F08BF934200F0F68400207DE68C4AC3
:107F7000D2F8E83003F4E023B3F5003F18D007D877
:107F80007BB9002303A80493FFF776FC04986CE602
:107F9000B3F5403F01F0E981B3F5802F0FD0002009
:107FA00063E6002368460093FFF706FD00985CE651
:107FB000002303A80393FFF793FD039855E6D2F837
:107FC000E830116803F04043880706D52BB91368E1
:107FD0007448C3F3C103D84047E6714A1168890564
:107FE00003D5B3F1804F01F0C381106810F4003065
:107FF0003FF43BAEB3F1004F6B4818BF002034E6AE
:10800000674AD2F8E83003F46013B3F5801F18D044
:1080100007D87BB9002303A80493FFF72DFC04982D
:1080200023E6B3F5C01F01F0A681B3F5001F0FD002
:1080300000201AE6002368460093FFF7BDFC009875
:1080400013E6002303A80393FFF74AFD03980CE609
:10805000D2F8E830116803F04043880706D52BB901
:1080600013685048C3F3C103D840FEE54C4A116879
:10807000890503D5B3F1804F01F08081106810F4B9
:1080800000303FF4F2ADB3F1004F474818BF002075
:10809000EBE5434BD3F8E4305B0606D4002303A89A
:1080A0000493FFF7E9FB0498DFE56846FFF784FCDB
:1080B0000298DAE53A4BD3F8E430180606D40023E8
:1080C00003A80493FFF7D8FB0498CEE56846FFF7B2
:1080D00073FC0298C9E5324AD2F8D83013F007038E
:1080E00004D107B05DF804EBFDF764B9116809012C
:1080F00008D5012B06D1002368460193FFF75CFCED
:108100000198B2E51268900008D5022B06D1002331
:1081100003A80493FFF7E4FC0498A6E5204A11683D
:10812000890707D5032B05D113681E48C3F3C10384
:10813000D8409AE51268920502D5042B01F02181FE
:10814000174AD2F8F00010F002003FF48EADA3F110
:10815000050CDCF1000343EB0C03D80385E5104A62
:10816000D2F8D83013F0380304D107B05DF804EB2F
:10817000FDF70EB91268100108D5082B06D10023AF
:1081800068460193FFF718FC01986EE5102B0DD19E
:10819000002303A80493FFF7A3FC049865E500BF40
:1081A000000C02540090D00340787D019B4A116876
:1081B000890707D5182B05D113689948C3F3C10364
:1081C000D84052E51268920502D5202B01F0DC80E0
:1081D000924AD2F8F00010F002003FF446ADA3F14D
:1081E000280043424341D8033FE58C4AD2F8D830B7
:1081F00013F4E073B9D01168090108D5402B06D1FA
:10820000002368460193FFF7D7FB01982DE512681C
:10821000900008D5802B06D1002303A80493FFF714
:108220005FFC049821E57D4A1168890707D5C02BBA
:1082300005D113687A48C3F3C103D84015E5126825
:10824000920503D5B3F5807F01F0A180734AD2F87F
:10825000F00010F002003FF408ADA3F5A070434217
:108260004341D80301E56D4AD2F8D83013F4606376
:108270003FF47BAF1168090109D5B3F5007F06D142
:10828000002368460193FFF797FB0198EDE412681D
:10829000900009D5B3F5806F06D1002303A804939D
:1082A000FFF71EFC0498E0E45C4A1168890708D5D2
:1082B000B3F5C06F05D113685948C3F3C103D84063
:1082C000D3E41268920503D5B3F5006F01F0628024
:1082D000524AD2F8F00010F002003FF4C6ACA3F509
:1082E000206043424341D803BFE44C4AD2F8D8301F
:1082F00013F4E0433FF439AF1168090109D5B3F530
:10830000805F06D1002368460193FFF755FB019873
:10831000ABE41268900009D5B3F5005F06D10023E5
:1083200003A80493FFF7DCFB04989EE43B4A116822
:10833000890708D5B3F5405F05D113683848C3F302
:10834000C103D84091E41268920503D5B3F5804F7C
:1083500001F02380314AD2F8F00010F002003FF41F
:1083600084ACA3F5A04043424341D8037DE42B4AAB
:10837000D2F8D83013F460333FF4F7AE1168090136
:1083800009D5B3F5004F06D1002368460193FFF7E6
:1083900013FB019869E41268900009D5B3F5803F9A
:1083A00006D1002303A80493FFF79AFB04985CE42A
:1083B0001A4A1168890708D5B3F5C03F05D113687B
:1083C0001748C3F3C103D8404FE41268920503D5A0
:1083D000B3F5003F00F0E487104AD2F8F00010F047
:1083E00002003FF442ACA3F5203043424341D8039E
:1083F0003BE40A4AD2F8D83013F4E0133FF4B5AEA8
:10840000116809010ED5B3F5802F0BD10023684602
:108410000193FFF7D1FA019827E400BF000C025442
:108420000090D0031268900009D5B3F5002F06D153
:10843000002303A80493FFF753FB049815E4A44A10
:108440001168890708D5B3F5402F05D11368A148F5
:10845000C3F3C103D84008E41268920503D5B3F50D
:10846000801F00F0A0879A4AD2F8F00010F00200B6
:108470003FF4FBABA3F5A01043424341D803FFF701
:10848000F4BB934AD2F8D83013F460033FF46DAED6
:10849000116809010AD5B3F5001F07D1002368460A
:1084A0000193FFF789FA0198FFF7DFBB126890008C
:1084B0000AD5B3F5800F07D1002303A80493FFF773
:1084C0000FFB0498FFF7D1BB814A1168890709D5D2
:1084D000B3F5C00F06D113687E48C3F3C103D8407B
:1084E000FFF7C3BB1268920503D5B3F5000F00F088
:1084F0005D87774AD2F8F00010F002003FF4B5AB88
:10850000A3F5200043424341D803FFF7AEBB704AB6
:10851000D2F8D83013F0E0633FF427AE11680901B8
:108520000AD5B3F1807F07D1002368460193FFF796
:1085300043FA0198FFF799BB126890000AD5B3F18E
:10854000007F07D1002303A80493FFF7C9FA04981A
:10855000FFF78BBB5E4A1168890709D5B3F1407FED
:1085600006D113685B48C3F3C103D840FFF77DBB56
:108570001268920503D5B3F1806F00F01A87544A50
:10858000D2F8F00010F002003FF46FAB03F17B4033
:1085900043424341D803FFF768BB4D4AD2F8D83075
:1085A00013F060533FF4E1AD116809010AD5B3F14E
:1085B000006F07D1002368460193FFF7FDF901988A
:1085C000FFF753BB126890000AD5B3F1805F07D163
:1085D000002303A80493FFF783FA0498FFF745BB31
:1085E0003B4A1168890709D5B3F1C05F06D113680A
:1085F0003848C3F3C103D840FFF737BB1268920570
:1086000003D5B3F1005F00F0D786314AD2F8F0000D
:1086100010F002003FF429AB03F1584043424341BC
:10862000D803FFF722BB2A4AD2F8DC3013F0070345
:108630003FF49BAD1168090109D5012B07D1002337
:1086400068460193FFF7B8F90198FFF70EBB12686F
:10865000900009D5022B07D1002303A80493FFF74C
:108660003FFA0498FFF701BB194A1168890708D53A
:10867000032B06D113681748C3F3C103D840FFF793
:10868000F4BA1268920502D5042B00F09886104ABD
:10869000D2F8F00010F002003FF4E7AA581F43425E
:1086A0004341D803FFF7E1BA094AD2F8DC3013F0AE
:1086B00070033FF45AAD116809010DD5102B0BD191
:1086C000002368460193FFF777F90198FFF7CDBAC9
:1086D000000C02540090D0031268900009D5202BA2
:1086E00007D1002303A80493FFF7FAF90498FFF7D2
:1086F000BCBAAE4A1168890708D5302B06D1136879
:10870000AB48C3F3C103D840FFF7AFBA1268920574
:1087100002D5402B00F05686A44AD2F8F00010F0A3
:1087200002003FF4A2AAA3F1500043424341D80300
:10873000FFF79BBA9D4AD2F8E03013F0E06304D112
:1087400007B05DF804EBFCF747BEB3F1807F07D1BB
:10875000002368460193FFF72FF90198FFF785BAC8
:10876000B3F1007F07D1002303A80493FFF7B8F902
:108770000498FFF77ABA1168890709D5B3F1407FE9
:1087800006D113688A48C3F3C103D840FFF76DBA16
:10879000864A1168880503D5B3F1806F00F015860D
:1087A000D2F8F00010F002003FF45FAA03F17B4121
:1087B0004B424B41D803FFF758BA7C4AD2F8E83015
:1087C00013F0070304D107B05DF804EBFCF7CABD52
:1087D000012B04D107B05DF804EBFCF70DBD022BB3
:1087E00005D16846FFF7E8F80298FFF73EBA12682D
:1087F000920302D5032B00F0EB856C4A11688807C1
:1088000008D5042B06D113686948C3F3C103D840C7
:10881000FFF72BBA106810F400703FF426AA052B5E
:10882000644818BF0020FFF720BA604AD2F8E83049
:10883000D2F8F01003F00803890702D5002B00F0EE
:10884000CA85D2F8F00010F000603FF40EAA002BA9
:1088500014BF4FF4FA400020FFF707BA534AD2F88A
:10886000E43013F440333FF480ACB3F5803F05D1DE
:1088700003A8FFF735F90598FFF7F7B911688807DE
:1088800009D5B3F5003F06D113684948C3F3C103C6
:10889000D840FFF7EAB9454A106810F400703FF479
:1088A000E4A9B3F5403F434818BF0020FFF7DDB906
:1088B0003E4AD2F8E43013F440233FF456ACB3F50B
:1088C000802F05D103A8FFF70BF90598FFF7CDB965
:1088D0001168890709D5B3F5002F06D1136834480C
:1088E000C3F3C103D840FFF7C0B9304A106810F491
:1088F00000703FF4BAA9B3F5402F2E4818BF0020EE
:10890000FFF7B3B9294AD2F8E43013F440133FF427
:1089100017AFB3F5801F05D103A8FFF7E1F805985D
:10892000FFF7A3B91168880709D5B3F5001F06D171
:1089300013681F48C3F3C103D840FFF796B9106806
:1089400010F400703FF491A9B3F5401F194818BF07
:108950000020FFF78AB9154AD2F8E43013F4400337
:108960003FF4EEAEB3F5800F05D103A8FFF7B8F8DA
:108970000598FFF77AB91168890709D5B3F5000F93
:1089800006D113680A48C3F3C103D840FFF76DB995
:10899000064A106810F400703FF467A9B3F5400F61
:1089A000044818BF0020FFF760B900BF000C025454
:1089B0000090D00300093D00B24AD2F8E43013F031
:1089C00040733FF4D2ABB3F1807F05D103A8FFF72A
:1089D00087F80598FFF749B9106810F002003FF4D6
:1089E00044A9B3F1007F40F0FA841368A648C3F3AA
:1089F000C103D840FFF739B9A24AD2F8DC3003F4FA
:108A0000E063B3F5407F23D00BD8B3F5807F11D05E
:108A1000B3F5007F16D0002B3FF492AE0020FFF795
:108A200024B9B3F5806F1AD0B3F5A06F21D0002020
:108A3000FFF71BB9002368460093FEF7BDFF0098BF
:108A4000FFF713B903A8FFF74BF80598FFF70DB927
:108A5000D2F8F000C0F34000C003FFF706B9D2F827
:108A6000F03013F0006F14BF4FF4FA400020FFF70E
:108A7000FCB8D2F8E830116803F04043880707D506
:108A800033B913688048C3F3C103D840FFF7EDB88A
:108A90007C4A1168890503D5B3F1804F00F0A284A8
:108AA000106810F400303FF4E0A8B3F1004F7748AD
:108AB00018BF0020FFF7D9B8724AD2F8DC3003F4AF
:108AC000E043B3F5405F23D00BD8B3F5805F11D0FE
:108AD000B3F5005F16D0002B3FF447AB0020FFF743
:108AE000C4B8B3F5804F1AD0B3F5A04F21D0002001
:108AF000FFF7BBB8002368460093FEF75DFF0098C0
:108B0000FFF7B3B803A8FEF7EBFF0598FFF7ADB882
:108B1000D2F8F000C0F34000C003FFF7A6B8D2F8C7
:108B2000F03013F0006F14BF4FF4FA400020FFF74D
:108B30009CB8D2F8E830116803F04043880707D5A5
:108B400033B913685048C3F3C103D840FFF78DB859
:108B50004C4A1168890503D5B3F1804F00F0458474
:108B6000106810F400303FF480A8B3F1004F47487C
:108B700018BF0020FFF779B8424AD2F8DC3003F47E
:108B8000E023B3F5403F23D00BD8B3F5803F11D09D
:108B9000B3F5003F16D0002B3FF4D2AD0020FFF715
:108BA00064B8B3F5802F1AD0B3F5A02F21D00020E0
:108BB000FFF75BB8002368460093FEF7FDFE0098C0
:108BC000FFF753B803A8FEF78BFF0598FFF74DB8E2
:108BD000D2F8F000C0F34000C003FFF746B8D2F867
:108BE000F03013F0006F14BF4FF4FA400020FFF78D
:108BF0003CB8D2F8E830116803F04043880707D545
:108C000033B913682048C3F3C103D840FFF72DB828
:108C10001C4A1168890503D5B3F1804F00F0E88341
:108C2000106810F400303FF420A8B3F1004F17484B
:108C300018BF0020FFF719B8124AD2F8DC3003F44D
:108C4000E003B3F5401F29D00BD8B3F5801F11D036
:108C5000B3F5001F1CD0002B3FF472AD0020FFF7CE
:108C600004B8B3F5800F20D0B3F5A00F27D00020B3
:108C7000FEF7FBBF002368460093FEF79DFE0098B9
:108C8000FEF7F3BF000C02540090D00340787D0142
:108C900003A8FEF725FF0598FEF7E7BFD2F8F0001E
:108CA000C0F34000C003FEF7E0BFD2F8F03013F08D
:108CB000006F14BF4FF4FA400020FEF7D6BFD2F881
:108CC000E830116803F04043880707D533B91368CB
:108CD000AC48C3F3C103D840FEF7C7BFAA4A116826
:108CE000890503D5B3F1804F00F08583106810F437
:108CF00000303EF4BAAFB3F1004FA44818BF0020D3
:108D0000FEF7B3BFA04AD2F8DC3003F0E063B3F162
:108D1000407F23D00BD8B3F1807F11D0B3F1007F17
:108D200016D0002B3FF40CAD0020FEF79EBFB3F130
:108D3000806F1AD0B3F1A06F21D00020FEF795BF4D
:108D4000002368460093FEF737FE0098FEF78DBFBC
:108D500003A8FEF7C5FE0598FEF787BFD2F8F0001E
:108D6000C0F34000C003FEF780BFD2F8F03013F02C
:108D7000006F14BF4FF4FA400020FEF776BFD2F820
:108D8000E830116803F04043880707D533B913680A
:108D90007C48C3F3C103D840FEF767BF7A4A116825
:108DA000890503D5B3F1804F00F02883106810F4D3
:108DB00000303EF45AAFB3F1004F744818BF0020A2
:108DC000FEF753BFB3F1804F27D0B3F1A04F7EF42D
:108DD0004CAFD2F8E830116803F04043880726D53D
:108DE0002BBB13686748C3F3C103D840FEF73DBFF0
:108DF000002368460093FEF7DFFD0098FEF735BFBD
:108E000003A8FEF76DFE0598FEF72FBFD2F8F0001D
:108E1000C0F34000C003FEF728BFD2F8F03013F0D3
:108E2000006F14BF4FF4FA400020FEF71EBF564AF1
:108E30001168890503D5B3F1804F00F0E282106814
:108E400010F400303EF411AFB3F1004F4F4818BF9B
:108E50000020FEF70ABF4C4AD2F8E830126803F44B
:108E60004073900302D5002B00F0CE82B3F5807FD3
:108E700007D1002303A80493FEF7FEFC0498FEF735
:108E8000F4BEB3F5007F40F0C28200236846019330
:108E9000FEF792FD0198FEF7E8BE3B4AD2F8E030BB
:108EA00003F00703042B00F2B582DFE803F0060E9F
:108EB00016031E003648FEF7D8BE002303A804930D
:108EC000FEF7DAFC0498FEF7D0BE00236846009354
:108ED000FEF772FD0098FEF7C8BE002303A80393B7
:108EE000FEF7FEFD0398FEF7C0BED2F8E830116829
:108EF00003F04043890707D533B913682148C3F30A
:108F0000C103D840FEF7B1BE1F4A1168880503D5DA
:108F1000B3F1804F00F08182106810F400303EF40D
:108F2000A4AEB3F1004F194818BF0020FEF79DBE54
:108F3000154AD2F8E03003F03803102B19D008D8C6
:108F40007BB9002303A80493FEF796FC0498FEF770
:108F50008CBE182B00F06482202B1BD00020FEF763
:108F600084BE002368460093FEF726FD0098FEF7B6
:108F70007CBE002303A80393FEF7B2FD0398FEF71F
:108F800074BE00BF0090D003000C025440787D01F5
:108F90000080BB00D2F8E830116803F04043890735
:108FA00007D533B91368A548C3F3C103D840FEF70A
:108FB0005CBEA34A1168880503D5B3F1804F00F069
:108FC0003282106810F400303EF44FAEB3F1004F1F
:108FD0009C4818BF0020FEF748BE994AD2F8E030FE
:108FE00003F4E073802B1AD008D883B9002303A8B8
:108FF0000493FEF741FC0498FEF737BEC02B00F047
:109000001582B3F5807F12D00020FEF72EBE00231C
:1090100068460093FEF7D0FC0098FEF726BE0023BA
:1090200003A80393FEF75CFD0398FEF71EBED2F87B
:10903000E830116803F04043890707D533B9136856
:109040007E48C3F3C103D840FEF70FBE7C4A1168C7
:10905000880503D5B3F1804F00F0EB81106810F460
:1090600000303EF402AEB3F1004F764818BF002046
:10907000FEF7FBBD724AD2F8E03013F460633FF4B0
:1090800030A8116809010AD5B3F5007F07D1002384
:1090900068460193FEF790FC0198FEF7E6BD126862
:1090A00090000AD5B3F5806F07D1002303A804937D
:1090B000FEF716FD0498FEF7D8BD614A11688907CE
:1090C00009D5B3F5C06F06D113685C48C3F3C1037B
:1090D000D840FEF7CABD1268900503D5B3F5006FFE
:1090E00000F0AA81564A106810F400303EF4BDAD7D
:1090F000B3F5206F534818BF0020FEF7B6BD504AA5
:10910000D2F8E03013F4E0433FF41AAB11680901E0
:109110000AD5B3F5805F07D1002368460193FEF7B7
:109120004BFC0198FEF7A1BD126890000AD5B3F57B
:10913000005F07D1002303A80493FEF7D1FC049835
:10914000FEF793BD3E4A1168890709D5B3F5405F24
:1091500006D113683948C3F3C103D840FEF785BD73
:109160001268900503D5B3F5804F00F06881344A4A
:10917000106810F400303EF478ADB3F5A04F3148DC
:1091800018BF0020FEF771BD2D4AD2F8E03013F46D
:1091900060333EF4A6AF116809010AD5B3F5004F5C
:1091A00007D1002368460193FEF706FC0198FEF7FD
:1091B0005CBD126890000AD5B3F5803F07D100234B
:1091C00003A80493FEF78CFC0498FEF74EBD1C4ADE
:1091D0001168890709D5B3F5C03F06D11368174850
:1091E000C3F3C103D840FEF740BD1268900503D514
:1091F000B3F5003F00F02681114A106810F40030EA
:109200003EF433ADB3F5203F0E4818BF0020FEF703
:109210002CBD0B4AD2F8E43003F00303022B13D029
:10922000032B17D0012B7FF4CEAA002303A80493AD
:10923000FEF722FB0498FEF718BD00BF0090D00394
:10924000000C025440787D016846FEF7B5FB029899
:10925000FEF70BBDD2F8E830116803F040438907F0
:1092600007D533B913688248C3F3C103D840FEF76A
:10927000FCBC804A1168880503D5B3F1804F00F02B
:10928000E480106810F400303EF4EFACB3F1004F0E
:10929000794818BF0020FEF7E8BC764AD2F8E830DB
:1092A000116803F03003890402D5002B00F0D88048
:1092B0001268920109D5102B07D1002303A804934B
:1092C000FEF7DAFA0498FEF7D0BC6A4AD2F8F0103A
:1092D000880702D5202B00F0C680D2F8F00010F0ED
:1092E00000603EF4C2AC302B0CBF4FF4FA400020BB
:1092F000FEF7BBBC5F4AD2F8E43003F03003102B1A
:1093000007D1002303A80493FEF7B6FA0498FEF7EA
:10931000ACBC1168890009D5202B07D1002303A814
:109320000493FEF7DDFB0498FEF79FBC106810F471
:1093300000503EF49AAC302B504818BF0020FEF786
:1093400094BC4FF40040FEF790BC4FF4FA40FEF797
:109350008CBC0020FEF789BC0020FEF786BC0020F4
:10936000FEF783BC0020FEF780BC4548FEF77DBCBD
:109370004448FEF77ABC4248FEF777BC4148FEF706
:1093800074BC4048FEF771BC3E48FEF76EBC3D48D9
:10939000FEF76BBC3B48FEF768BC3A48FEF765BC7D
:1093A0003848FEF762BC3748FEF75FBC3548FEF729
:1093B0005CBC3448FEF759BC3248FEF756BC314815
:1093C000FEF753BC2F48FEF750BC2E48FEF74DBCAD
:1093D0002948FEF74ABC4FF40040FEF746BC002087
:1093E000FEF743BC2748FEF740BC2648FEF73DBCCD
:1093F0002448FEF73ABC2348FEF737BC2148FEF765
:1094000034BC2048FEF731BC1B48FEF72EBC0020C0
:10941000FEF72BBC0020FEF728BC1A48FEF725BC3F
:109420001748FEF722BC1748FEF71FBC1448FEF78A
:109430001CBC1448FEF719BC1248FEF716BC1148B4
:10944000FEF713BC0F48FEF710BC0E48FEF70DBC2C
:109450004FF40040FEF709BC4FF4FA40FEF705BC9C
:109460000648FEF702BC4FF40040FEF7FEBB00BF0B
:109470000090D003000C025440787D01006CDC02A7
:109480000080BB0000093D002DE9E04F2746A046C3
:10949000A146A246A346A446A2B02DEC000A84F33E
:1094A000008825462646A447EFF3148515F0080FDB
:1094B00018BFB0EE400A3DEC000A22B0BDE8E08FD4
:1094C00080F0004002E000BF81F0004142001FBF79
:1094D0005FEA410392EA030F7FEA226C7FEA236C82
:1094E0006AD04FEA1262D2EB1363C1BFD218414077
:1094F00048404140B8BF5B42192B88BF704710F00D
:10950000004F40F4000020F07F4018BF404211F0AF
:10951000004F41F4000121F07F4118BF494292EA17
:10952000030F3FD0A2F1010241FA03FC10EB0C0043
:10953000C3F1200301FA03F100F0004302D54942D0
:1095400060EB4000B0F5000F13D3B0F1807F06D37D
:1095500040084FEA310102F10102FE2A51D2B1F175
:10956000004F40EBC25008BF20F0010040EA03006A
:109570007047490040EB0000013A28BFB0F5000FEA
:10958000EDD2B0FA80FCACF1080CB2EB0C0200FAA0
:109590000CF0AABF00EBC25052421843BCBFD040EF
:1095A0001843704792F0000F81F4000106BF80F469
:1095B00000000132013BB5E74FEA41037FEA226C2C
:1095C00018BF7FEA236C21D092EA030F04D092F0F7
:1095D000000F08BF0846704790EA010F1CBF00202B
:1095E000704712F07F4F04D1400028BF40F0004088
:1095F000704712F100723CBF00F50000704700F0A8
:10960000004343F0FE4040F4000070477FEA2262CE
:1096100016BF08467FEA23630146420206BF5FEA9F
:10962000412390EA010F40F4800070474FF000039F
:1096300004E000BF10F0004348BF40425FEA000C66
:1096400008BF704743F0964301464FF000001CE00E
:1096500050EA010208BF70474FF000030AE000BF64
:1096600050EA010208BF704711F0004302D54042A2
:1096700061EB41015FEA010C02BF84460146002014
:1096800043F0B64308BFA3F18053A3F50003BCFA2F
:109690008CF2083AA3EBC25310DB01FA02FC6344DC
:1096A00000FA02FCC2F12002BCF1004F20FA02F2E3
:1096B00043EB020008BF20F00100704702F12002D6
:1096C00001FA02FCC2F1200250EA4C0021FA02F237
:1096D00043EB020008BF20EADC7070474FF0FF0C3C
:1096E0001CEAD0521EBF1CEAD15392EA0C0F93EA37
:1096F0000C0F6FD01A4480EA010C400218BF5FEAD9
:1097000041211ED04FF0006343EA501043EA51114B
:10971000A0FB01310CF00040B1F5000F3EBF490045
:1097200041EAD3715B0040EA010062F17F02FD2A49
:109730001DD8B3F1004F40EBC25008BF20F001002C
:10974000704790F0000F0CF0004C08BF49024CEA43
:10975000502040EA51207F3AC2BFD2F1FF0340EAD5
:10976000C250704740F400004FF00003013A5DDC46
:1097700012F1190FDCBF00F000407047C2F1000287
:10978000410021FA02F1C2F1200200FA02FC5FEA74
:10979000310040F1000053EA4C0308BF20EADC70BE
:1097A000704792F0000F00F0004C02BF400010F430
:1097B000000F013AF9D040EA0C0093F0000F01F0DD
:1097C000004C02BF490011F4000F013BF9D041EAFF
:1097D0000C018FE70CEAD15392EA0C0F18BF93EA01
:1097E0000C0F0AD030F0004C18BF31F0004CD8D12B
:1097F00080EA010000F00040704790F0000F17BFB2
:1098000090F0004F084691F0000F91F0004F14D0F7
:1098100092EA0C0F01D142020FD193EA0C0F03D14F
:109820004B0218BF084608D180EA010000F0004052
:1098300040F0FE4040F40000704740F0FE4040F42D
:10984000400070474FF0FF0C1CEAD0521EBF1CEACC
:10985000D15392EA0C0F93EA0C0F69D0A2EB0302EA
:1098600080EA010C49024FEA402037D04FF0805384
:1098700043EA111143EA10130CF000408B4238BF49
:109880005B0042F17D024FF4000C8B4224BF5B1A57
:1098900040EA0C00B3EB510F24BFA3EB510340EAA5
:1098A0005C00B3EB910F24BFA3EB910340EA9C0053
:1098B000B3EBD10F24BFA3EBD10340EADC001B01C3
:1098C00018BF5FEA1C1CE0D1FD2A3FF650AF8B4267
:1098D00040EBC25008BF20F0010070470CF0004C74
:1098E0004CEA50207F32C2BFD2F1FF0340EAC2509F
:1098F000704740F400004FF00003013A37E792F060
:10990000000F00F0004C02BF400010F4000F013ABD
:10991000F9D040EA0C0093F0000F01F0004C02BFB8
:10992000490011F4000F013BF9D041EA0C0195E721
:109930000CEAD15392EA0C0F08D142027FF47DAFBA
:1099400093EA0C0F7FF470AF084676E793EA0C0FAA
:1099500004D14B023FF44CAF08466EE730F0004CA8
:1099600018BF31F0004CCAD130F000427FF45CAF38
:1099700031F000437FF43CAF5FE700BF42000ED2FE
:10998000B2F1FE4F0BD34FF09E03B3EB126209D43A
:109990004FEA002343F0004323FA02F070474FF0F0
:1099A0000000704712F1610F01D1420202D14FF065
:1099B000FF3070474FF00000704700BF53B94AB9FD
:1099C000002908BF00281CBF4FF0FF314FF0FF30C7
:1099D00000F0B2B9ADF1080C6DE904CE00F006F864
:1099E000DDF804E0DDE9022304B070472DE9F04F13
:1099F0008C46099E04460F46002B48D18A421546E4
:109A00005ED9B2FA82F33BB1C3F120029F409D4080
:109A10009C4020FA02F217434FEA154E1FFA85FCCC
:109A2000220CB7FBFEF10EFB117701FB0CF042EAB2
:109A30000742904207D9AA1801F1FF3702D290429B
:109A400000F258813946121AA4B2B2FBFEF00EFBA6
:109A5000102200FB0CFC44EA0244A4450BD92C194B
:109A600000F1FF322CBF01270027A44502D9002FA7
:109A700000F04381104640EA0140A4EB0C040021B1
:109A80001EB1DC400023C6E90043BDE8F08F8B42E5
:109A900006D90EB1C6E9000100210846BDE8F08FE5
:109AA000B3FA83F1002951D16345C0F01681824297
:109AB00040F213810846002EE7D0C6E90047E4E7EC
:109AC000002A00F0AF80B2FA82F3002B40F0C2808F
:109AD0008A1A4FEA154EAFB20121200CB2FBFEFCF0
:109AE0000EFB1C2240EA024207FB0CF090420ED90A
:109AF000AA180CF1FF382CBF4FF001094FF00009F4
:109B0000904203D9B9F1000F00F0F080C446121A58
:109B1000A4B2B2FBFEF00EFB102200FB07F744EAF2
:109B20000244A7420ED92C1900F1FF322CBF4FF08E
:109B3000010E4FF0000EA74203D9BEF1000F00F056
:109B4000D2801046E41B40EA0C4099E7C1F12005A1
:109B50008B400CFA01F400FA01F922FA05F72CFA0D
:109B600005FC8A401F4320FA05F3380C23431FFAF3
:109B700087FE1C0CBCFBF0F800FB18CC44EA0C443C
:109B800008FB0EFCA4450ED93C1908F1FF3A2CBF86
:109B90004FF0010B4FF0000BA44503D9BBF1000FB0
:109BA00000F0B880D046A4EB0C041FFA83FCB4FB91
:109BB000F0F300FB134403FB0EFE4CEA0444A645FD
:109BC0000ED93C1903F1FF302CBF4FF0010C4FF0C0
:109BD000000CA64503D9BCF1000F00F09F8003469E
:109BE00043EA0840A4EB0E04A0FB02EC6445734674
:109BF000E04602D307D1F14505D2BEEB02036CEB80
:109C0000070C0138E0465EB1B9EB030264EB0804CF
:109C100004FA05F522FA01F3CC401D43C6E90054CD
:109C2000002132E742082F464B08AC4642EAC17297
:109C3000AE46C407110C92B241EA034142EA014226
:109C4000B1FBF5F1B3FBF5F01F23A2EB0C0241EAE7
:109C5000004142E79D40C3F1200299409C402CFA0C
:109C600002FC4FEA154E20FA02F2AFB2BCFBFEF83E
:109C70000A430EFB18CC110C41EA0C4108FB07FC0F
:109C80008C4550D9691808F1FF302CBF4FF00109FD
:109C90004FF000098C4502D9B9F1000F30D0A1EB8B
:109CA0000C01B1FBFEF808FB07FC0EFB181192B289
:109CB00042EA0142624534D2AA1808F1FF312CBFB2
:109CC0004FF001094FF000096245BED2B9F1000F13
:109CD000BBD1A8F102012A44B7E7841A6CEB030256
:109CE00001201746E7E62C4402382BE7ACF1020CC2
:109CF0002A440CE702392A44A5E62C440238BAE685
:109D0000A5EB0C0CA8F102006144B1FBFEF808FBC6
:109D100007FCCAE7A8F102083C4444E7023B3C4484
:109D20005EE7414691E7A1EB0C014046B1FBFEF82E
:109D300008FB07FCB9E700BF704700BF88B1010C02
:109D4000000004302E0000000000000000000000B1
:109D500000000000B80004301E12000000000000E7
:109D600000000000010000000200000004000000EC
:109D7000040000000164000080AE010C00800300BC
:109D80000000080003650000C8AE010C00001000D0
:109D9000000008000264000080AE010C000010000A
:109DA0000000100004650000C8AE010C000018009F
:109DB000000010005468697320646576696365204B
:109DC0006973201B5B313B316D4E4F54205345432B
:109DD000555245005468697320646576696365204F
:109DE0007761732070726F766973696F6E65642036
:109DF000776974682064756D6D79206B6579732E51
:109E000020001B5B313B33316D001E25732573250C
:109E10007325730A001B5B306D0028426567696E0D
:109E20006E696E6720424C322070726F766973697A
:109E30006F6E696E670A0054464D5F44554D4D592B
:109E40005F50524F564953494F4E494E4720697310
:109E5000206E6F74207375697461626C6520666F23
:109E6000722070726F64756374696F6E2120000ACE
:109E7000506C6174666F726D20696E6974206661E2
:109E8000696C65640A00285374617274696E672096
:109E9000626F6F746C6F616465720A000A4F545090
:109EA0002073797374656D20696E697469616C697A
:109EB0007A6174696F6E206661696C65640A000A74
:109EC00050726F766973696F6E696E672072657123
:109ED000756972656420636865636B206661696C8F
:109EE00065640A000A50726F766973696F6E696EF5
:109EF00067206661696C65640A000A4572726F7258
:109F0000207768696C6520696E697469616C697A2B
:109F1000696E67207468652073656375726974790A
:109F200020636F756E7465720A000A506C61746606
:109F30006F726D20706F737420696E697420666132
:109F4000696C65640A000A50534120437279707449
:109F50006F20696E6974206661696C656420776939
:109F60007468206572726F7220636F646520256467
:109F70000A0045432D5032353600285053412043C6
:109F8000727970746F20696E697420646F6E652CCD
:109F9000207369675F747970653A20257325730AA9
:109FA000000A5072652D6C6F6164207374657020B7
:109FB000666F7220696D616765202564206661693E
:109FC0006C65640A000A556E61626C6520746F20CE
:109FD00066696E6420626F6F7461626C6520696D82
:109FE0006167650A000A506F73742D6C6F6164209D
:109FF0007374657020666F7220696D6167652025D6
:10A0000064206661696C65640A0028426F6F746C35
:10A010006F6164657220636861696E6C6F61642052
:10A0200061646472657373206F66667365743A2049
:10A03000307825780A0028496D6167652076657259
:10A0400073696F6E3A207625642E25642E25640A86
:10A0500000284A756D70696E6720746F207468659A
:10A0600020666972737420696D61676520736C6F17
:10A07000740A000A617265612025642073697A653B
:10A080002030782578206E6F742064697669736952
:10A09000626C6520627920736563746F72207369E6
:10A0A0007A6520307825780A000A666C617368202A
:10A0B0006172656120256420736563746F7220632B
:10A0C0006F756E74206F766572666C6F770A002804
:10A0D000496D6167652025643A207072696D61720F
:10A0E00079206F70656E206661696C65642C2066EE
:10A0F0006F6C6C6F772064656661756C7420757029
:10A10000646174650A0028496D6167652025643AB9
:10A11000206861736820636F6D7061726520736B76
:10A1200069707065642C20666F6C6C6F7720646555
:10A130006661756C74207570646174650A002849E5
:10A140006D6167652025643A207365636F6E646195
:10A150007279206D617463686573207072696D61D6
:10A1600072792C20736B6970206F766572777269D3
:10A1700074650A0028496D6167652025643A20737B
:10A1800065636F6E64617279206469666665727377
:10A190002C206F7665727772697465207072696DB4
:10A1A0006172790A007072696D617279007365631A
:10A1B0006F6E64617279000A496D61676520696E2E
:10A1C0002074686520257320736C6F742069732078
:10A1D0006E6F742076616C6964210A000A466169B9
:10A1E0006C656420746F206F70656E20666C61739F
:10A1F000682061726561732C2063616E6E6F7420DC
:10A20000636F6E74696E75650A001E4661696C65E0
:10A21000642072656164696E6720736563746F7230
:10A22000733B20424F4F545F4D41585F494D475F4C
:10A23000534543544F52533D2564202D20746F6F76
:10A2400020736D616C6C3F0A001E4661696C656429
:10A250002072656164696E6720696D616765206859
:10A260006561646572733B20496D6167653D257565
:10A270000A0028496D616765202564207570677242
:10A28000616465207365636F6E6461727920736CBD
:10A290006F74202D3E207072696D61727920736C2D
:10A2A0006F740A002845726173696E67207468656F
:10A2B000207072696D61727920736C6F740A002866
:10A2C000496D61676520256420636F7079696E67E9
:10A2D00020746865207365636F6E646172792073A2
:10A2E0006C6F7420746F20746865207072696D6182
:10A2F000727920736C6F743A203078257A782062F6
:10A30000797465730A000A536563757269747920FC
:10A31000636F756E74657220757064617465206614
:10A3200061696C656420616674657220696D61673E
:10A330006520757067726164653A2025640A000AB9
:10A3400070616E6963210A000A53656375726974EE
:10A350007920636F756E74657220757064617465C1
:10A36000206661696C656420616674657220696D40
:10A370006167652025642076616C69646174696F2A
:10A380006E3A2025640A001E43616E6E6F7420755C
:10A390007067726164653A206D6F726520736563E2
:10A3A000746F7273207468616E20616C6C6F776576
:10A3B000640A001E43616E6E6F742075706772616F
:10A3C00064653A20736C6F74732068617665206EE3
:10A3D0006F6E2D636F6D70617469626C652073655B
:10A3E00063746F72730A001E43616E6E6F74207522
:10A3F0007067726164653A20736C6F747320617268
:10A4000065206E6F7420636F6D70617469626C6536
:10A410000A000A4661696C656420746F2061646497
:10A4200020696D616765206461746120746F2073B9
:10A43000686172656420617265610A000A4661693B
:10A440006C656420746F20616464206461746120B1
:10A45000746F20736861726564206D656D6F7279C9
:10A4600020617265612E0A000A4661696C6564208C
:10A47000746F206F70656E20666C61736820617206
:10A4800065612049442025642028696D6167652045
:10A49000256420736C6F7420257A75293A20256411
:10A4A0000A004255473B2063616E27742068617043
:10A4B00070656E00285365636F6E64617279206900
:10A4C0006D616765206F6620696D616765207061E9
:10A4D0006972202825642920697320756E72656170
:10A4E000636861626C652E205472656174206974C2
:10A4F00020617320656D7074790A0028496D616769
:10A500006520696E6465783A2025642C2053776154
:10A510007020747970653A2025730A0028496D61AE
:10A52000676520696E6465783A2025642C2053772E
:10A53000617020747970653A206E6F6E650A0074E0
:10A54000657374007065726D007265766572740073
:10A550000A496D6167652073656375726974792056
:10A56000636F756E7465722076616C7565202575F4
:10A57000206C6F776572207468616E206D6F6E6FEE
:10A58000746F6E69632076616C75652025750A00AD
:10A590000A696E76616C696420666C617368204933
:10A5A000442025643B2065787065637465642025CC
:10A5B000640A000A4572726F72207768696C6520C0
:10A5C000756E696E697469616C697A696E67204637
:10A5D0006C61736820496E746572666163650A0018
:10A5E0000A4572726F72207768696C6520696E69BE
:10A5F0007469616C697A696E6720524E47204970B0
:10A600000A000A4572726F72207768696C6520696A
:10A610006E697469616C697A696E67204857206158
:10A620006363656C657261746F722049700A000A19
:10A630004572726F72207768696C6520696E697403
:10A6400069616C697A696E6720466C61736820493C
:10A650006E746572666163650A000A535049204E44
:10A660004F5220696E6974206661696C65643B2095
:10A67000636F6E74696E7565207769746820696EA2
:10A680007465726E616C207072696D6172790A0016
:10A690000A556E65787065637465642076616C75C3
:10A6A0006520666F7220545A454E0A000A556E6541
:10A6B000787065637465642076616C756520666F7B
:10A6C0007220737761702062616E6B20636F6E66BB
:10A6D000696775726174696F6E0A000A556E6578F4
:10A6E0007065637465642076616C756520666F7251
:10A6F00020424F4F542055424520636F6E66696774
:10A7000075726174696F6E0A0028426F6F744164DC
:10A71000647220307825780A000A556E6578706575
:10A72000637465642076616C756520666F72205372
:10A73000454320424F4F5420416464726573730A4D
:10A74000002842414E4B20312073656375726520AD
:10A75000666C617368205B25642C2025645D203A5B
:10A76000204F42205B25642C2025645D0A000A5599
:10A770006E65787065637465642076616C756520BC
:10A78000666F722073656375726520666C617368AD
:10A790002070726F74656374696F6E3A20736574AC
:10A7A00020776D736563310A002842414E4B203299
:10A7B0002073656375726520666C617368205B2524
:10A7C000642C2025645D203A204F42205B25642CB8
:10A7D0002025645D0A002842414E4B203120666CE2
:10A7E0006173682077726974652070726F74656335
:10A7F00074696F6E2067726F757020307825783AB3
:10A80000204F4220307825780A000A556E6578700E
:10A8100065637465642076616C756520666F72206F
:10A8200077726974652070726F74656374696F6E96
:10A83000203A2073657420777270310A00284241F3
:10A840004E4B203120686964652070726F746563B7
:10A8500074696F6E205B25642C2025645D203A208E
:10A860004F42205B25642C2025645D0A000A556E4A
:10A8700065787065637465642076616C75652066C3
:10A880006F7220686964652070726F7465637469A3
:10A890006F6E203A2073657420686470310A000A74
:10A8A000556E65787065637465642076616C756556
:10A8B00020666F72205352414D322045524153451C
:10A8C0002061742052657365740A000A556E6578BC
:10A8D0007065637465642076616C756520666F725F
:10A8E000205352414D32204543430A000A457272BB
:10A8F0006F72207768696C652073657474696E6720
:10A90000204F422042616E6B3120636F6E66696733
:10A910000A000A4572726F72207768696C6520655B
:10A920007865637574696F6E204F425F4C61756E18
:10A9300063680A0028426F6F744C6F636B20307835
:10A9400025780A000A556E65787065637465642021
:10A9500076616C756520666F722053454320424FC7
:10A960004F54204C4F434B0A000A57323551333273
:10A97000204A4544454320494420253032783A2531
:10A980003032783A253032782028657870656374E3
:10A990002065663A34303A3136290A000A57323592
:10A9A000513332204A45444543206D69736D6174CB
:10A9B0006368202D20535049204E4F52206E6F74F3
:10A9C0002072656164790A0028573235513332208C
:10A9D0004A4544454320494420253032783A2530C1
:10A9E00032783A253032780A002853504920466C94
:10A9F00061736820496E7465726661636520696E73
:10AA0000697469616C697A65640A005B556E737577
:10AA100070706F727465645D005B4552525D005BDF
:10AA20004E4F545D005B57524E5D005B494E465D94
:10AA3000005B5645525D00EDFEDEC0F4B4A4DE526C
:10AA4000220C0E2B2171CDFAAE6B3166DDBD58FBA9
:10AA5000CACAA676AC8DD26FC81E0FCD1514ADC66E
:10AA600045C4963FF1955329909270738A8CFE33BA
:10AA7000C8B14E000BC0B38B7DD9D20001000000DD
:10AA800000000002000000000000000000000000C4
:10AA900000000000000000000000000000000000B6
:10AAA00000000000000000000000000000000000A6
:10AAB0000000000000000000000000000000000096
:10AAC0000000000000000000000000000000000086
:10AAD0000000000000000000000000000000000076
:10AAE0000000000000000000000000000000000066
:10AAF0000000000000000000000000000000000056
:10AB00000000000000000000000000000000000045
:10AB10000000000000000000000000000000000035
:10AB20000000000000000000000000000000000025
:10AB30000000000000000000000000000000000015
:10AB40000000000000000000000000000000000005
:10AB500000000000000000000000000000000000F5
:10AB600000000000000000000000000000000000E5
:10AB700000000000000000000002000000000000D3
:10AB800000000000000000000C00000000000000B9
:10AB900000000000000000000000000000000000B5
:10ABA00000000004000000000000000000000000A1
:10ABB0000000000000000000000000000000000095
:10ABC0000000000000000000000000000000000085
:10ABD00000000000000000003FA5010C44A5010C8E
:10ABE00049A5010C04010403040204010401040347
:10ABF00001040304010410002DE15D29410B8D7750
:10AC0000679C110F1F8A06082A8648CE3D0301075C
:10AC100006072A8648CE3D0201000000BB05010C54
:10AC200010141400001C2030401C2000001C203098
:10AC300040000000982F8A4291443771CFFBC0B585
:10AC4000A5DBB5E95BC25639F111F159A4823F92F7
:10AC5000D55E1CAB98AA07D8015B8312BE85312450
:10AC6000C37D0C55745DBE72FEB1DE80A706DC9B11
:10AC700074F19BC1C1699BE48647BEEFC69DC10FBD
:10AC8000CCA10C246F2CE92DAA84744ADCA9B05CF9
:10AC9000DA88F97652513E986DC631A8C82703B0BC
:10ACA000C77F59BFF30BE0C64791A7D55163CA06CA
:10ACB00067292914850AB72738211B2EFC6D2C4DD6
:10ACC000130D385354730A65BB0A6A762EC9C281C4
:10ACD000852C7292A1E8BFA24B661AA8708B4BC25A
:10ACE000A3516CC719E892D1240699D685350EF484
:10ACF00070A06A1016C1A419086C371E4C7748273B
:10AD0000B5BCB034B30C1C394AAAD84E4FCA9C5BB0
:10AD1000F36F2E68EE828F746F63A5781478C88401
:10AD20000802C78CFAFFBE90EB6C50A4F7A3F9BEE3
:10AD3000F27871C66BFF79FF79FF7CFF000000009D
:10AD40000A5695CE5753F2DD5CE419BAE4B84A8B43
:10AD500025F321DD8886E8D2855D882518FF718579
:10AD60003C14A918D430E77901B6ED5FFC95BA75AB
:10AD7000102562772B73FB79C65537A5765F90183F
:10AD8000DFBDC42962DF9CD890308478CD05F0AC5B
:10AD9000D62E21F7AB20A2E5344887041D0630DC0F
:10ADA000512563FCC2CAB9F3849E17A7ADFAE6BC6D
:10ADB000FFFFFFFFFFFFFFFF00000000FFFFFFFF9F
:10ADC000A2EE79BE954C2483A66FBD499C79994625
:10ADD00059EC6B2B39B245282056D9F3942DE166F6
:10ADE0004FBC00EEFFFFFFFFFFFFFFFFFFFFFFFF76
:10ADF0000000000000000000000000000100000052
:10AE0000FFFFFFFF0300000000000000FFFFFFFF47
:10AE1000FBFFFFFFFEFFFFFFFFFFFFFFFDFFFFFF49
:10AE20000400000001000000000000000102030413
:10AE300000000000000000000102030406070809EA
:10AE40000000000000200240FF1F0340000000003F
:10AE50000100000000001008FFFF1F0800000000B4
:10AE60000200000000F8FF083FF8FF0800000000A3
:10AE70000300000000FBF90BFFFEF90B00000000CF
:10AE80004D45010C6545010C9D45010C6945010CC2
:10AE90006D45010CE545010CED46010C1548010C12
:10AEA0008345010C8945010C9545010C000000000B
:10AEB0000001000000200000002000001000000041
:10AEC000FF000000030200018159010C9959010C97
:10AED000C15B010C9D59010CA959010C555A010C7B
:10AEE000255B010C295B010CAD59010CB559010C16
:10AEF000C159010C10002DE15D29410B8D77679C34
:10AF0000110F1F8A00000000000400000010000064
:10AF10000001000001000000FF000000030200012A
:10AF200000001000000008000000180000001000E1
:10AF300001000000020000000400000019AA010C3A
:10AF40000000000000000000000000000000000001
:10AF500000000000000000000000000000000000F1
:10AF6000000000001FAA010C00000000000000000B
:10AF700000000000000000000000000000000000D1
:10AF800000000000000000000000000025AA010CE5
:10AF900000000000000000000000000000000000B1
:10AFA00000000000000000000000000000000000A1
:10AFB000000000002BAA010C0000000000000000AF
:10AFC0000000000000000000000000000000000081
:10AFD00000000000000000000000000031AA010C89
:10AFE000416A010C596A010CC56A010C5D6A010CC9
:10AFF000616A010CA16A010C816A010C656A010C8D
:10B000006B6A010C856B010C6F6A010C736A010C91
:10B01000776A010C7D6A010C040202020100020041
:10B020000400060008000A000C0010002000400088
:04B03000800000019B
:10B034000746884600F00FF8002001460246034602
:10B04400044605460646814682468346844686462D
:10B054004046884638470021034B044A43F8041B02
:10B064009342FBD1704700BF0000043000FC043061
:10B0740000210C4B0C4A43F8041B9342FBD10023E0
:10B0840018460A4A03F140010133182B42F8210003
:10B09400F8D10021064B074A43F8041B9342FBD125
:10B0A400704700BF0001003000010430002C035041
:10B0B4000000043000FC043008B500231E4E044692
:10B0C4003360F5F79DFCFAF721FC1C4BDB689847CD
:10B0D40020B11B48FBF71CFB00F03CF8194BDD6862
:10B0E400A84720B11648FBF713FB00F033F8A84734
:10B0F40020B11348FBF70CFB00F02CF8FAF7B8FB6F
:10B1040008B100F027F8F9F7EDF80F4D0F4B9C60EC
:10B114002C6000243460F9F7E5F884F30A882B687E
:10B124001B6883F30888BFF34F8FBFF36F8F2B68BF
:10B1340007485968FFF77CFF3447043080AE010CA0
:10B14400B3A5010CC8AE010C3047043000ED00E09B
:04B1540035B0010C05
:10B1580010B54EF2FE734FF0005424F8013BBFF3D4
:10B168004F8FBFF36F8F6408640020462146224644
:08B178002346FEF785F910BD26
:08B180006CE8FF7F01000000F4
:10B1880000000000C4200430E1F6C11988EACD1F90
:10B1980055555515AAAAAA1A3F08010C3D08010CD5
:10B1A8003908010C0090D0030000000000000000E6
:10B1B8000000000000000000010000000000000086
:10B1C80000000000040000007800043004000000C3
:10B1D8009800043003000000600004300100000003
:10B1E80000800200FFBF020000000000FFBF000057
:10B1F80000800300FF7F0B0000800200FFBF0200F9
:10B2080000000000FFBF000000800300FF7F0B006C
:10B2180000001000FFFF1F0000800200FFBF0200B7
:10B2280000000000FFBF000000800300FF7F0B004C
:08B2380000001000FFFF1F00E1
:020000040C02EC
:108000001281DEC0000102030405060708090A0BFD
:108010000C0D0E0F000102030405060708090A0BE8
:108020000C0D0E0FA9B454B26D6F90A4EA3119353E
:1080300064CBA91FEC6F9A002A7DC0504B92A1938C
:108040007134585F200000001200000073746D2E20
:108050006578616D706C652E7863756265210000CE
:10806000000000000000000000000000A0A1A2A38A
:10807000A4A5A6A7A8A9AAABACADAEAFB0B1B2B348
:10808000B4B5B6B7B8B9BABBBCBDBEBF030000003B
:10809000AAAAAAAAAAAAAAAABBBBBBBBBBBBBBBBB8
:1080A000CCCCCCCCCCCCCCCCDDDDDDDDDDDDDDDD88
:1080B0003036303435363532373238323931303087
:1080C000313000000000000000000000000000004F
:1080D0007777772E747275737465646669726D77DD
:1080E0006172652E6F7267000000000000000000E2
:1080F0005053415F494F545F50524F46494C455F82
:10810000310000000000000000000000000000003E
:10811000F4B4A4DE52220C0E2B2171CDFAAE6B31D9
:1081200066DDBD58FBCACAA676AC8DD26FC81E0FDD
:10813000CD1514ADC645C4963FF195532990927064
:10814000738A8CFE33C8B14E000BC0B38B7DD9D27D
:10815000000000000000000000000000000000001F
:10816000000000000000000000000000000000000F
:1081700000000000000000000000000000000000FF
:1081800000000000000000000000000000000000EF
:1081900000000000000000000000000000000000DF
:1081A00000000000000000000000000000000000CF
:1081B00000000000000000000000000000000000BF
:1081C00000000000000000000000000000000000AF
:1081D000000000000000000000000000000000009F
:1081E000000000000000000000000000000000008F
:1081F000000000000000000000000000000000007F
:10820000000000000000000000000000000000006E
:10821000000000000000000000000000000000005E
:10822000000000000000000000000000000000004E
:10823000000000000000000000000000000000003E
:10824000000000000000000000000000000000002E
:10825000CD1514ADC645C4963FF195532990927043
:10826000738A8CFE33C8B14E000BC0B38B7DD9D25C
:1082700000000000000000000000000000000000FE
:1082800000000000000000000000000000000000EE
:1082900000000000121323340A058978A3668C0DB0
:1082A000975553CAB576186229C6B67975C85A8DDE
:1082B0009E118F85DEC45F662152F939D9779328E4
:1082C000B05E02FA58B416C80F3891BB2817CD8A91
:1082D000C9537266000000000000000000000000AA
:1082E000000000000000000000000000000000008E
:1082F000000000000000000000000000000000007E
:048300000100000078
:10E000004200DEC04200DEC0000000000000000050
:10E010000000000000000000000000000000000000
:040000050C010E419B
:00000001FF
