:020000040C03EB
:108000003DB8F3960000000000047B0000DC040093
:10801000000000000203000000000000000000005B
:10802000FFFFFFFFFFFFFFFFFFFFFFFFFFFFFFFF60
:10803000FFFFFFFFFFFFFFFFFFFFFFFFFFFFFFFF50
:10804000FFFFFFFFFFFFFFFFFFFFFFFFFFFFFFFF40
:10805000FFFFFFFFFFFFFFFFFFFFFFFFFFFFFFFF30
:10806000FFFFFFFFFFFFFFFFFFFFFFFFFFFFFFFF20
:10807000FFFFFFFFFFFFFFFFFFFFFFFFFFFFFFFF10
:10808000FFFFFFFFFFFFFFFFFFFFFFFFFFFFFFFF00
:10809000FFFFFFFFFFFFFFFFFFFFFFFFFFFFFFFFF0
:1080A000FFFFFFFFFFFFFFFFFFFFFFFFFFFFFFFFE0
:1080B000FFFFFFFFFFFFFFFFFFFFFFFFFFFFFFFFD0
:1080C000FFFFFFFFFFFFFFFFFFFFFFFFFFFFFFFFC0
:1080D000FFFFFFFFFFFFFFFFFFFFFFFFFFFFFFFFB0
:1080E000FFFFFFFFFFFFFFFFFFFFFFFFFFFFFFFFA0
:1080F000FFFFFFFFFFFFFFFFFFFFFFFFFFFFFFFF90
:10810000FFFFFFFFFFFFFFFFFFFFFFFFFFFFFFFF7F
:10811000FFFFFFFFFFFFFFFFFFFFFFFFFFFFFFFF6F
:10812000FFFFFFFFFFFFFFFFFFFFFFFFFFFFFFFF5F
:10813000FFFFFFFFFFFFFFFFFFFFFFFFFFFFFFFF4F
:10814000FFFFFFFFFFFFFFFFFFFFFFFFFFFFFFFF3F
:10815000FFFFFFFFFFFFFFFFFFFFFFFFFFFFFFFF2F
:10816000FFFFFFFFFFFFFFFFFFFFFFFFFFFFFFFF1F
:10817000FFFFFFFFFFFFFFFFFFFFFFFFFFFFFFFF0F
:10818000FFFFFFFFFFFFFFFFFFFFFFFFFFFFFFFFFF
:10819000FFFFFFFFFFFFFFFFFFFFFFFFFFFFFFFFEF
:1081A000FFFFFFFFFFFFFFFFFFFFFFFFFFFFFFFFDF
:1081B000FFFFFFFFFFFFFFFFFFFFFFFFFFFFFFFFCF
:1081C000FFFFFFFFFFFFFFFFFFFFFFFFFFFFFFFFBF
:1081D000FFFFFFFFFFFFFFFFFFFFFFFFFFFFFFFFAF
:1081E000FFFFFFFFFFFFFFFFFFFFFFFFFFFFFFFF9F
:1081F000FFFFFFFFFFFFFFFFFFFFFFFFFFFFFFFF8F
:10820000FFFFFFFFFFFFFFFFFFFFFFFFFFFFFFFF7E
:10821000FFFFFFFFFFFFFFFFFFFFFFFFFFFFFFFF6E
:10822000FFFFFFFFFFFFFFFFFFFFFFFFFFFFFFFF5E
:10823000FFFFFFFFFFFFFFFFFFFFFFFFFFFFFFFF4E
:10824000FFFFFFFFFFFFFFFFFFFFFFFFFFFFFFFF3E
:10825000FFFFFFFFFFFFFFFFFFFFFFFFFFFFFFFF2E
:10826000FFFFFFFFFFFFFFFFFFFFFFFFFFFFFFFF1E
:10827000FFFFFFFFFFFFFFFFFFFFFFFFFFFFFFFF0E
:10828000FFFFFFFFFFFFFFFFFFFFFFFFFFFFFFFFFE
:10829000FFFFFFFFFFFFFFFFFFFFFFFFFFFFFFFFEE
:1082A000FFFFFFFFFFFFFFFFFFFFFFFFFFFFFFFFDE
:1082B000FFFFFFFFFFFFFFFFFFFFFFFFFFFFFFFFCE
:1082C000FFFFFFFFFFFFFFFFFFFFFFFFFFFFFFFFBE
:1082D000FFFFFFFFFFFFFFFFFFFFFFFFFFFFFFFFAE
:1082E000FFFFFFFFFFFFFFFFFFFFFFFFFFFFFFFF9E
:1082F000FFFFFFFFFFFFFFFFFFFFFFFFFFFFFFFF8E
:10830000FFFFFFFFFFFFFFFFFFFFFFFFFFFFFFFF7D
:10831000FFFFFFFFFFFFFFFFFFFFFFFFFFFFFFFF6D
:10832000FFFFFFFFFFFFFFFFFFFFFFFFFFFFFFFF5D
:10833000FFFFFFFFFFFFFFFFFFFFFFFFFFFFFFFF4D
:10834000FFFFFFFFFFFFFFFFFFFFFFFFFFFFFFFF3D
:10835000FFFFFFFFFFFFFFFFFFFFFFFFFFFFFFFF2D
:10836000FFFFFFFFFFFFFFFFFFFFFFFFFFFFFFFF1D
:10837000FFFFFFFFFFFFFFFFFFFFFFFFFFFFFFFF0D
:10838000FFFFFFFFFFFFFFFFFFFFFFFFFFFFFFFFFD
:10839000FFFFFFFFFFFFFFFFFFFFFFFFFFFFFFFFED
:1083A000FFFFFFFFFFFFFFFFFFFFFFFFFFFFFFFFDD
:1083B000FFFFFFFFFFFFFFFFFFFFFFFFFFFFFFFFCD
:1083C000FFFFFFFFFFFFFFFFFFFFFFFFFFFFFFFFBD
:1083D000FFFFFFFFFFFFFFFFFFFFFFFFFFFFFFFFAD
:1083E000FFFFFFFFFFFFFFFFFFFFFFFFFFFFFFFF9D
:1083F000FFFFFFFFFFFFFFFFFFFFFFFFFFFFFFFF8D
:10840000F81703305987030CC9C4030C5912040C24
:108410005912040C5912040C9341040C8741040CAA
:10842000000000000000000000000000ED0E040C41
:108430004D86030C000000004F86030C5186030C90
:108440005386030C5586030C5786030C5986030C80
:108450005B86030C5D86030C5F86030C6186030C50
:108460006386030C6586030C6786030C6986030C20
:108470006B86030C6D86030C6F86030C7186030CF0
:108480007386030C7586030C7786030C7986030CC0
:108490007B86030C7D86030C7F86030C8186030C90
:1084A0008386030C8586030C8786030C8986030C60
:1084B0008B86030C8D86030C8F86030C9186030C30
:1084C0009386030C9586030C9786030C9986030C00
:1084D0009B86030C9D86030C9F86030CA186030CD0
:1084E000A386030CA586030CA786030CA986030CA0
:1084F000AB86030CAD86030CAF86030CB186030C70
:10850000B386030CB586030CB786030CB986030C3F
:10851000BB86030CBD86030CBF86030CC186030C0F
:10852000C386030CC586030CC786030CC986030CDF
:10853000CB86030CCD86030CCF86030CD186030CAF
:10854000D386030CD586030CD786030CD986030C7F
:10855000DB86030CDD86030CDF86030CE186030C4F
:10856000E386030CE586030CE786030CE986030C1F
:10857000EB86030CED86030CEF86030CF186030CEF
:10858000F386030CF586030CF786030CF986030CBF
:10859000FB86030CFD86030CFF86030C0187030C8E
:1085A0000387030C0587030C0787030C0987030C5B
:1085B0000B87030C0D87030C0F87030C1187030C2B
:1085C0001387030C1587030C1787030C1987030CFB
:1085D0001B87030C1D87030C1F87030C2187030CCB
:1085E0002387030C2587030C2787030C2987030C9B
:1085F0002B87030C2D87030C2F87030C3187030C6B
:108600003387030C3587030C3787030C3987030C3A
:108610003B87030C3D87030C3F87030C4187030C0A
:108620004387030C4587030C4787030C4987030CDA
:108630004B87030C4D87030C4F87030C5187030CAA
:108640005387030C5587030C5787030CFEE7FEE79F
:10865000FEE7FEE7FEE7FEE7FEE7FEE7FEE7FEE7F2
:10866000FEE7FEE7FEE7FEE7FEE7FEE7FEE7FEE7E2
:10867000FEE7FEE7FEE7FEE7FEE7FEE7FEE7FEE7D2
:10868000FEE7FEE7FEE7FEE7FEE7FEE7FEE7FEE7C2
:10869000FEE7FEE7FEE7FEE7FEE7FEE7FEE7FEE7B2
:1086A000FEE7FEE7FEE7FEE7FEE7FEE7FEE7FEE7A2
:1086B000FEE7FEE7FEE7FEE7FEE7FEE7FEE7FEE792
:1086C000FEE7FEE7FEE7FEE7FEE7FEE7FEE7FEE782
:1086D000FEE7FEE7FEE7FEE7FEE7FEE7FEE7FEE772
:1086E000FEE7FEE7FEE7FEE7FEE7FEE7FEE7FEE762
:1086F000FEE7FEE7FEE7FEE7FEE7FEE7FEE7FEE752
:10870000FEE7FEE7FEE7FEE7FEE7FEE7FEE7FEE741
:10871000FEE7FEE7FEE7FEE7FEE7FEE7FEE7FEE731
:10872000FEE7FEE7FEE7FEE7FEE7FEE7FEE7FEE721
:10873000FEE7FEE7FEE7FEE7FEE7FEE7FEE7FEE711
:10874000FEE7FEE7FEE7FEE7FEE7FEE7FEE7FEE701
:10875000FEE7FEE7FEE7FEE707B50022264B83F8BB
:10876000042310221A60254B83F30A88244A254BE0
:108770009360D3680193019B019B83F07F4383F453
:108780007F0343F4C043D3601F4BD3F8A82042F0CB
:108790000202C3F8A820D3F8A8301C4A0193019B19
:1087A000D2F8483143F00103C2F8483103F0A6FB88
:1087B000174B18498B4212D30020174B17498B4295
:1087C00018D30BF0A1FD186850F82240586840F803
:1087D0002240013298688242F5D30C33EAE7002246
:1087E000F8E71C6844F8220001325C68A242F8D322
:1087F0000833E4E70022F8E700E100E0001003306E
:1088000000ED00E00084030C000C0254000400544E
:10881000C0BE030CE4BE030CE4BE030CFCBE030CA0
:1088200001015F5F030100001F010000618C030C68
:108830000000000000000000010000000100000036
:108840000000000000000000000000000000000028
:10885000021F000000000000000000007000000087
:10886000C81D060C80000000000F00000100000081
:108870007D8C030C01015F5F050100001F010000FA
:10888000B99C030C00000000000000000100000083
:1088900001000000000000000000000000000000D7
:1088A00000000000031F00000000000000000000A6
:1088B00080000000D31D060C20000000030F000004
:1088C00001000000F59B030C01015F5F0001000047
:1088D0001F000000CD45040C000000000000000057
:1088E0000300000001000000000000000000000084
:1088F0000000000000000000051F00000000000054
:108900000000000080000000700000004000000037
:10891000EB1D060C600000000107000001000000D4
:10892000A544040C01015F5F010100001F0100006C
:1089300007A3030C0000000000000000000000007E
:108940000100000000000000000000000000000026
:1089500000000000011F00000000000000000000F7
:10896000091E060C70000000020F0000010000004C
:108970000DA3030C01015F5F040100001F01000053
:10898000E3B8030C0000000000000000000000003D
:1089900001000000000000000000000000000000D6
:1089A00000000000011F00000000000000000000A7
:1089B0002E1E060C4000000005070000010000000C
:1089C000CFB6030C00015F5F02000000FE0B000049
:1089D0007110040CA027000000000000000000003F
:1089E0000000000000000000000000000100FFC3C4
:1089F000000000C400FE000060C903300000000059
:108A000001015F5FC30B00001F000000A152040CB6
:108A10000000000000000000000000000300000053
:108A20000000000000000000000000000000000046
:108A3000011F00000000000000000000431E060CA3
:108A400000F10000040B0000010000005952040C6A
:108A5000561E060C01F1000000010000010000009C
:108A60006F52040C701E060C02F1000000010000A1
:108A7000010000009152040C01015F5FBD0B00007A
:108A80001F010000000000000000000000000000C6
:108A900002000000010000000000000000000000D3
:108AA0000000000000000000041F000000000000A3
:108AB0000000000080000000700000008C1E060C0A
:108AC000C0F000000004000001000000018C030C55
:108AD00001015F5FBA0B00007F0100001F8C030CD7
:108AE000000000000000000018000000010000006D
:108AF0000100000000000000000000000000000075
:108B0000167F00000000000000000000E0F0000000
:108B100080000000600000007000000020000000E5
:108B2000C0F000004000000000F1000001F1000072
:108B30000000000000000000000000000000000035
:108B40000000000000000000000000000000000025
:108B50000000000000000000000000000000000015
:108B6000000000000000000000000000A01E060C35
:108B700000F000000004000001000000298C030C3C
:108B800000000000000000000A00000001015F5F1B
:108B9000BE0B00001F0000000000000000000000ED
:108BA00000000000020000000100000000000000C2
:108BB000000000000000000000000000041F000092
:108BC00000000000000000008000000070000000B5
:108BD000BC1E060CE0F000000004000001000000D4
:108BE0004544040C000000000000000000000000EC
:108BF0000000000000000000000000000000000075
:108C00000368002B05DA0233B4BF6FF08000002048
:108C1000704701D10BF076BD6FF08000704708B54A
:108C20000CF06CFB002008BD08B50BF0C9FB000080
:108C300038B50025054B294603F5A044184622689F
:108C4000656015F09DF8256038BD00BF80280330B1
:108C5000024B5B6803600020704700BF80780330E0
:108C600008B500F015F940B900F082FF00F08CFF64
:108C700018B9BDE808401AF009BE08BD2DE9F04F4B
:108C800004680546A3B0002C40F0F980214620225C
:108C900004A815F075F8214620220CA815F070F8EC
:108CA0002146042414AF3822384615F069F805F13E
:108CB000200353F8041D2246013C09B1144601E08B
:108CC000002CF6D1042605F1300353F8041D32467A
:108CD000013E09B1164601E0002EF6D12CB96FF025
:108CE0008304204623B0BDE8F08F38233A460021A4
:108CF00068680BF04DFB3828F1D1CDE904700127ED
:108D0000DFF888A10DF1100805F110090AF5A04B54
:108D1000BC422AD10CAF3C4600215A4A05F11C0046
:108D2000136800EB8608A2F5A04940453BD101B18C
:108D300013600023CDE90233059BA968382B5160ED
:108D4000049A40F09080138D180A032857D0012808
:108D50007ED01268831ECDE90221072B7DD8DFE883
:108D600003F03F4E53595F656B7159F8043F1A1D6C
:108D700020D8DBF80000D91C21F00301C0F5A04287
:108D8000914217D8014400EB0A02CBF80010686842
:108D9000394601920BF0FCFA019AC8F80C00013731
:108DA00048F8082FB4E750F804EF1EF1040F06D975
:108DB00001B11360FFF73CFF6FF08C0491E70EF1F7
:108DC000030C2CF0030CC3F5A04AD44504F10804AD
:108DD000EED803EB090144E9021E63440121A4E734
:108DE00002AA0CA904A800F015FE04464FF00008E2
:108DF000464507F1080739D1FFF71AFF71E70CA9BB
:108E000004A800F0FDF9F0E702AA0CA904A800F0FC
:108E1000D9FAEAE702AA0CA904A800F011F9E4E7DC
:108E200002AA0CA904A800F084FBDEE702AA0CA9A0
:108E300004A800F082FCD8E702AA0CA904A800F05C
:108E4000CFFCD2E702AA0CA904A800F00BFDCCE7E6
:108E50000CA904A800F081FEC7E70B4804F038FD18
:108E60006FF08504C2E76FF08004BFE7414657E921
:108E7000022368680BF098FA08F10108B8E76FF070
:108E800085042EE780780330BCBC030C80280330B7
:108E900008B54FF48C520021024814F071FF0020F5
:108EA00008BD00BF887803300023F7B50C6807467B
:108EB0000E461546019314BB22B3146001A8FFF7B8
:108EC000C7FEA8B94FF40C7C104A0CFB04F3D15830
:108ED000A646013471B94FF0010E02EB030C42F8C3
:108EE00003E0019910331344CCE9011734602B607F
:108EF00003B0F0BD082CE8D16FF08400F8E76FF004
:108F00008800F5E76FF08600F2E700BF887803304D
:108F10000023F7B505680193013D072D036004D9CF
:108F20006FF08604204603B0F0BD01A8FFF790FE65
:108F300004460028F6D14FF40C735D430A4E735972
:108F40007719012BECD17A68019B9A42E8D105F19F
:108F500010004FF408722146304414F011FFC7E9A5
:108F600001447451DEE700BF88780330002373B5F5
:108F70004C1E072C06461546019303D96FF0880056
:108F800002B070BDC2B101A8FFF762FE0028F7D1A0
:108F90004FF40C7202FB04F1094B5C585A18012C77
:108FA000ECD19468B442E9D15468019A9442E5D175
:108FB000103119442960E3E76FF08600E0E700BF55
:108FC00088780330B0F5105F23D101F0FE43B3F190
:108FD000A06F124B08BF21F47E1199421BD00DD80F
:108FE0000F4B994217D007D80E4B994213D00E4819
:108FF0000B1A5842584170470C48F9E70C4B9942FC
:1090000009D004D80B4B994205D00B48F0E70B4828
:10901000EEE7002070470120704700BF0010C00439
:10902000004140040002C0030040400400444004EA
:10903000000140050011C0040012C00400024005F8
:10904000134640F209522DE9F04F0026D0F8008077
:1090500089B0B8F828B0074693450D46059618D153
:109060000A6883682AB96FF08004204609B0BDE819
:10907000F08F49680329F6D9002BF4D0C168012983
:10908000F1D9D8F804101888FFF79CFF106000246D
:10909000EBE70DF118094846D3E9002100F065FD22
:1090A000BBF5A06F13D12B1D03936B6802932B6844
:1090B0000193FB680093BB68D8F8042099E803008B
:1090C00018F072FE04460028CFD06E60CDE740F263
:1090D00001539B450FD12B1D03936B6802932B68A3
:1090E0000193FB680093BB68D8F8042099E803005B
:1090F00018F000FFE6E7ABF2025A1FFA8AF3012BE1
:1091000019D82E68002EAED06B68032BABD9D8F8D7
:10911000083031460120336005AAFFF7C5FE04463A
:10912000002CA2D1BAF1060F67D8DFE80AF032416D
:109130001E2B495461000120D8F8081005AAFFF73A
:1091400015FFABF20753012B0446E9D82E68002E19
:1091500089D06B68032B86D9D8F808303360002893
:10916000E0D0BBF5A16F92D07FE705982B1DD5E924
:10917000001218F069FD044600283FF476AF002382
:109180006B6072E70598D7E9021218F0A6FD044655
:109190006BE7D8F80430059899E8060018F03CFD14
:1091A000044600283FF473AF3046FFF7B1FE5CE79A
:1091B000D8F80430059899E8060018F039FDEFE773
:1091C0002B1D01936B68059800932B68D7E9021259
:1091D00018F0A5FDCFE7059805F10C03D5E90212BB
:1091E00018F0BEFD04460028DED00023EB603CE70B
:1091F000059818F05DFC0446D6E76FF0850434E767
:1092000000232DE9F043D0F8008085B0B8F828900D
:109210000546A9F540720F460293082A53D8DFE8A5
:1092200002F01C2D38525252525205000A6812B9EF
:109230006FF080040DE04B68032BF9D9D8F80430A7
:1092400003F17E43083B032B8CBF002301231360F3
:109250000024204605B0BDE8F0830B1D01934B6848
:1092600000930B68D0E90212D8F8040017F049FE09
:1092700004460028EDD000237B60EAE743690093B1
:109280008168D0E90323D8F8040017F04DFE0446A6
:10929000DFE70E68002ECBD04B68032BC8D9D8F877
:1092A000083031460320336002AAFFF7FDFD044673
:1092B0000028CED1D8F80410029817F0EBFC044631
:1092C0000028C5D02BE00320D8F8081002AAFFF729
:1092D0004DFE6FF441734B44022B04465DD83E684B
:1092E000002EA5D07B68032BA2D9D8F808303360B4
:1092F000002856D040F207339945A9D0A9E7029833
:10930000D5E9021217F098FDC1E7029807F10C03A6
:10931000D7E9021217F0A8FD044620B90024304610
:10932000FFF7F6FD95E70023FB6092E70298D5E989
:10933000021217F0B1FD044600288AD1EEE7029828
:1093400017F098FC0446EAE700233E680393002EDA
:109350003FF46EAF7B68032B7FF66AAFAB68002BE0
:109360003FF466AFEA68032A7FF662AF1B683146B6
:109370000320336003AAFFF797FD044600287FF41B
:1093800068AFDDE9020117F0F8FD044600283FF45C
:1093900060AFC4E76FF085045BE700287FF459AF46
:1093A0000646A9F20333042BF4D801A252F823F0A5
:1093B000FF92030C4993030C0B93030C2D93030CA6
:1093C0003F93030C2DE9F04F0027D0F8009089B0AF
:1093D000B9F828B00DF1180806460D46D2E900216B
:1093E0004046059700F0C1FBBBF5806F15D12B1DE2
:1093F00003936B6802932B680193F3680093B3683F
:10940000D9F8042098E8030018F01DF8044600B1CC
:109410006F60204609B0BDE8F08F40F201439B45E4
:109420000ED17369029333690193F3680093B368B3
:10943000D9F8042098E8030018F01AF80446E8E781
:10944000ABF2024A1FFA8AF3012B1AD82F6817B918
:109450006FF08004DDE76B68032BF9D9D9F8083089
:10946000394602203B6005AAFFF71EFD0446002C8A
:10947000CFD1BAF1050F59D8DFE80AF01F2D353BDF
:1094800049530220D9F8081005AAFFF76FFDABF287
:109490000543022B0446EAD82F68002FD8D06B680A
:1094A000032BD5D9D9F808303B600028E1D040F231
:1094B00007439B45ADD10024ABE7D9F804300598AC
:1094C00098E8060017F0F6FD04460028F3D0384669
:1094D000FFF71EFD9DE7D9F80430059898E80600CF
:1094E00017F0F4FDF0E70598D6E9021217F0FAFD3F
:1094F000A4E7059805F10C03D5E9021217F00DFE5B
:10950000044608B90024E2E70023EB6081E70598F0
:10951000D6E9021217F076FF044600287FF479AFEF
:10952000F0E7059817F04CFD0446D0E76FF085048E
:109530006FE72DE9F04F4FF0000807688DB0B7F8DE
:1095400028B00DF1280906460D46D2E9002148460B
:10955000CDF8248000F009FBBBF5C06F1ED12B1D98
:1095600007936B6806932B680593F3680493B368BD
:10957000039373690293336901937B6A00937A685A
:1095800007F1140399E8030018F032FD044608B10E
:10959000C5F8048020460DB0BDE8F08F40F20163AD
:1095A0009B4517D12B1D07936B6806932B6805937A
:1095B000F3680493B3680393736902933369019367
:1095C0007B6A00937A6807F1140399E8030018F0A6
:1095D00067FDDBE7ABF2026A1FFA8AF3012B20D8A2
:1095E000D5F80080B8F1000F02D16FF08004D1E708
:1095F0006B68032BF9D9BB6841460520C8F80030D9
:1096000009AAFFF751FC0446002CC3D1BAF1090F97
:1096100000F29080DFE80AF02330525F66776C3703
:109620007D4D0520B96809AAFFF7A0FC6FF4C1635E
:109630005B44022B0446E7D8D5F80080B8F1000F50
:10964000D3D06B68032BD0D9BB68C8F80030002892
:10965000DCD040F20B639B459CD100249AE77B68E9
:10966000099899E8060018F02DFE04460028F4D069
:109670004046FFF74DFC8DE77B68099899E80600A6
:1096800018F02CFEF1E705F10C030293EB68099842
:109690000193AB680093D5E9041205F1140318F0A7
:1096A00043FF044608B90024E2E70023EB606B6146
:1096B00070E7099818F04CFD0446D9E709982B1D6E
:1096C000D5E9001218F03DFE044600283FF462AFD1
:1096D00000236B605EE70998D6E9021218F02FFEAE
:1096E000044657E70998D7E9031218F087FEF7E711
:1096F0002B1D01936B68099800932B68D6E9021221
:1097000018F0DCFEE0E70998D6E9021218F0A4FE92
:10971000E6E7F36809980193B3680093D5E902126C
:1097200005F10C0318F039FF04460028BBD00023D4
:10973000EB602FE76FF085042CE7F0B587B0076882
:1097400004AE04460D46D2E90021304600F00DFA81
:109750003B8DA3F5E063032B3FD8DFE803F0021451
:1097600022312B1D03936B6802932B680193E368EE
:109770000093A3687A6896E8030017F0ADFF70B114
:1097800000236B600BE06369029323690193E36834
:109790000093A3687A6896E8030018F065F807B0AC
:1097A000F0BD2B1D03936B6802932B680193E36854
:1097B0000093A3687A6896E8030017F0A3FFDEE73A
:1097C0006369029323690193E3680093A3687A684D
:1097D00096E8030018F086F8E1E76FF08500DEE711
:1097E000F0B589B0076806AE04460D46D2E90021FF
:1097F000304600F0BAF93B8DB3F5006F07D040F664
:10980000010293421AD06FF0850009B0F0BD2B1D04
:1098100005936B6804932B68039363690293236930
:109820000193E3680093A3687A6896E8030018F050
:1098300097F80028E9D000236B60E6E72B1D05931D
:109840006B6804932B680393636902932369019304
:10985000E3680093A3687A6896E8030018F0D6F8E6
:10986000E7E7000000232DE9F04706688EB0B6F860
:1098700028900DF1140807460D469246D2E90021C2
:109880004046049300F071F9B9F5106F0FD12B1D0C
:1098900003936B6802932B680193FB680093BB688A
:1098A000706898E8060019F06FFE044616E040F66E
:1098B0000113994516D12F68002F00F090806B6836
:1098C000032B40F28C80B368394604203B6004AA25
:1098D000FFF7EAFA0446002800F0928020460EB016
:1098E000BDE8F0870420B16804AAFFF73FFB0446F7
:1098F000A8B140F60A139945F0D12F68002F6ED019
:109900006B68032B6BD9B3683B60002C7FD1049844
:1099100018F084FE04463846FFF7FAFADEE7A9F6A7
:109920000219B9F1080F68D801A353F829F000BF54
:109930005599030C6999030C7399030C9B99030CBB
:109940008199030CE599030C8F99030CA999030CD9
:10995000FB98030C2968002941D06B68042B3ED189
:10996000049819F013F9A0E7316B049819F017F96E
:109970009BE7718D0498D7E9022319F0FFFC94E767
:10998000718D0498D6E90C2319F002FD8DE7049837
:10999000D5E9001219F01CF987E7718D049898E851
:1099A0000C0019F029FD80E72E68C6B16B68032B07
:1099B00015D9B96899B1FA68182A10D107A814F016
:1099C000BAF9DAF8040007A900F0EEF84246049963
:1099D00007A819F095FC059B044633607EE76FF0FD
:1099E00080047BE7FB68718D0193BB68049800934A
:1099F00098E80C0019F06EFD57E76FF085046DE7ED
:109A00007168049819F088FC0446002883D100246A
:109A100064E700BF2DE9F0418EB003ACD0F80080C0
:109A200006460D461746D2E90021204600F09DF873
:109A300040F20322B8F82830934203D0A3F5027312
:109A4000012B0ED8B16811B96FF080043CE0F268C8
:109A5000182AF9D107A814F06EF9786807A900F060
:109A6000A3F8B8F82830A3F50073092B72D8DFE803
:109A700003F01A717105142F3D464B63D6E90412A9
:109A80002E68002EE0D06B68032BDDD9234607A893
:109A900016F0EAFF0446039B4CE094E8030016F03E
:109AA000C0FE044610E094E8030007AA2E6816F0F2
:109AB000E2FE2B680446002BC6D06A681C2AC3D875
:109AC000304607A914F037F920460EB0BDE8F08102
:109AD0002B1D0093D5E9002394E8030016F016FF30
:109AE00004460028F0D000236B60EDE72B1D0093A7
:109AF000D5E9002394E8030016F087FFF0E794E827
:109B000003001AF0ADF8CCE7002205A811462E6834
:109B100000F02BF82B68002B96D06B68032B93D9A1
:109B200094E8030005AB07AA17F00AF804460028DA
:109B3000CAD1059B3360C7E72E68002E84D06B68BE
:109B4000032B81D9214607A819F06CFE0446002892
:109B5000A1D0B9E76FF08504B6E7D1E9000119F0AB
:109B600064BD0FB4002004B07047C0E90021704705
:109B700008B514220249034814F0DDF8014808BD75
:109B8000DCBC030C08BA033008B54FF4405104485C
:109B900015F0F2FE034815F03FFF002008BD00BF9E
:109BA000088A0330639B030C88617047F0B500247A
:109BB00085B0CDE9000103A816461F46039415F0B1
:109BC000A1FD2146009A039D814202D16FF08B00D6
:109BD0000BE02B4653F8204B944208D100202B6910
:109BE0003360D5E90223C7E9002305B0F0BD1D4667
:109BF0000131E9E740F2E93270B503680546934266
:109C000094B008D040F2EA32934232D06FF085042B
:109C1000204614B070BD0021036A0469B3F5147FB7
:109C200004F1FF321E4628BF4FF414763F2A0391F9
:109C300022D80BB382681E4B40681A60234604AAE0
:109C40000AF0A6FB844211D103AB21460093194AC6
:109C5000334604A800F0AEF904460028D8D1039B8F
:109C6000144A214668680AF09FFBD1E76FF083042D
:109C7000CEE70369042B02D06FF08604C8E7036ABD
:109C8000042BF9D181680A4A40681160002103AAB7
:109C90000AF07EFB04280646EED1039804A900F0E2
:109CA000ADF904460028B3D1334604AAD9E700BF72
:109CB0006CBC03301CBA033000F06EB900231322D1
:109CC00070B588B003AE054631466846CDE900233D
:109CD000029303F05CF8044650B9009B28460549FE
:109CE00001AA0196029300F0EAFA204608B070BD7E
:109CF0000324FAE703DBFEFF202370B58CB004AE2B
:109D00000546314601A8019303F002F8044650B914
:109D1000019B2846054902AA0296039300F0CFFA58
:109D200020460CB070BD0524FAE700BFFEDAFEFF46
:109D300070B590B003AD342200210646284614F0D9
:109D40001FF8332329466846009302F0FDFF0446BE
:109D500020BB009A019502929AB9114803F0B8FD10
:109D6000104B019311230293DDE901210E4803F00A
:109D7000AFFD30460D4901AA00F0A1FA204610B00F
:109D800070BD112A03D00A4803F0A2FDECE7294672
:109D9000044814F018F80028F5D1E5E70524EDE7AC
:109DA000F0BC030C44BE030C75BD030C08DBFEFFC6
:109DB0002DBD030C10B5044602F096FF00230246A9
:109DC0000249204600F058FA002010BD06DBFEFFD5
:109DD00037B5054601A800F087FA044628B9019A6C
:109DE00028460349D31700F047FA204603B030BD98
:109DF00007DBFEFF202370B58CB004AE054631466C
:109E000001A8019302F0AEFF044650B9019B284619
:109E1000054902AA0296039300F03DFA20460CB0D1
:109E200070BD0324FAE700BF05DBFEFF37B505462A
:109E3000684600F075F9044620B96A462846034989
:109E400000F029FA204603B030BD00BFFFDAFEFF64
:109E5000002370B58AB002AE054631462020CDE918
:109E6000003302F07AFF044650B920236A462846A0
:109E700004490096019300F00EFA20460AB070BD26
:109E80000324FAE704DBFEFF37B50B4B05460193CD
:109E900000F0F1F96A4601A900F0D6F8009B0446EB
:109EA000034305D1012200232846044900F0E4F9C8
:109EB000204603B030BD00BF02DBFEFF01DBFEFF2A
:109EC0002DE9F043E7B08046894630486946174699
:109ED00014F09CF86C460646A0B9BDF8005005F495
:109EE0004F43B3F5824F12D1EDB2122D0AD1BDF816
:109EF0000230B3F5C07F1AD0B3F5007F23D0B3F59D
:109F0000807F23D00525284667B0BDE8F083B5F5EE
:109F1000885FF7D1BDF80230B3F5C07F19D0B3F533
:109F2000007F18D0B3F5807FECD1052201E06FF0FF
:109F300022024B460021204600F02AF968B1012890
:109F4000E0D10225DFE76FF02302F2E76FF00602AF
:109F5000EFE70622EDE70722EBE7424620460C49F1
:109F600000F099F9DFF82C80204658F8043B984718
:109F700005460028C7D10136092EF5D139462046BD
:109F800000F042F90028DAD1BDE700BF5D81FF7F14
:109F900000DBFEFF58BE030C08B500F0B9F804283A
:109FA00096BF034B6FF0830033F9100008BD00BF6C
:109FB0003ABE030C7FB5CDE9022321F01002202A1E
:109FC000CDE9000101D0402914D19BB1684604AA13
:109FD00002A9FFF775FF40B9089B059A1A60064B66
:109FE00033F9100007B05DF804FB0428F7D96FF0CF
:109FF0008300F7E70420F2E73ABE030C002310B514
:10A0000086B0CDE9003002936FF00043039320F057
:10A010001003202B0C4601D0402811D1684604AA19
:10A0200002A9FFF74DFF30B9059B2360054B33F9BB
:10A03000100006B010BD0428F8D96FF08300F8E7CF
:10A040000420F3E73ABE030C2DE9F04F884615468D
:10A05000044685B0002855D0002A53D00026DFF8EA
:10A06000ACA016600DF1080B42F21603BAF80020FE
:10A070009A4203D0032005B0BDE8F08FBAF8023051
:10A08000214F5344BB420AD80136072EECD12B682E
:10A090001BB1042120460DF0EDF90020EBE704226E
:10A0A00039465846019313F046FEBDF80820BDF826
:10A0B0000A90C2F38511B142019B1FD102F03F0209
:10A0C0003F2AE1D12B680133012B2B600CD1B8F171
:10A0D000000F05D0D8F800202046D3170DF050F916
:10A0E000042120460DF0A9F90437CDE902790921B0
:10A0F0009BE80C0020460DF058F9C5E709F104096A
:10A100004F44BFE70420B6E774BC033070BC033093
:10A110004FF401720120014900F0EEB870BC033029
:10A1200030B504469BB028B3154D6B68E3B912A156
:10A13000D1E9000107AB03934B23049305AB0093D4
:10A14000039A4B230BF02CFA10B103201BB030BD47
:10A150002B1D01932023DDE9051200932B6809488C
:10A1600014F04AF90028F0D1074B00202360212386
:10A170006360EBE70420E9E75D81FF7F00000000FA
:10A180000028033009000002082803300000000006
:10A190007FB51C460023054600F1A006C0F89810C4
:10A1A00019463046CDE902330BF014FC04AB13E939
:10A1B000030013A3D3E900238DE8030030460BF01E
:10A1C0002BFC94E8060028460DF01DF82946304681
:10A1D0000BF08EFB0446022128460DF02EF944B107
:10A1E000032C0BD0192C0CBF01240324204604B0EF
:10A1F00070BD052128460DF020F9F7E70424F5E7A6
:10A200005D81FF7F0000000070B5044686B00D46FA
:10A2100005210DF02FF9002104AE32462046CDE98C
:10A220000211CDE904110DF02EF9059B029900935E
:10A23000019404F1A000DDE903230BF093FB38B196
:10A24000032814D019280AD00323184606B070BD7D
:10A25000314620460DF069F90128034601D101235A
:10A26000F3E730B996E8030085E80300EDE704233F
:10A27000EBE70223E9E7704770B5044616461D4632
:10A280000A46CB170DF07CF832462B462046BDE837
:10A2900070400DF075B873B5D2E9006504460A4602
:10A2A000CB170DF06DF802212046CDE9006502AB19
:10A2B00013E90C0002B0BDE870400DF076B873B53C
:10A2C000D2E9006504460A46CB170DF059F8032180
:10A2D0002046CDE9006502AB13E90C0002B0BDE8F1
:10A2E00070400DF062B80000024B1B680360002054
:10A2F000704700BF6CBC033008B513F01AFD00387E
:10A3000018BF012008BD00F0CFB800006FF47A72CA
:10A31000F0B50368044613448DB0032B7CD8DFE806
:10A3200003F002284C6B0369082B02D06FF0800504
:10A330005FE08569042DF9D10021406808AA0AF080
:10A3400027F80828F2D12B460221606806AA0AF0F5
:10A350001FF80428EAD16168314A63691160069ADE
:10A36000CDE90032DDE90823A06800F01BF90546BD
:10A370003FE00369082BD9D14569042DD6D10021CE
:10A38000406808AA0AF004F80828CFD12B4601211A
:10A39000606806AA09F0FCFF0428C7D16168204A5A
:10A3A000236A116005AACDE90132069B0093A068DB
:10A3B000DDE9082300F04CF9D9E70369082BB5D192
:10A3C000076A0C2FB2D10021406806AA09F0E0FF0D
:10A3D0000828ABD1DDE9062308AE0096A06800F09E
:10A3E0008DF9054628B901463B463246606809F0BA
:10A3F000DBFF28460DB0F0BD0369082B96D1002184
:10A40000406808AA09F0C4FF08288FD1DDE90823B5
:10A41000A06800F085F9AAE76FF08505E9E700BFBD
:10A4200074BE0330024603480B460068012109F060
:10A43000AFBF00BF74BE0330024603480B4600683E
:10A44000002109F0B1BF00BF74BE03301FB5CDE9D4
:10A4500002010843019219D004220E480DEB0201BB
:10A4600013F069FC08220C480DEB020113F063FCA9
:10A470000A4C01980A4B0B4AB0F5807F08BF1C4676
:10A480000449204600F0E6FA04B010BD6FF08600E3
:10A49000FAE700BFC4C00330C8C0033098BE033021
:10A4A00078BE0330B8C0033030B5364B85B09D6AF6
:10A4B000A8470369102B23D1A847334C8368A360B6
:10A4C000A847037D01A8237602F0B5FBC0B9019B24
:10A4D000A26863609DF80C3021465343029A2B48D2
:10A4E000B2FBF3F222822A4AE36000F05CFAB0B9D0
:10A4F000264800F093FA30B9A8470369102B10D012
:10A500006FF080000BE0234815F09AF81F4800F028
:10A510009FFA20B91D4800F081FA0028ECD005B060
:10A5200030BDA8471C4C8368A360A847037D01A8E1
:10A53000237602F072FB0028E2D1019BA2686360DF
:10A540009DF80C3021465343029A1448B2FBF3F2B3
:10A5500022820F4AE36000F026FA0028DFD10F487C
:10A5600000F05CFA0028DAD00D4815F069F80B48C5
:10A5700000F06EFA0028D2D1084805B0BDE830409E
:10A5800000F04CBAB81A040C4828033098BE0330C7
:10A590007CBE030CACBD030C2C28033078BE03300A
:10A5A000D2BD030C2DE9F7431946DDE90A5752EAFB
:10A5B0000103044610463BD0072F3CD82246FFF744
:10A5C00045FF30B91D4B9B68DB0705D56FF0840054
:10A5D0002BE010F18C0F28D1184E194A194B47F473
:10A5E0004037B760B4F5807F0CBF9046984600278F
:10A5F000DFF854907560B5F5007F2C4628BF4FF406
:10A60000007411482146FFF70DFF234632464046AD
:10A61000CDE900790D4900F031FA30B9B3682D1B4E
:10A6200023F44033B3602744E5D103B0BDE8F083A1
:10A630006FF08600F9E76FF08500F6E7B8C00330E9
:10A6400078BE033098BE0330B8BE0330C4C00330B8
:10A650002DE9F3470646194640F6BD339E4208BF32
:10A660004FF4807652EA010310460A9FDDF83080ED
:10A6700037D03246FFF7EAFE054630BB1A4B1C685E
:10A68000BC422ED30B9BE41B9C4228BF1C46174A9E
:10A69000174BDFF864A0B6F5807F0CBF9146994652
:10A6A000C8F80040B4F5007F264628BF4FF4007676
:10A6B0003B46324648460F49CDF800A000F0E9FA83
:10A6C000054630B10023C8F80030284602B0BDE886
:10A6D000F08731465046FFF7AFFEA41B3744E1D167
:10A6E000F3E76FF08605F0E7B8C0033078BE0330BB
:10A6F00098BE0330C4C00330B8BE033038B5054639
:10A70000194610462A46049CFFF7A0FE28B9034BC1
:10A710001A689B68C4E90022A36038BDB8C0033042
:10A7200010B51946044640F6BD339C4208BF4FF4AD
:10A73000807410462246FFF789FE80B9084B9B685B
:10A74000DB070AD40748084B0849B4F5807F18BFD7
:10A750001846BDE8104000F08CBA6FF0840010BDC0
:10A76000B8C0033078BE033098BE0330C4C0033095
:10A7700008B5036800209B689847002818BF6FF051
:10A78000910008BDF8B51D46036804465B680E4697
:10A79000174698470B4BC0F3410013F8202063681D
:10A7A0000699E0681D442368B1FBF2F200FB0650F5
:10A7B00039469B6998470028B4BF6FF0910000208C
:10A7C000F8BD00BF90BE030C0020704770B5044672
:10A7D0000E460025E368AB4201D8002070BD6068DA
:10A7E00006FB030023682844DB69984710B9A36877
:10A7F0001D44EFE76FF09100F0E700002DE9F74FFF
:10A800000C9C07469246002C55D0C26840681E1822
:10A810003B6802FB01665B689847284BC0F3410028
:10A8200013F82080B6FBF8F908FB09F94E4540D033
:10A830003B680DF1040B0122594648465B69984775
:10A84000002804DA6FF0910003B0BDE8F08FA6EBAA
:10A850000901621890458EBF2546A8EB06054D44B8
:10A860002A465046594413F066FA641B1FD04445EB
:10A870000FD3B4FBF8F93B684A465B690AEB050164
:10A88000A81998470028DDDB08FB09F3E41A0ED06D
:10A890001D443B6801225B6901A970199847002893
:10A8A000D0DB224601A90AEB050013F044FA002090
:10A8B000CAE70025DBE72046C6E700BF90BE030CD1
:10A8C0002DE9F04F03688FB006AA04460E46D3F870
:10A8D0000C8000F0FEFB00285FD10BA800F0EBFE1F
:10A8E000014600285CD1DDE9067A202206A8099DF0
:10A8F00013F046FA3146204606AA00F032FD002841
:10A900004BD1834681462368DB8A5B4515D8002DF1
:10A9100035D12946204602AA00F063FC00283CD12C
:10A920002946204602AA00F07BFEB0BB204600F07C
:10A9300060FE78B36FF083002FE0B3451CD059461A
:10A94000204606AA00F0C5FB38BB069BBB420DD1D2
:10A950000BA800F0B0FE48B9079B534506D99845AF
:10A9600028BF98465B1B0793099B9944594620468C
:10A9700006AA00F0F6FC80B90BF1010BC3E74346D1
:10A980002A4639462046CDE900A900F0A3F920B9AE
:10A99000002FCBD1204600F087FB0FB0BDE8F08F31
:10A9A0006FF08B00F9E7F8B50D461746064660B321
:10A9B00059B352B30B8AE88A012BC96812D9032B09
:10A9C00010D0022BAA8A23D1431CA1EB431393423C
:10A9D00034BF6FF086040024914201D26FF08604E8
:10A9E000012302E06FF08604023B03EB40030133D6
:10A9F000B1EB031F09D344B920222146304613F09E
:10AA0000BFF9C6E900572046F8BD6FF08604FAE7A3
:10AA1000914234BF6FF086040024E5E737B5054660
:10AA200000F08BFD044658B94FF08071284601AA0A
:10AA300000F0B9FB38B928460199FFF741FF0446F9
:10AA4000204603B030BD10F18C0F18BF0446F7E765
:10AA500000F097BC10B58AB0144602AB01AA00F012
:10AA600073FB40B9059B6360049B2360BDF81830FD
:10AA7000A3600AB010BD6FF08B00FAE72DE9F04338
:10AA800093B00DF12808044689461546002120227E
:10AA900040461F461A9E13F073F94FF6FF73CDE937
:10AAA000043325B96FF0860013B0BDE8F083AB68BE
:10AAB000B3F1807FF6D2236849465A8A6B682046F4
:10AAC000013B1344524213406B6004AA434600F01A
:10AAD0003BFB002840F08780D5F808C004991CF49F
:10AAE000003F06D00D9A6B689A426FD10C90CDF85A
:10AAF00038C005914FF6FF73059A9A427CD12168C0
:10AB00006B68898A8B42CDD806A9CDE9028105A957
:10AB10000191A9682046009104998A1A18BF012260
:10AB2000494600F0B9FB0028BED1002F6CD1204669
:10AB30000A9906AA00F074FD002851D105994246F1
:10AB4000204600F00EFC0146002849D1DDE90453FF
:10AB50009D4228BF1D4620462A4600F0D8FC00280A
:10AB60003ED14FF6FF72049B93420FD0059A934259
:10AB70000CD09A4238BF1A462046691C00F0C7FC28
:10AB800070BBDDE904539D4238BF1D462368204653
:10AB9000DA8A691C00F0BBFC10BB0A9B002B62D157
:10ABA000002F60D0204600F07FFA00287FF47CAFB1
:10ABB0004FF6FF73049999423FF476AF059B994293
:10ABC0003FF472AF2046FFF77BFE6DE70E9B4246D7
:10ABD00043F0807320460E9300F0C3FB002889D019
:10ABE0006FF0830060E710F18C0F7FF45DAFAB680E
:10ABF000DB037FF559AF7DE720460A9906AA00F0EE
:10AC0000F0FA002891D0EBE723685B8A5A1E3242A3
:10AC1000E6D17D1E1D445B421D400C9B9E42DFD849
:10AC20002A4631460D9800F03AFD0028D8D11B9BEA
:10AC30004246CDE900532046334606A900F0C0F84D
:10AC40000028CDD10C9B3E440A999E422046069D89
:10AC500088BF0C9600F023FA294606900A9A2046EF
:10AC600000F07CFB63E7204600F0C3FC002899D08D
:10AC7000B6E713B5002301AA044600F065FA28B927
:10AC800020460199FFF71CFE02B010BD6FF08B004B
:10AC9000FAE770B58CB015461C4603AA04AB06460D
:10ACA00000F052FA98B92A462146069800F0F7FCBF
:10ACB00058B9109B2246009330462B4604A900F059
:10ACC0005EF8002818BF6FF083000CB070BD6FF005
:10ACD0008B00FAE72DE9F04786B01646DDE90E97BE
:10ACE00002AA054688469A4600F07BFA044698B9BF
:10ACF000049B414633442846049300F0D0F90646AD
:10AD00007FB101464A462846CDE900A7029B00F0E4
:10AD1000D0FB28B16FF08304204606B0BDE8F08771
:10AD20000127039A4A450BD2A9EB0203CDE9002380
:10AD300031462846029B00F0BCFB0028EAD10127DF
:10AD400042462846029900F009FB4146284602AADD
:10AD5000029600F065FC044628B14246314628467A
:10AD600000F0FCFAD8E7B8F1000FD5D0002FD3D00F
:10AD70006B683146DB68286898470446CCE72DE9C4
:10AD8000FF410D46164609686A4604461F46DDF82F
:10AD9000288000F026FA70B900994B1C0BD062682D
:10ADA0006B680A9755684246AC462068334404B045
:10ADB000BDE8F04160476FF0830004B0BDE8F0816A
:10ADC0002DE9F3471546DDE90AA90F4698461168B3
:10ADD000044600F064F96B687A689844A8EB0203B3
:10ADE000CDE90023064601463B68204600F061FBA2
:10ADF00020BB6368CDF800A0D3F808A04A464346BC
:10AE000031462068D047C8B9EB686A68B9681A4407
:10AE100023682046DB685B1A9B1ACDE90023314684
:10AE20003B6800F046FB48B92B683BB1314663688C
:10AE30002068DB6802B0BDE8F047184702B0BDE803
:10AE4000F08713B510244B1C416800948C681B01DB
:10AE5000C1690068A04702B010BD436810B5C16960
:10AE600004461B690068984750B923681A8A022A69
:10AE700006D96268A1681846BDE8104012691047FB
:10AE800010BD008A022814BF03380020704708B59F
:10AE9000FFF7F7FF013100EB4100000108BD2DE98C
:10AEA000F04F002405460F46904626464FF0100905
:10AEB0008BB0D5F800A05046FFF7E3FF0130864283
:10AEC0000ED300264FF02009D5F800A0BAF81630AE
:10AED0009E421BD3002088F800400BB0BDE8F08FE5
:10AEE0006B680136CDF80090D3F804B0394650466F
:10AEF000330102AAD8470028EFD102AB13F8012B87
:10AF00000130102884EA0204F8D1D2E76B68314698
:10AF10005046D3F804B0FFF7BAFF02AA03463946F9
:10AF20005046CDF80090D8470028D6D102AB13F890
:10AF3000012B0130202884EA0204F8D10136C3E74E
:10AF400037B5837B01685A1CD2B28273097E0446EE
:10AF50009142C16904BF02338373012900F10D02DC
:10AF60000ED8FFF79CFF48B91022636800929D68D5
:10AF7000E169034604F108022068A84703B030BD28
:10AF80006FF08600FAE713B50C46114622790346A6
:10AF9000012A09D1036862791B7E9A420CBF6FF0C7
:10AFA0008300002002B010BD022A04D11B68A279E0
:10AFB0001B7E9A4202D16FF08300F3E701290DD87E
:10AFC0000DF10702FFF76BFF0028EBD162799DF8C6
:10AFD00007309A4218BF6FF09100E3E76FF08600E8
:10AFE000E0E71022F0B543688BB000925C68002364
:10AFF00002AA054619460068A0470246002834D038
:10B0000000264FF0FF3410226B6800925F68012128
:10B010000023286806AAB847002839D1012228460B
:10B0200006A9FFF7B0FF002832D1002E35D02B68DB
:10B030009DF81E201B7E9DF80E10B3FA83F35B096A
:10B0400093421BD1002A0CBF01230223994203D152
:10B0500091422CBF002601263446AC61B4FA84F438
:10B0600000206409EC610BB0F0BD284602A9FFF78F
:10B070008AFF04460028C3D10126C4E78B42E7D1EA
:10B08000002B0CBF012302239342E1D00646E3E7E5
:10B09000002EE2D16FF08300E5E70124DDE709B976
:10B0A000C06970478068704710B50446FFF748FFD5
:10B0B00070B96368E169DB682068984740B9D4E9F2
:10B0C00006232046C4E90632BDE81040FFF7C5BE9E
:10B0D00010BDF7B5066805463046FFF7D8FE0346B3
:10B0E0002020696800904F683046A9691446B84727
:10B0F000064640B92868FFF7C4FE23680130834242
:10B1000004D36FF09706304603B0F0BD04F114008D
:10B1100000F0D1FA0028F6D12D68E268AB8A9A4295
:10B12000EFD8A3689A42ECD3D4E900372BB928466C
:10B13000E98AFFF7ACFEB842E3D83946E86800F088
:10B14000AEFA0028DFD0DCE72DE9F0430746884659
:10B1500091461C46002589B03B68DB8AAB4202D889
:10B160006FF08B0616E06A4629463846FFF7B1FFB6
:10B17000B0B90C22414605A812F084FD064668B914
:10B18000C9F8005034B16D460FCD0FC495E80F00DB
:10B1900084E80F00304609B0BDE8F0830135DBE7F5
:10B1A0006FF08306F6E7F0B505460E461746002415
:10B1B00089B02B68DB8AA34202D86FF08B0009E0CC
:10B1C0006A4621462846FFF784FF38B9049B1E4291
:10B1D00002D03C6009B0F0BD0134EAE76FF08300B3
:10B1E000F8E773B54B1C06464168102000904C6888
:10B1F0003068B1691B011546A047044630B9336871
:10B2000029681A8A914204D36FF09704204602B04D
:10B2100070BDD868D5E9011200F041FA0446002853
:10B22000F2D12B68012B03D83068C18AFFF72FFEBB
:10B230006B688342EAD0E7E773B54B1C054641686B
:10B24000102000904E681B01A96928681446B04779
:10B25000034630B92B6821681A8A914204D36FF0F3
:10B260009703184602B070BDD868D4E9011200F007
:10B2700016FA03460028F2D12268012A08D82A6863
:10B280001046FFF7FEFDD28A013200EB42000001BA
:10B2900062688242E5D0E2E72DE9F04F06468B4630
:10B2A00091469846002789B0DDE9145A3068FFF7C7
:10B2B000E8FD0130874202D36FF08D0421E0524651
:10B2C00039463046FFF78DFF0446002835D1DAF8BD
:10B2D000082090452FD833685946DB682F609B1AA9
:10B2E0006B600C22C5F80C8005F1140012F023FDF0
:10B2F000129BAC602B61DAF80830A3EB0803CAF8A4
:10B30000083000253368DB8A9D4205D26A4629460B
:10B310003046FFF7DEFE98B14FF6FF75139B1D60B8
:10B32000CCB94FF6FF739D4208BF6FF08D042046E5
:10B3300009B0BDE8F08F0137B8E76FF08304E0E7AC
:10B3400005A800F0B8F920B1B9F1000FE6D14FF02F
:10B3500001090135D6E76FF08D04E8E702B181609D
:10B36000704773B5056804462846FFF790FD03460D
:10B370002020616800908E682846E169B04702B0DD
:10B3800070BD70B58CB00546FFF72BFE002861D16B
:10B39000EE696B6831461B692868984704460028A7
:10B3A00078D1B6FA86F16B6828681B694909984715
:10B3B000044600286ED12A680126137EB3FA83F36F
:10B3C0005B09AB73138AC5E90606022B14BF02237F
:10B3D0000123AB6002232B73D18A1046FFF757FD80
:10B3E000D36821461B1A01906A46284602930096AC
:10B3F000FFF727FD044600284CD106462B68019034
:10B40000DB6802932B681846FFF73BFDB04223D858
:10B41000002C4BD12B681846FFF733FDA04228D8EB
:10B420002022002104A812F0ABFC00242B68DB8A48
:10B43000A34232D82846FFF783FD48BB6B68E96911
:10B44000DB6828689847044620BBD5E90623C5E990
:10B4500006321FE000269CE7198A6A68022914BF99
:10B4600003210021184631441269904701360443F4
:10B47000C8E71B8A6A46022B14BF03230023234418
:10B480000134214628460093FFF7DBFC0028C1D099
:10B490006FF0830420460CB070BD2146284604AAF4
:10B4A000FFF75FFF0028F3D10134BFE76FF091048D
:10B4B000F0E72DE9F04F0446884616469946C3B09A
:10B4C000DDE94CA51DB9284643B0BDE8F08FB5F5C0
:10B4D000807F2F4628BF4FF4807763680097D3F8AA
:10B4E00004B049465346206802AAD8470028EBD149
:10B4F00063680097D3F808B041463346206802AA33
:10B50000D8470028E0D13E44BA44ED1BDAE773B5D2
:10B51000066804463046FFF7BAFC1546024629463F
:10B520003046FFF7B4FC801ACDE900202046D4E96C
:10B530000631FFF7BEFF02B070BD2DE9F041436850
:10B5400005461B68006886B09847044628B9284617
:10B55000FFF747FD28B16FF08304204606B0BDE831
:10B56000F08110266B6805F108070096D3F8048077
:10B570003A462346A9692868C0470028EBD13946D6
:10B580002846AA69FFF7FFFC0028E4D12846FFF708
:10B5900064FC04460028DED12B7B012B24D101461C
:10B5A00002AA2846FFF748FE04460028D5D1049B8E
:10B5B0002A68C3F1FF23D26803F57F03F0331344F5
:10B5C000CDE9006332462846AB69E969FFF771FFB0
:10B5D00004460028C1D16B7B2846AB7302232B7332
:10B5E000FFF762FD0446B8E7022B18BF6FF0830433
:10B5F000B3E710B586B0002102AA0446FFF7F1FDBB
:10B6000060B92068039A049BD118C36820465B1A6E
:10B61000CDE90023D4E90631FFF74BFF06B010BD9A
:10B62000F0B505460C4687B009B9C36913602146D9
:10B630002846FFF706FC0146C0B9D5E906767CB975
:10B6400000212868FFF723FCA21C1201801ACDE913
:10B6500000203B4631462846FFF72BFF07B0F0BDE0
:10B66000284602AAFFF7BDFD014610B16FF0830026
:10B67000F4E7284602AA0296FFF7E3FB0028F5D17B
:10B68000012CDDD020222301103B019331463B46A3
:10B6900028460092FFF70DFF0028D1D0DEE7814257
:10B6A00006D8401A904234BF6FF0860000207047E1
:10B6B0006FF08600704700F10C0310F8012B22B9DF
:10B6C0009842FAD16FF08B007047002070472DE947
:10B6D000F04103680446A3F2F233A6B0032B00F254
:10B6E000FD80DFE803F00D029195042200F12003B4
:10B6F00053F8040D1146013A002852D00A4652E090
:10B7000000230421169300F1200353F8040D0A4688
:10B71000013908B1114601E00029F6D1042204F1F3
:10B72000300353F8045D1046013A0DB1024601E0C2
:10B73000002AF6D12369042B03D0012026B0BDE8EE
:10B74000F081206A0428F8D80129F6D1012AF4D121
:10B750000021606806AA08F01BFE0428EDD1A3684A
:10B76000002B16DB00220699A06801F01FFC0028C0
:10B77000E3D1216A069816AA01F0D1FB05460028FC
:10B78000DBD1236A16AA0021606808F00DFE284666
:10B79000D4E7069806A901F01EFC0028E2D002209A
:10B7A000CCE7002AA4D1042104F1300353F8045D4E
:10B7B000084601390DB1014601E00029F6D123699F
:10B7C000042BBAD1012AB8D10029B6D1606816AAD3
:10B7D00008F0DEFD0428B0D1A368002B0DDB0022A9
:10B7E0001699A06801F0E2FB0028A6D1169801F096
:10B7F000CBFB003818BF0120A0E7169816A901F06E
:10B80000EAFB0028EBD0CAE701F002FA002095E736
:10B81000002504260DF1180840222946404616AF9F
:10B82000CDE90255CDE9045512F0AAFA4022294685
:10B83000384612F0A5FA019504F1200353F8041DCF
:10B840003246013E59B133461646042504F1300212
:10B8500052F8040D2946013D30B10D4606E0002E98
:10B86000ECD14FF0FF33F0E7002DF1D12B43012B4A
:10B8700002D96FF0800061E70423002160680DEBBE
:10B88000030208F085FD0428F3D1022E1FD166695A
:10B89000402E20D8334642460121606808F078FDEA
:10B8A0008642E6D1CDE9028602A995B1236A402BF2
:10B8B000DFD8CDE9047304AE3246019801F0ABF94C
:10B8C0000546002E3FF463AFDDE904235BE700216A
:10B8D000EBE72E46F0E76FF089002FE76FF0850069
:10B8E0002CE708B501F019FB002814BF6FF0920097
:10B8F000002008BD0368D90444BF43F4806303609B
:10B900009A0444BF43F40063036070472DE9F04F8D
:10B910001F4640F6BD33904699424FF0000208BFE3
:10B920004FF480730446ADF5217D06AD03912846A2
:10B93000114608AE08BF0393FEF717F9A26C40F258
:10B9400003113046FEF711F94FF40872002118A8D0
:10B9500012F016FA182200210BA812F011FA002199
:10B960001A220DF1460012F00BFA4FF6F87241F26E
:10B970000103B2EBC70F4FF6FF72ADF828304FEA64
:10B98000C70338BF1346ADF82A30012305A8059335
:10B99000FFF7B0FF0368DFF8A8B00C934FF48043C3
:10B9A0000360FFF7A7FF0368214613934FF49053FA
:10B9B000226BADF8443011A83346CDF850B015F0E5
:10B9C00053F80DF10C0A04460DF1280938BB59460D
:10B9D00018A817F0A1FC044608BB96E80C0040F23A
:10B9E000011118A817F008FD0446C0B904235246F7
:10B9F00040F2032118A817F0C1FC044678B92A4682
:10BA0000484618A917F07CFC044640B9AA9B424658
:10BA1000009395E803003B4614F078FF044618A80D
:10BA200016F0FCFD96E8030014F0FBFE95E8030019
:10BA300014F0F7FE20460DF5217DBDE8F08F00BF24
:10BA4000090100082DE9F04F0024A1B008A80894CE
:10BA500013F058FE8346DFF8DCA0334F5C4503D17A
:10BA6000002021B0BDE8F08F089B660103EB441273
:10BA70001169514525D19268002105920BA89A5968
:10BA8000FEF773F8DDE90B981C2200210DA812F0D7
:10BA900077F90DF11E03029308980AAB019307ABE7
:10BAA00030440093436930221D46806909AB14A9D4
:10BAB000A84740B1009043464A461C491C4801F043
:10BAC00007FF0134CAE74FF6F8714FF6FF72BDF871
:10BAD0001C30CDE912988B4288BF1346ADF8363042
:10BAE0000A9B059D1093BDF81E301C22ADF8343022
:10BAF000089B0DA933441B690E9313F0FF0308BF85
:10BB0000129354235D4305F1340038443D4412F050
:10BB100012F92846099A14A912F00DF9099B2B6312
:10BB200001232B65CDE700BFD0C003309CBE030CC2
:10BB3000F7BD030C010100807FB51546CDE900017A
:10BB400012B300240646146003A8039413F0DAFD30
:10BB5000039BA04209D01A4652F8201B8E4208D1FE
:10BB6000D3E90221931E0B4306D16FF08B0004B082
:10BB700070BD13460134ECE75421054B002001FB56
:10BB800002331B6B2B60F2E76FF08600EFE700BF1C
:10BB9000D0C003302DE9F04F87B01F46109B01281D
:10BBA00006461446DDF84490009304D96FF08600F1
:10BBB00007B0BDE8F08F542141433F4D019101EBA7
:10BBC000050ADAF85030002B6FD0002AEED0D2E907
:10BBD00005B8002302A8029313F08EFD0023029AF9
:10BBE0000199984250D094465CF80CEBF3454DD146
:10BBF000D2E901C3BCF1000F07D0002253F8320094
:10BC000080453ED103EBC2035B6834311C222944DA
:10BC10002046019312F08FF85A46414604A8FDF7DA
:10BC2000A4FF0499626861610599019BA161D1B289
:10BC300021B922F0FF0242F00102626003A80393DF
:10BC4000FFF758FE542303FB06531A6B009B03991E
:10BC50009A42A1602CD8002FA8D0B9F1000FA5D02E
:10BC60004B0416D540F20313984512D03A4641468C
:10BC70005046009BCDF8409007B0BDE8F04FFFF76D
:10BC800045BE01329445B9D10023BEE76246013377
:10BC9000A7E75146384612F04EF8542303FB0655E9
:10BCA0002B6B0020C9F8003082E76FF08B007FE734
:10BCB0006FF089007CE700BFD0C003300A5B43729D
:10BCC0007970746F5D20556E737570706F727465E6
:10BCD000642072657175657374210A0054462D5095
:10BCE00053412D43727970746F20312E312E300004
:10BCF000285B4174746573745D2054686520706CB2
:10BD00006174666F726D20646964206E6F74207256
:10BD1000657475726E20612070726F66696C655F04
:10BD2000646566696E6974696F6E0D0A001E5B4119
:10BD300074746573745D205573696E672061206D3E
:10BD400069736D6174636865642070726F66696C95
:10BD5000655F646566696E6974696F6E207265639C
:10BD600065697665642066726F6D20746865204829
:10BD7000414C0D0A00285B4174746573745D204565
:10BD80006E636F64696E672070726F66696C655F61
:10BD9000646566696E6974696F6E202873697A6577
:10BDA0003A202564293A2025730D0A003C43726528
:10BDB0006174696E6720616E20656D7074792049C9
:10BDC000545320666C617368206C61796F75742EB2
:10BDD0000A003C4372656174696E6720616E20657C
:10BDE0006D70747920505320666C617368206C61AB
:10BDF000796F75742E0A001E25733A20536B697093
:10BE000070696E67206B65795F69642025303878CA
:10BE100020286F776E65723A202564292064756545
:10BE200020746F202530387820706C6174666F72D2
:10BE30006D206572726F720D0A00000070FF76FF50
:10BE40007CFF79FF5053415F494F545F50524F463A
:10BE5000494C455F31000000519E030C2D9E030CA0
:10BE6000F59D030CD19D030CB59D030C899E030C1D
:10BE7000319D030CF99C030CBD9C030C71A7030CB2
:10BE8000FDA7030C85A7030CC9A7030CCDA7030CC2
:10BE900001000000020000000400000074666D5FF5
:10BEA0006275696C74696E5F6B65795F6C6F6164F4
:10BEB00065725F696E697400000000000000000098
:10BEC000801F040C80C103307B010000001F040CA4
:10BED0000028033020000000E01E040C00000330A6
:10BEE0000800000080C703302419000080280330B8
:10BEF0004026000020000330F8020000074AD2F874
:10BF0000883043F47003C2F8883002F50032D2F86A
:10BF1000883043F47003C2F88830704700ED00E0C9
:10BF2000704738B50446002839D0437A03F0FF0241
:10BF300013B90272FFF7F4FF0223226863721368D9
:10BF4000616823F004031360136823F0804323F037
:10BF500020030B4343F080431360136823F08043B6
:10BF6000136008F0DBF8054623681A68510009D40D
:10BF70001A6842F004021A605B685A0611D504235D
:10BF800063720CE008F0CAF8401B0428ECD923685F
:10BF90001B685800E8D5012363720223E360012087
:10BFA00038BD08F0BBF805462368586810F0040057
:10BFB00003D101236372E060F2E708F0AFF8401BA1
:10BFC0000428F1D923685B685B07EDD50423E3E718
:10BFD0007047002307B5019303685A68510709D4D5
:10BFE0005A6822F040025A60C36823F00803C36015
:10BFF000002018E01A6842F080421A601A6822F0A5
:10C0000080421A6004220192019A013A0192019A37
:10C0100062B901234372C368027243F00203C36032
:10C02000FFF7D6FF012003B05DF804FB1A68520049
:10C03000EAD45A68510642BF5A6822F040025A6058
:10C0400004220192019A013A0192019A002AE0D059
:10C050005A685207F6D4C7E7F8B5037A0446012BAD
:10C060000E4643D00123427A03729A42D5B239D1A7
:10C070000223437203685B685F061BD408F04EF826
:10C08000074623685A68D0071CD59A685968226108
:10C09000490642BF0822E2605A684FF0000544BFDB
:10C0A00022F001025A604FF0010358BF3260637200
:10C0B000002315E00823C360FFF78BFF0128DDD1C3
:10C0C0002846F8BD08F02AF8C01B0428D9D92368EF
:10C0D0005B6813F00103D4D1012262720222E26094
:10C0E0002372EDE704221D46C260E1E70225E7E77F
:10C0F000042A09DB0B68036000F1040001F104016C
:10C10000A2F10402042AF5DA002A09D00B780370A0
:10C1100000F1010001F10101A2F10102012AF5DAA9
:10C1200070470000044B82B0186883B26FF30F00B1
:10C13000184302B0704700BFFC1A040C0C20704773
:10C1400000207047012805D902280CBF00206FF09D
:10C15000040070476FF0030070476FF003007047F2
:10C16000014B1868704700BF200304300048704737
:10C17000E41A040C08B54FF47A7000F05DFA002060
:10C1800008BD00000C4B70B55A6992B11C690023C0
:10C1900001390144151DA34201D1002070BD52F8A0
:10C1A0003360864203D855F83360B14201D9013378
:10C1B000F1E70120F2E700BFD4C603302DE9F041DA
:10C1C0001446204B96001A78074622F002021A7095
:10C1D000421E02EB8402B2F5001F0D4611D31A4A2B
:10C1E00094693CB16FF004001A7842F002021A70B0
:10C1F000BDE8F0813246FF21284611F0C1FD2046FE
:10C20000F6E70023DFF844803146C8F80030FFF736
:10C21000B9FF324690B107F140612846FFF768FF49
:10C22000D8F8003023B132460021284611F0A8FD8D
:10C23000002324F04040C8F80030D9E707F100613E
:10C24000EBE700BF20030430D4C6033024030430DE
:10C2500038B50E4D6B68DC0709D40C4B5A68900753
:10C2600011D45A68520744BF0422DA6038BD07F07F
:10C2700055FF04466B689907EFD407F04FFF001B8A
:10C280000128F7D9E9E70222DA60EAE7000403505F
:10C290000B4A10B5D36823F00203D36007F086FF82
:10C2A00007F03CFF044607F09DFF40B107F036FF62
:10C2B000001B0128F7D907F095FF0028F3D010BD27
:10C2C000000403502DE9F04F454F87B03B784FEA0B
:10C2D0008208019123F002034146064615463B7051
:10C2E000FFF750FFF0B14FF0020B4FF0406A721EA3
:10C2F0004244B2F5001F0CD248EA060414F00F04C1
:10C3000007D1384BD3E902C1234601F1040E63453E
:10C310000DD16FF004003B7843F002033B7007B08F
:10C32000BDE8F08F4FF0006ADFF8BCB0DFE751F8EE
:10C330003300864203D35EF83300824244D901338E
:10C34000E5E700F04DF93B7843F001033B70019BBA
:10C350001022191902A811F0EEFC029B049A05990B
:10C360001A40039B0B40B3F1FF3F08BFB2F1FF3F00
:10C3700024D00AEB0601584602AA214400F0A8F98D
:10C3800081461034A04502D0B9F1000FDFD03B78D0
:10C39000414623F0010330193B70FFF7F3FE80B1F3
:10C3A00000F03EF9FFF754FF07F0F6FEB9F1000F79
:10C3B00025F0404018BF4FF0FF30B0E74FF00009C4
:10C3C000DFE700F021F9EDE7FFF762FF4146304675
:10C3D000FFF7D8FE0028B4D100F0EEF8B3E700BFB5
:10C3E00020030430D4C603300200008070B5B0F5DD
:10C3F000001F044686B008D2C0F30C032BB92F4AA5
:10C40000D2E90012101D8B4208D16FF004002C4AB3
:10C41000137843F00203137006B070BD52F8335026
:10C42000AC4203D350F83350AC4207D90133EAE7AA
:10C4300000F0C2F824E000F0E7F836E004212046DE
:10C44000FFF7A0FE00281F4B18BF0423B4F5801F80
:10C45000029334BF0123022303930123184E059353
:10C46000630B0493FFF714FF3378042123F00203D6
:10C4700020463370FFF786FE0028D9D000F0B0F8D0
:10C48000337801A943F0010302A8337000F0E4F906
:10C490003378054623F00103042120463370FFF76B
:10C4A00071FE0028C7D000F0BBF8FFF7D1FE07F0FF
:10C4B00073FE281E18BF01204042ADE7D4C60330EA
:10C4C0002003043004000080084BD3F80421002A24
:10C4D0000ADAD3F8042142F00042C3F80421044AE6
:10C4E0001368013313607047FEE700BF002002505D
:10C4F000240304300C4B10B50C4A9C680C4B13EA17
:10C50000240338BF13461A6842F002021A60EFF3A0
:10C51000108272B60023CC58C4500433102BFAD1C9
:10C5200082F3108810BD00BFB8C603302C20025023
:10C530002820024030B50F4DAB68002BAABF0E4B30
:10C540000E4B0F4A1C68B8BF0E4A44F002041C6030
:10C55000AB68146803F0040323431360EFF3108205
:10C5600072B60023CC58C4500433102BFAD182F396
:10C57000108830BDB8C603302C200250282002405D
:10C580004420025040200240084B10B5084A9C68E5
:10C59000084B13EA240338BF13461A6842F002021C
:10C5A0001A600B889BB2038010BD00BFB8C6033071
:10C5B0002C20025028200240074B9A6AD20741BF24
:10C5C000064A5A6002F188325A6046BF986A00F003
:10C5D00001000120704700BF002002502301674581
:10C5E000074BDA6AD20741BF064A9A6002F18832E5
:10C5F0009A6046BFD86A00F001000120704700BF72
:10C600000020025023016745044B9A6A42F0010260
:10C610009A62986AC04300F00100704700200250FF
:10C62000044BDA6A42F00102DA62D86AC04300F0D1
:10C630000100704700200250F8B5054607F06EFD76
:10C640001D4E1E4CB2681E4B074614EA220438BF2A
:10C650001C46236813F00B0F1AD1B168194B1A4A04
:10C660001A4812EA210238BF1A462168036A01F407
:10C670007E0103F400030B4315D071681943716008
:10C6800013601A0202D54FF40003036301200EE089
:10C69000691CDED007F042FDC01BA84201D8002D66
:10C6A000D7D1032003E02368DB0301D40020F8BDC9
:10C6B0004FF480331360F9E7B8C6033020200240FE
:10C6C000242002503420025030200240002002502A
:10C6D0002DE9F041264D04462B780E46012B1746D6
:10C6E00044D001232B7000234FF47A706B60FFF766
:10C6F000A3FF50BB1F4B204AAC6012EA240838BF8E
:10C70000984624F00043022B23D139463046FFF7E8
:10C71000F1FE4FF47A70FFF78FFFD8F8003024F065
:10C72000304222F0040223EA0203C8F80030134B1F
:10C730009C420AD1A968124A124B13EA210338BF5E
:10C7400013461A6822F004021A6000232B70BDE819
:10C75000F0810D4B24F004029A423946304602D152
:10C76000FFF7E8FED5E7FFF70FFFD2E70220EEE77D
:10C77000B8C603302C2002502820024006000010CA
:10C78000442002504020024002000010124B134A85
:10C790009968134B13EA210338BF134600F00302D4
:10C7A000032A06D11A6842F4004242F020021A60BD
:10C7B0007047C10707D51A6822F0004222F028020C
:10C7C00042F028021A608207F2D51A6842F000424D
:10C7D00042F02802EBE700BFB8C603302C2002501D
:10C7E00028200240064B074A9968074B13EA2103A9
:10C7F00038BF13461A6842F008021A60704700BF3B
:10C80000B8C6033044200250402002400F4B104A6B
:10C8100010B59C680F4B800113EA240338BF134600
:10C82000C9071A680AD522F0004222F4FE521A60A3
:10C830001A68024342F024021A6010BD22F4FE522C
:10C840001A601A68024342F00042F3E7B8C60330A8
:10C850002C200250282002402DE9F843294E05469D
:10C8600033788946012B4AD00123337000234FF4DB
:10C870007A707360FFF7E0FE0446F0B92B68224936
:10C88000224AB36011EA230838BF904648F20802F2
:10C8900023F00041914215D16868FFF777FF4FF40C
:10C8A0007A70FFF7C9FE04462A68D8F8003022F0F3
:10C8B000004223EA0203C8F8003000233370204608
:10C8C000BDE8F883082B02D1FFF78CFFE7E74FF0B4
:10C8D000FF33C9F80030AF68D5E902231344BB42E7
:10C8E000E2D938466968FFF791FF4FF47A70FFF795
:10C8F000A3FE10B1C9F80070D5E70137ECE70224B8
:10C90000DDE700BFB8C60330282002402C200250CB
:10C91000B1F5417F30B580F08C80050F00F01F022B
:10C9200002EB45145A2C00F28480830658D5002C63
:10C930007FD140F201138B432BD13F4B1A694FF04B
:10C94000FF321A6158693D4A02435A619A6942F0BE
:10C95000BF6242F4FF2242F4E06242F003029A61B5
:10C9600040F202238B4327D1334B1A6A4FF0FF3238
:10C970001A62596A314A0A435A629A6A42F0BF629D
:10C9800042F4FF2242F4E06242F003029A62002085
:10C9900030BDCD05E4D5284B1A691C615869284A79
:10C9A00002405A619A6922F0BF6222F4FF2222F407
:10C9B000E06222F00302D2E78C05E8D51E4B1A6A2A
:10C9C00000221A62596A1E4A0A405A629A6A22F082
:10C9D000BF6222F4FF2222F4E06222F00302D5E7D4
:10C9E00040F20110174B88432B444FEA83030FD1C9
:10C9F00001201C6890402043186040F202208843C8
:10CA00000ED10121186901FA02F202431A61BEE750
:10CA1000C805F2D501241868944020EA0400EBE729
:10CA20008905B4D50120196900FA02F221EA02024F
:10CA3000ECE70120ACE700BF0024035007FF0FFF25
:10CA4000F800F00004C90014036843F00103036018
:10CA50007047000020F0805323F48023B3F1005F7F
:10CA6000F0B504D0244B20F080529A4242D10E6897
:10CA700036F000433ED14C6834F080453AD120F086
:10CA80008050B0F1005F2DD01C4B98422ED04FF457
:10CA9000A0201B4B0022800B01F1840702F1800CC7
:10CAA00057F804EF0132904243F82CE0F6D12643C8
:10CAB0000A1D05F1400452F8047F0135A84243F8ED
:10CAC0002470F6D14FF0FF32824000201C69D1F86B
:10CAD000081122400A431A611A6822F04042324388
:10CAE0001A60F0BD4FF48020064BD3E74FF480303E
:10CAF000054BCFE70120F4E70000052000000420EB
:10CB000000340350002C03500030035020F08050BC
:10CB1000B0F1005F30B52BD01A4B98422CD003F502
:10CB2000803398422CD14FF4A023174C980B2368E4
:10CB3000043103F080420A604FF0FF3203F00043FB
:10CB400041F8043C2369824023EA0203C1F804311E
:10CB5000002304EB8302D2F80051013341F8045F53
:10CB6000D2F800229842C1F88020F2D1002030BDD6
:10CB70004FF48023054CD9E74FF48033044CD5E7BC
:10CB80000120F4E70000042000340350002C03507F
:10CB900000300350030F00F01F0101EB43127D2A08
:10CBA00019D880060CD5B2B94FF0FF320B4B1A6082
:10CBB0000B4A5A600B4A9A600B4ADA6000207047B1
:10CBC000012203F1A05303F54A439B0018688A40F1
:10CBD00002431A60F2E70120704700BF00280350AB
:10CBE00007FF0FFF03FFFF05FF0F3F3FBFF34F8F0F
:10CBF0000549064BCA6802F4E0621343CB60BFF3F9
:10CC00004F8F00BFFDE700BF00ED00E00400FA0514
:10CC100008B5FFF7EBFF0320704748B14FF44032EF
:10CC20004FF48043C0E900230123037200207047C2
:10CC30004CF2DA20704748B14FF450324FF4804341
:10CC4000C0E9002301230372002070474CF2DA2070
:10CC500070470000BFF34F8F0549064BCA6802F4C6
:10CC6000E0621343CB60BFF34F8F00BFFDE700BF0F
:10CC700000ED00E00400FA050A4B37B51B786BB1F4
:10CC8000094C6369984748B9E56AA847C307FCD4CB
:10CC9000236A019303B0BDE830401847002003B079
:10CCA00030BD00BF280304304C1C040C10B50B4CE5
:10CCB0000020A368984780B902202369984760B98B
:10CCC0004FF4E1310120A46AA04730B901211520B9
:10CCD000A04710B90122024B1A7010BD4C1C040C65
:10CCE00028030430FFF7C8BF07B50421072001AAB5
:10CCF00000F0D6FB40B9019B072B02D8034A32F85B
:10CD0000130003B05DF804FB0020FAE7001B040CDD
:10CD100073B50A4605460E4601680A2000F0C0FBBE
:10CD2000044670B90A2001A900F086FB044640B908
:10CD30002968019B3046994228BF194610F0E8FF48
:10CD40002860204602B070BD034618B111B1002022
:10CD50001860704743F65C2070470A46014606207B
:10CD600000F09EBB13B50A4604460168082000F097
:10CD700097FB50B9082001A900F05EFB28B9226892
:10CD8000019B9A4294BF2260236002B010BD73B52C
:10CD90000A4605460E460168092000F081FB04465C
:10CDA00070B9092001A900F047FB044640B9296881
:10CDB000019B3046994228BF194610F0A9FF286010
:10CDC000204602B070BD37B50422BD3084000D4648
:10CDD00020460DEB020100F073F958B9019B5A1C73
:10CDE0000AD0AB420BD8042220460DEB020101957C
:10CDF00000F0A6F903B030BD45F2A350FAE74AF2BD
:10CE0000C530F7E770B5A2B00D4601A9064600F09F
:10CE100013FB044610BB019B802B28BF8023B5EB7E
:10CE2000C30F019321D80146802202A810F0A8FF69
:10CE3000FF21EA0802ABA24213D104F188030DEBF3
:10CE40000304012305F00705AB40013B304601997F
:10CE500002AA04F8803C00F0C7FB0446204622B03A
:10CE600070BD03F8011B0134E5E745F2A354F5E773
:10CE7000F0B5A3B00D466946064600F0DDFA04465B
:10CE8000C8B900993046802928BF802102AA0091A4
:10CE900000F006FB044670B901460246009F01906F
:10CEA00002ABB8420AD102B10191042228460DEB2F
:10CEB000020110F040FF204623B0F0BD002213F81D
:10CEC00001CB4CFA02F6013206F00106082A314481
:10CED000F7D101220130E4E706281BD8DFE800F093
:10CEE00004090D111416180004224FF43D7000F0CF
:10CEF000E7B804224FF43E70F9E704224FF43F7084
:10CF0000F5E71020FFF7B4BF1120FBE71220F9E787
:10CF10001320F7E74CF25A30704700F0E5B90429C6
:10CF200002D11146FFF7D8BF43F65C20704737B5F2
:10CF300005460C46062824D8DFE800F0041517192A
:10CF40001D1F21000020FFF73EFF50B9284601A910
:10CF5000FFF7C2FF28B943F65C23019AA24218BF2B
:10CF6000184603B030BD0120EDE70220EBE71020AA
:10CF7000FFF748FFE9E71120FAE71220F8E713204E
:10CF8000F6E74CF25A30ECE713B501A90446FFF777
:10CF9000A3FF30B901994B1C05D020460131FFF7A2
:10CFA000C6FF02B010BD45F2A350FAE7022905D929
:10CFB0000839022909D94CF25A307047B0F5807F00
:10CFC0004CF25A3008BF0020704700284CF25A300B
:10CFD000B8BF00207047022804D819B10830086093
:10CFE000002070474AF2C530704700000048704783
:10CFF00000FC04304FF480607047000070B50446B8
:10D00000074E4518A54201D8002070BD2046F3699F
:10D01000984710B904F50054F4E743F65C20F4E7B0
:10D02000B81A040C2DE9F84FDFF864A00746DAF8C7
:10D0300004308846154698470024134BC0F341003E
:10D0400013F8209004F18003AB4294BF80262E1B7E
:10D05000B6FBF9FBDAF814305A460C4938199847F0
:10D0600000280EDB5A46DAF81830084908EB0400AD
:10D070009847002805DB3444A542E3D80020BDE8EA
:10D08000F88F43F65C20FAE7101B040C29030430E8
:10D09000B81A040C08B54FF400514FF42830FFF7CC
:10D0A000ADFF48B9BDE808404FF400524FF42831B5
:10D0B0004FF42030FFF7B6BF43F65C2008BD0000F8
:10D0C0002DE9F347DFF874900546D9F80430884617
:10D0D00014469847184BC0F3410013F820A0B5FB45
:10D0E000FAF70AFB175727BBA4B9384602B0BDE8C8
:10D0F000F0870AFB06F6A41BF7D0012201A9A819A4
:10D10000C847002812DB224601A908EB060010F0F0
:10D1100012FEEAE7B4FBFAF605F520353246414641
:10D120002846D9F81490C8470028E2DA43F65C276D
:10D13000DBE74AF2C537D8E7101B040CB81A040C19
:10D140002DE9F04F86187542C5F30C05354485B0BE
:10D15000B5F5005F0446019104D943F65C2005B0A3
:10D16000BDE8F08FDFF87881D8F8043098470422C2
:10D17000584BC0F3410053F82070D8F8143056488B
:10D180000093FBB2B2FBF3F203A9009B9847039A0A
:10D19000531C023208BF01230393002D34D024F422
:10D1A000FF5B2BF01F0BA5EB0B010BF52030FFF7FE
:10D1B00025FF0028D1D1B5F5407FAA4628BF4FF4FE
:10D1C000407ADA4529D8B5F5407F5ED3FBB2102707
:10D1D000B7FBF3F7414D3A4629463F48009B984735
:10D1E000B6F5407F5CD8042203A93C4810F0A3FDAB
:10D1F0003B4B3A4639493B489B69984708B18742BF
:10D20000ABD1FFF747FFAAE74FF400514FF42030AE
:10D21000FFF7F4FE0028C2D09FE70BF180039A4588
:10D220002CBF4FF08009AAEB0B095FFA87F8B9FB16
:10D23000F8F82A494246009B0BF5283098475E458E
:10D2400016D909EB0B039C4212D2A3455A4638BFAC
:10D250002246111BA2EB0B009E4294BFC2EB0602BA
:10D26000C2EB0302019B19441C4B184410F063FDF0
:10D270001B4B42469B6919490BF52030984710B16A
:10D2800080457FF46AAFCB449BE74FF440724FF484
:10D2900020314FF42830FFF7C5FE002896D05CE718
:10D2A000B4F5447F9FD2B4F5407F224638BF4FF497
:10D2B0004072019B111BA2F540700B44B6F5447FF0
:10D2C00094BFC2EB0602C2F544721946284410F01E
:10D2D00032FD88E7101B040C00A302002903043070
:10D2E000B81A040C008302002DE9F0414D4F86B0BE
:10D2F0000020BB68984700286BD104226946FFF7DD
:10D30000DFFE044600283FD104224FF440700DEBAD
:10D310000201FFF7D5FE0446002835D1424E009B9E
:10D32000B34203D1019B013B03335ED97B6898472D
:10D330003E4BC0F3410053F8205004224FF40050FC
:10D3400004A9FFF7BDFE0446F0B904224FF40C50C7
:10D3500005A9FFF7B5FE0446B0B9049B4FF4005190
:10D36000B3424FF4203013D1059B013B03330FD858
:10D37000FFF744FE68BB4FF400524FF420314FF4E6
:10D380002830FFF74FFE20BB204606B0BDE8F081F5
:10D39000FFF734FE0146E0B94FF08008EDB280227D
:10D3A000234810F0EDFCB8FBF5F84FF42035BF69C9
:10D3B000284642461E498035B847B5F5283FF7D183
:10D3C000FFF768FE28B9042202A90296FFF7B8FE0B
:10D3D00010B143F65C24D7E70123042203A94FF4DC
:10D3E00040700393FFF7ACFECDE704224FF40C50DE
:10D3F00005A9FFF765FE04460028C5D1059B5A1E06
:10D40000033206D8019A934203D30233BCD1012AD6
:10D41000BAD1FFF73FFE43F65C23002818BF1C4635
:10D42000B2E700BFB81A040C1281DEC0101B040C56
:10D4300029030430FFF758BF1E280BD8012303FA35
:10D4400000F00A4B034043B9094B18420BD110F0CE
:10D45000980F06D14CF25A307047202300200B6001
:10D4600070470423FAE74023F8E700BF65FF004058
:10D4700000000F2037B50C4601A91D46FFF7DCFF61
:10D4800050B9019B29469A4228BF1A46204603B04C
:10D49000BDE83040FFF714BE4CF25A3003B030BD47
:10D4A00013461E2870D8DFE800F0106F15191D21F3
:10D4B00025292D3135393D42474C51565B606F6F00
:10D4C0006F6F6F6F6F6F6F656A000A4600200421EF
:10D4D000FFF7D0BF0A4602202421F9E70A460320BD
:10D4E0004421F5E70A4604204821F1E70A460520D1
:10D4F0004C21EDE70A4606206C21E9E70A460720A1
:10D500008C21E5E70A4608209021E1E70A46092038
:10D51000B021DDE70A460A20D021D9E70A460B20D0
:10D52000F021D5E70A460C204FF48871D0E70A466F
:10D530000D204FF49871CBE70A460E204FF414717A
:10D54000C6E70A460F204FF41C71C1E70A461020B7
:10D550004FF4A871BCE70A4611204FF4C871B7E731
:10D560000A4612204FF4E871B2E70A4613204FF43E
:10D570000471ADE70A461D204FF42571A8E70A465D
:10D580001E204FF43571A3E74CF25A307047F0B5C6
:10D5900093B00E4601A915461C46FFF74DFF00BB90
:10D5A000019B934203D24AF2C53013B0F0BD402B29
:10D5B000F9D8304602A9FFF783FD0028F5D12246AD
:10D5C00002AB2819824205D12A4621463046FFF790
:10D5D000B7FDEAE713F8011B12F8017BB943F1D05C
:10D5E000E1E74CF25A30E0E713461E2870D8DFE836
:10D5F00000F0106F15191D2125292D3135393D42B7
:10D60000474C51565B606F6F6F6F6F6F6F6F6F65D9
:10D610006A000A4600200421FFF7B9BF0A4602202B
:10D620002421F9E70A4603204421F5E70A460420AD
:10D630004821F1E70A4605204C21EDE70A4606207D
:10D640006C21E9E70A4607208C21E5E70A46082015
:10D650009021E1E70A460920B021DDE70A460A20C9
:10D66000D021D9E70A460B20F021D5E70A460C2045
:10D670004FF48871D0E70A460D204FF49871CBE73C
:10D680000A460E204FF41471C6E70A460F204FF4E5
:10D690001C71C1E70A4610204FF4A871BCE70A4686
:10D6A00011204FF4C871B7E70A4612204FF4E87111
:10D6B000B2E70A4613204FF40471ADE70A461D2075
:10D6C0004FF42571A8E70A461E204FF43571A3E7F1
:10D6D0004CF25A307047002070470020704700001D
:10D6E00007B508216A460220FFF7DAFEDDE90002ED
:10D6F0000C490D4B9A4208BF88420BD10B4800F0F1
:10D70000E7F80B4800F0E4F80A4800F0E1F80A48AE
:10D7100000F0DEF808220021684610F031FB03B06B
:10D720005DF804FBA9B454B26D6F90A4731D040C92
:10D73000821D040CB11D040CD21D040C13B504464B
:10D7400068B10421072001AAFFF7AAFE28B9019BAE
:10D75000012B8CBF00230123237002B010BD4AF2BD
:10D76000C530FAE707B520210020074AFFF73CFF44
:10D7700030B901230421072001AA0193FFF734FFE8
:10D7800003B05DF804FB00BF2C1C040C07B520217E
:10D790000220214AFFF728FF00283AD10421032064
:10D7A0001E4AFFF721FFA0BB04211D4A0846FFF7D0
:10D7B0001BFF70BB202106201A4AFFF715FF40BB54
:10D7C00020210820184AFFF70FFF10BB2021092055
:10D7D000164AFFF709FFE0B920210A20144AFFF793
:10D7E00003FFB0B920210B20124AFFF7FDFE80B9DC
:10D7F00040211D20104AFFF7F7FE18B14CF25A33B2
:10D80000984206D103230421072001AA0193FFF7C0
:10D81000EBFE03B05DF804FB201B040C401B040C62
:10D82000441B040C481B040C681B040C881B040CD0
:10D83000A81B040CC81B040CE81B040C07B504212E
:10D84000072001AAFFF72CFEB0B91A4800F040F8F3
:10D85000194800F03DF8194800F03AF8184800F06F
:10D8600037F8184800F034F8019B43B10421072031
:10D8700001AAFFF715FE78B103B05DF804FBFFF7CE
:10D880002AFF0028F8D1FFF76DFF0028F4D1FFF739
:10D8900024FF0028EAD0EFE7019B012BECD1FFF732
:10D8A0001AFF0028E8D1FFF771FF0028E4D1FFF745
:10D8B00014FFE1E7D91D040C731D040CFD1D040CBD
:10D8C000B11D040CD21D040C08461146FFF7D4B953
:10D8D0000FB41FB5012106AB53F8042B0548009186
:10D8E0000021039311F086FD05B05DF804EB04B050
:10D8F000704700BFC9D8030C044B82B0186883B2CC
:10D900006FF30F00184302B0704700BF841C040C73
:10D910000120704700207047002070476FF003001F
:10D9200070470020704700207047002070476FF05C
:10D93000030070470020704710B50C46014630B117
:10D940002CB10448A2B200F03FFE204610BD6FF09B
:10D950000400FBE7AC0304300A4608B5014640B1B9
:10D960003AB14FF47A73044892B200F0E4FC00201C
:10D9700008BD6FF00400FBE7AC03043010B52B4B7F
:10D9800088B0D3F88C20072442F00102C3F88C2021
:10D99000D3F88C2003A902F001020092009AD3F878
:10D9A0008C20234842F00102C3F88C20D3F88C204D
:10D9B00002F001020192019AD3F8A42042F48042BD
:10D9C000C3F8A420D3F8A4304FF4007203F48043CA
:10D9D0000293029B0223CDE90323069301230794BC
:10D9E000059300F02DF84FF4806303A910480393CA
:10D9F000079400F025F80F490F4B0C220B60002311
:10DA00004FF4E130C1E905234FF40042C1E90103BD
:10DA10000846C1E90333C1E907234B6200F01AFD50
:10DA2000003818BF0120404208B010BD000C02545D
:10DA300000000252AC03043000380150002070474F
:10DA40002DE9F04F00234FF00F094A4A4A4D02EAF0
:10DA500090280A6832FA03F401D1BDE8F08F01245E
:10DA600004FA03FA1AEA020270D04C6824F0100794
:10DA7000022F16D14FEAD30C00EB8C0C03F0070EEB
:10DA8000DCF820604FEA8E0E09FA0EFB26EA0B0B3B
:10DA90000E6906F00F0606FA0EF646EA0B06CCF8FB
:10DAA00020600326D0F800B04FEA430E06FA0EFCC1
:10DAB0002BEA0C0B6FEA0C0604F0030C0CFA0EFCBC
:10DAC000013F4CEA0B0C012FC0F800C040D9032CD9
:10DAD0003CD0C76837408E6806FA0EF63E43C660F3
:10DAE000E60033D523F0030707F1A84707F5083709
:10DAF00003F00306D7F860C0F60009FA06FE2CEA28
:10DB00000E0C08FA06F646EA0C063E66D743D5F830
:10DB1000806014F4803F0CBF3E401643C5F880601F
:10DB2000D5F8846014F4003F0CBF3E401643C5F89E
:10DB300084602E6814F4801F0CBF3E4016432E6094
:10DB40006E68A40254BF3E4016436E60013380E706
:10DB5000876806EA070CCF6807FA0EF747EA0C0752
:10DB60008760476827EA0A0C27099F4047EA0C07A5
:10DB70004760AEE77F7F2B0000200254704770475C
:10DB800070477047D0F88C2008B5222A036845D129
:10DB90005B6AB0F86010826D0B401370836D0133C7
:10DBA0008365B0F85E30013B9BB2A0F85E30B0F800
:10DBB0005E309BB273BB026852E8003F23F490735F
:10DBC00042E8003103680029F5D103F1080252E868
:10DBD000001F944621F001014CE80012002AF4D104
:10DBE0002021C0F88C100267C16E4267012912D152
:10DBF000C26653E8002F22F0100243E800210029FA
:10DC0000F7D1DA69B0F85C10D20644BF10221A626C
:10DC1000FFF7B7FF08BDFFF7B2FFFBE79A6942F0D5
:10DC200008029A61F6E7D0F88C2008B5222A03682A
:10DC300042D1596AB0F860201140826D22F8021B6F
:10DC40008265B0F85E20013A92B2A0F85E20B0F88A
:10DC50005E2092B262BB53E8002F22F4907243E838
:10DC600000210029F7D103F1080252E8001F944671
:10DC700021F001014CE80012002AF4D12021C0F863
:10DC80008C100267C16E4267012912D1C26653E847
:10DC9000002F22F0100243E800210029F7D1DA69B1
:10DCA000B0F85C10D20644BF10221A62FFF769FF79
:10DCB00008BDFFF764FFFBE79A6942F008029A612A
:10DCC000F6E7000003682DE9F047DD69D3F800901E
:10DCD0009F68D0F88C200446222A40F0A980B0F832
:10DCE00068303BB9B4F85E309BB2002B40F08380C3
:10DCF000BDE8F0874FF0000AB0F860804F4E07F0A3
:10DD00000107AB06EED52368A26D5B6A03EA080340
:10DD10001370A36D0133A365B4F85E30013B9BB271
:10DD2000A4F85E302368DD6969072AD0EA070AD5BE
:10DD300019F4807F07D001221A62D4F8902042F0B3
:10DD40000102C4F89020A80708D53FB102221A6248
:10DD5000D4F8902042F00402C4F89020690708D556
:10DD60003FB104221A62D4F8903043F00203C4F8A1
:10DD70009030D4F8903023B12046FFF701FFC4F86B
:10DD800090A0B4F85E309BB2002BBAD1226852E862
:10DD9000003F23F4807342E8003123680029F5D165
:10DDA00003F1080252E8001F1046314040E800121B
:10DDB000002AF5D12021C4F88C102267E16E626739
:10DDC000012914D1E26653E8002F22F0100243E843
:10DDD00000210029F7D1DA692046D20648BF102277
:10DDE000B4F85C1048BF1A62FFF7CBFE89E7204603
:10DDF000FFF7C5FE85E7B4F868209A427FF678AF52
:10DE0000226802F1080353E8003F23F080530832F0
:10DE100042E8003122680029F2D1094B636752E8D9
:10DE2000003F43F0200342E800310029F7D15FE7CB
:10DE30009A6942F008029A615AE700BFFEFFFFEFBD
:10DE400085DB030C03682DE9F047DD69D3F800900A
:10DE50009F68D0F88C200446222A40F0A780B0F8B2
:10DE600068303BB9B4F85E309BB2002B40F0818043
:10DE7000BDE8F0874FF0000AB0F860804E4E07F022
:10DE80000107AB06EED52368A26D596A08EA0101C5
:10DE900022F8021BA265B4F85E20013A92B2A4F8FF
:10DEA0005E20DD6969072AD0EA070AD519F4807F68
:10DEB00007D001221A62D4F8902042F00102C4F87F
:10DEC0009020A80708D53FB102221A62D4F890200A
:10DED00042F00402C4F89020690708D53FB104223B
:10DEE0001A62D4F8903043F00203C4F89030D4F8AA
:10DEF000903023B12046FFF743FEC4F890A0B4F859
:10DF00005E309BB2002BBCD1226852E8003F23F464
:10DF1000807342E8003123680029F5D103F108023B
:10DF200052E8001F1046314040E80012002AF5D1A7
:10DF30002021C4F88C102267E16E6267012914D198
:10DF4000E26653E8002F22F0100243E80021002986
:10DF5000F7D1DA692046D20648BF1022B4F85C1027
:10DF600048BF1A62FFF70DFE8BE72046FFF707FE5A
:10DF700087E7B4F868209A427FF67AAF226802F108
:10DF8000080353E8003F23F08053083242E8003191
:10DF900022680029F2D1094B636752E8003F43F041
:10DFA000200342E800310029F7D161E79A6942F085
:10DFB00008029A615CE700BFFEFFFFEF27DC030C5D
:10DFC000F8B504460368C169826800691D680243A8
:10DFD0006069024375480A43284002431A605A6840
:10DFE000E06822F4405202435A60714AA0699342A9
:10DFF00005D002F1805293421CBF226A10439A68F6
:10E0000022F06E4222F4306202439A60DA6A606A59
:10E0100022F00F020243DA62664A93426ED0A2F502
:10E020007442934200F08F8002F58062934200F0C8
:10E030008C8002F58062934200F08980B3F1502F0A
:10E0400000F0878002F5C052934200F0848002F510
:10E05000A052934200F0818002F5806293427ED00C
:10E0600002F5806293427CD0A2F5C05293427BD0ED
:10E0700002F5806293427AD002F5C052934279D081
:10E080004D4A93421CD002F1704293424FF000007F
:10E0900035D1002100F088FC70B3616A474A656899
:10E0A00032F8112005EB4501B0FBF2F399420AD991
:10E0B00001204FF00113A3660023C4E91D33F8BD0E
:10E0C0004FF48050E5E7B3EB053FF1D80023194644
:10E0D00023F0BAFC0023064619464FF480776808FF
:10E0E0002A46E6FB070123F0AFFC354BA0F5407252
:10E0F0009A42DDD82368D8600020DAE70120B1F524
:10E10000004F4FF0000138D100F04EFC0028F3D052
:10E11000616A2A4B626833F81130B0FBF3F05308A0
:10E1200003EB4003B3FBF2F34FF6EF72A3F11001E0
:10E130009142BDD823F00F02216892B2C3F342038B
:10E140001343CB60D8E70220D9E70420D7E70820A3
:10E15000D5E71020D3E72020D1E74020CFE780206B
:10E16000CDE74FF48070CAE74FF40070C7E74FF473
:10E170008060C4E74FF40060C1E700F015FC0028A0
:10E18000BAD0616A0D4B626833F81130B0FBF3F31B
:10E1900003EB5203B3FBF2F34FF6EF72A3F110015E
:10E1A000914285D82268D360A6E700BFF369FFCF0C
:10E1B000002400440038015000240054881C040C42
:10E1C000FFFC0F00836A10B5DA0706D50168C46A40
:10E1D0004A6822F4003222434A609C0706D501684F
:10E1E000046B4A6822F4803222434A60590706D5FC
:10E1F0000168446B4A6822F4802222434A601A076D
:10E2000006D50168846B4A6822F4004222434A60C2
:10E21000DC0606D50168C46B8A6822F4805222436A
:10E220008A60990606D50168046C8A6822F4005257
:10E2300022438A605A0610D50168446C4A68B4F5D6
:10E24000801F22F4801242EA04024A6005D14A6823
:10E25000846C22F4C00222434A601B0606D5026881
:10E26000C16C536823F400230B43536010BD2DE9A8
:10E27000F84305460F4616469846DDF820902A6872
:10E28000D36937EA03030CBF01230023B34201D053
:10E29000002029E0B9F1FF3FF2D005F03FFFA0EBED
:10E2A000080048452C6802D8B9F1000F1ED154E887
:10E2B000003F23F4D07344E80032002AF7D104F180
:10E2C000080353E8003F23F0010304F1080141E88B
:10E2D0000032002AF3D12023C5F88830C5F88C30ED
:10E2E0000023032085F88430BDE8F88323685A07AB
:10E2F000C5D5E3691B05C2D54FF40063236254E81A
:10E30000003F23F4D07344E80032002AF7D104F12F
:10E31000080353E8003F23F0010304F1080141E83A
:10E320000032002AF3D12023C5F88830C5F88C309C
:10E33000C5F89030D4E72DE9F7439846D0F88830F7
:10E340000446202B0E4617464BD100294BD0002AFD
:10E3500049D0036800259A68120642BF9A6822F0E5
:10E3600080029A602123C0F89050C0F8883005F0F0
:10E37000D5FEA3688146B3F5805FA4F85470A4F875
:10E38000567003D123690BB935461E46B4F85620A2
:10E390004B4692B2CDF8008042B940212046FFF7AB
:10E3A00066FF48B92023C4F8883006E000228021A7
:10E3B0002046FFF75CFF18B1032003B0BDE8F083EF
:10E3C00022685EB935F8023BC3F308039362B4F8E0
:10E3D0005620013A92B2A4F85620D7E716F8013B2E
:10E3E000F4E70220E9E70120E7E773B500260446D9
:10E3F000C0F8906005F092FE236805461B681A0776
:10E4000019D423681B685B070AD56FF07E4300228E
:10E4100000934FF480012B462046FFF728FFB0B948
:10E420000020202384F88400C4F88830C4F88C309D
:10E43000E06620670CE06FF07E43324600934FF4B5
:10E44000001103462046FFF712FF0028D9D0032011
:10E4500002B070BD10B5044650B3D0F888301BB977
:10E4600080F88430FFF78AFB24232268C4F88830C0
:10E470001368204623F001031360FFF7A1FD012874
:10E4800016D0A36A13B12046FFF79CFE23682046EE
:10E49000BDE810405A6822F490425A609A6822F00F
:10E4A0002A029A601A6842F001021A60FFF79DBFC3
:10E4B000012010BD002330B581658168A0F85C2083
:10E4C000B1F5805FA0F85E20436731D10369002B6E
:10E4D00040F2FF1318BFFF23A0F860300023C0F8FC
:10E4E00090302223C0F88C30016801F1080353E812
:10E4F000003F43F00103083141E800340368002C79
:10E50000F2D1456E8468B5F1005F016935D1B0F88C
:10E510006850954231D8B4F5805F29D1C1B1264AFF
:10E52000426753E8002F42F4807243E8002121E063
:10E5300029B90369002B0CBFFF237F23CCE7B1F17E
:10E54000805FC9D10369002B0CBF7F233F23C3E742
:10E550001A4A426703F1080252E8002F42F0805243
:10E5600003F1080040E800210029F3D1002030BD6C
:10E57000114A42670029D4D1ECE7B4F5805F16D187
:10E5800051B10F4A426753E8002F42F4907243E8BA
:10E5900000210029F7D1E9E70A4A426753E8002F32
:10E5A00042F0200243E800210029F7D1DEE7044AC7
:10E5B00042670029E7D1F1E7C5DC030C45DE030C17
:10E5C00085DB030C27DC030C38B5D0F88C30202B0E
:10E5D00021D111B30AB30023C36603689C686506A2
:10E5E00042BF9C6824F040049C600D4CA3420ED0B6
:10E5F00004F18054A3420AD05C68240207D553E892
:10E60000004F44F0806443E80045002DF7D1FFF748
:10E6100051FF002038BD0220FCE70120FAE700BFCF
:10E62000002400444949F0B54B6B8D6A8F6A8E6AAD
:10E6300017F47C5F8C6BC7F3052200F0828007EE35
:10E64000902AC4F3CC0206F010046243F8EEE76AA5
:10E6500007EE902AC3F30803B8EEE77A07EE903A84
:10E660009FED3B6AF8EEE77AE7EE067AB7EE006ACE
:10E6700005F00303022B77EE867A58D0032B5DD08A
:10E680000A68344BC2F3C102D34007EE103AB8EE29
:10E69000C77AC7EE265A65EEA77A2C4A136813F09C
:10E6A000007312D0936A13F480330ED0536BC3F30C
:10E6B000462306EE903AF8EEE66A76EE866A87EE34
:10E6C000A67ABCEEC77A17EE103A204A03601368A8
:10E6D00013F0007312D0936A13F400330ED0536B0F
:10E6E000C3F3064306EE903AF8EEE66A76EE866AE3
:10E6F00087EEA67ABCEEC77A17EE103A4360134B4A
:10E700001A6891011FD59A6A52031CD55B6BC3F33B
:10E71000066307EE103AB8EEC77A37EE067AC7EE10
:10E72000876AFCEEE67A17EE903A8360F0BDDFED83
:10E730000A5A85EEA67A67EE277AAEE7DFED075A2A
:10E74000F7E7C0E900220023EFE700BF000C025406
:10E75000000000390090D0030024744A20BCBE4B56
:10E760004349F0B5CB6BCD6ACF6ACE6A17F47C5FB4
:10E770000C6CC7F3052278D007EE902AC4F3CC02C4
:10E7800006F010046243F8EEE76A07EE902AC3F33E
:10E790000803B8EEE77A07EE903A9FED366AF8EE96
:10E7A000E77AE7EE067AB7EE006A05F00303022B7C
:10E7B00077EE867A3FD0032B44D00A682E4BC2F303
:10E7C000C102D34007EE103AB8EEC77AC7EE265A18
:10E7D00065EEA77A264AD36A13F480330ED0D36B42
:10E7E000C3F3462306EE903AF8EEE66A76EE866AC2
:10E7F00087EEA67ABCEEC77A17EE103A1C4A036081
:10E80000D36A13F400330ED0D36BC3F3064306EE82
:10E81000903AF8EEE66A76EE866A87EEA67ABCEE65
:10E82000C77A17EE103A4360114BDA6A52030CD4E0
:10E8300000238360F0BDDFED115A85EEA67A67EE06
:10E84000277AC7E7DFED0E5AF7E7DB6BC3F3066302
:10E8500007EE103AB8EEC77A37EE067AC7EE876A47
:10E86000FCEEE67A17EE903AE3E7C0E90022DFE734
:10E87000000C0254000000390090D0030024744AB8
:10E8800020BCBE4B4349F0B54B6C0D6B0F6B0E6B50
:10E8900017F47C5F8C6CC7F3052278D007EE902AC2
:10E8A000C4F3CC0206F010046243F8EEE76A07EE08
:10E8B000902AC3F30803B8EEE77A07EE903A9FED8B
:10E8C000366AF8EEE77AE7EE067AB7EE006A05F008
:10E8D0000303022B77EE867A3FD0032B44D00A68DD
:10E8E0002E4BC2F3C102D34007EE103AB8EEC77AFE
:10E8F000C7EE265A65EEA77A264A136B13F48033C7
:10E900000ED0536CC3F3462306EE903AF8EEE66A57
:10E9100076EE866A87EEA67ABCEEC77A17EE103AD4
:10E920001C4A0360136B13F400330ED0536CC3F313
:10E93000064306EE903AF8EEE66A76EE866A87EED1
:10E94000A67ABCEEC77A17EE103A4360114B1A6BE9
:10E9500052030CD400238360F0BDDFED115A85EE25
:10E96000A67A67EE277AC7E7DFED0E5AF7E75B6C0A
:10E97000C3F3066307EE103AB8EEC77A37EE067AAD
:10E98000C7EE876AFCEEE67A17EE903AE3E7C0E955
:10E990000022DFE7000C0254000000390090D00391
:10E9A0000024744A20BCBE4B7FB500F17E420A436E
:10E9B00003462DD1B54AD2F8F030D2F8F01003F466
:10E9C0004073890703D5B3F5807F01F08A83D2F8BD
:10E9D000F020120103D5B3F5007F01F08683AB4A26
:10E9E000106810F4003010D0B3F5407F41F08183FF
:10E9F000D36903F47C53B3F5007FC1F07D83D36901
:10EA0000A348C3F30523B0FBF3F007B05DF804FBA4
:10EA1000A0F580120A4300F0C3819E4A904271F132
:10EA2000000280F09C80A0F580620A4300F0CB8455
:10EA300040F20142904271F100024AD2A0F120025C
:10EA40000A4300F06483212871F1000223D20928CF
:10EA500071F1000218D250EA010201F05083431E06
:10EA600041F1FF31082B71F1000181F04B83072B3D
:10EA700001F24883DFE813F0FF014302460B8902ED
:10EA8000460B460B460BC702A0F110030B4300F0E8
:10EA9000FC820020B9E7A0F580720A4300F00784E9
:10EAA00040F20112904271F100020BD2A0F140023B
:10EAB0000A4300F06E83A0F180030B4300F0B183A2
:10EAC0000020A2E7A0F500730B4300F0368400207D
:10EAD0009BE7A0F500420A4300F0E48548F20102FA
:10EAE000904271F100021DD2A0F500520A4300F0DD
:10EAF000858542F20102904271F100020BD2A0F52D
:10EB000000620A4300F0A084A0F580530B4300F09C
:10EB1000E184002079E7A0F580430B4300F098855D
:10EB2000002072E7A0F580220A4300F095865A4A39
:10EB3000904271F100020BD2A0F580320A4300F03E
:10EB40000B86A0F500330B4300F0268600205CE71F
:10EB5000A0F500230B4300F0DA80002055E70022E7
:10EB60000220814208BF934201F023829A428841E9
:10EB700049D303F17040084301F0AA80474883421B
:10EB800071F1000021D2A3F500020A4300F0628176
:10EB9000434A934271F100020BD2A3F500120A43DB
:10EBA00000F0DB84A3F580030B4300F042810020DA
:10EBB0002BE703F17C420A4301F03F8203F17843E3
:10EBC0000B4301F03A8000201FE74FF000409142D4
:10EBD00008BF834201F06381984272EB01000BD3BE
:10EBE00003F160420A4301F0C88003F140430B4344
:10EBF00001F01081002008E7012908BF934201F0CD
:10EC00009381002001E74020814208BF934200F039
:10EC1000E3869A42884145D31020814208BF93423F
:10EC200001F038829A42884129D3042908BF9342CF
:10EC300000F0E1870020082908BF83427FF4E5AE99
:10EC4000124AD2F8E830D2F8F01003F0C003890776
:10EC500002D5002B01F0CC82D2F8F020100102D5B1
:10EC6000402B01F0C982094A106810F400703FF48B
:10EC7000CCAE802B48F2120018BF0020C5E6202938
:10EC800008BF934200F048860020BEE6000C025404
:10EC900040787D0101001000010004000100001017
:10ECA000010080004FF40070814208BF934200F0E1
:10ECB0008C849A42884122D3802908BF934200F075
:10ECC000F1860020B1F5807F08BF83427FF49DAEBE
:10ECD0009B4AD2F8DC3003F0E043B3F1405F00F030
:10ECE000658700F23F87B3F1805F00F05187B3F191
:10ECF000005F00F05587002B00F0F28385E6B1F548
:10ED0000806F08BF934200F0F68400207DE68C4AB5
:10ED1000D2F8E83003F4E023B3F5003F18D007D869
:10ED20007BB9002303A80493FFF77CFC04986CE6EE
:10ED3000B3F5403F01F0E981B3F5802F0FD00020FB
:10ED400063E6002368460093FFF70AFD00985CE63F
:10ED5000002303A80393FFF795FD039855E6D2F827
:10ED6000E830116803F04043880706D52BB91368D3
:10ED70007448C3F3C103D84047E6714A1168890556
:10ED800003D5B3F1804F01F0C381106810F4003057
:10ED90003FF43BAEB3F1004F6B4818BF002034E6A0
:10EDA000674AD2F8E83003F46013B3F5801F18D037
:10EDB00007D87BB9002303A80493FFF733FC04981A
:10EDC00023E6B3F5C01F01F0A681B3F5001F0FD0F5
:10EDD00000201AE6002368460093FFF7C1FC009864
:10EDE00013E6002303A80393FFF74CFD03980CE6FA
:10EDF000D2F8E830116803F04043880706D52BB9F4
:10EE000013685048C3F3C103D840FEE54C4A11686B
:10EE1000890503D5B3F1804F01F08081106810F4AB
:10EE200000303FF4F2ADB3F1004F474818BF002067
:10EE3000EBE5434BD3F8E4305B0606D4002303A88C
:10EE40000493FFF7EFFB0498DFE56846FFF788FCC3
:10EE50000298DAE53A4BD3F8E430180606D40023DA
:10EE600003A80493FFF7DEFB0498CEE56846FFF79E
:10EE700077FC0298C9E5324AD2F8D83013F007037C
:10EE800004D107B05DF804EB01F0A2BA11680901E2
:10EE900008D5012B06D1002368460193FFF760FCDB
:10EEA0000198B2E51268900008D5022B06D1002324
:10EEB00003A80493FFF7E6FC0498A6E5204A11682E
:10EEC000890707D5032B05D113681E48C3F3C10377
:10EED000D8409AE51268920502D5042B01F02181F1
:10EEE000174AD2F8F00010F002003FF48EADA3F103
:10EEF000050CDCF1000343EB0C03D80385E5104A55
:10EF0000D2F8D83013F0380304D107B05DF804EB21
:10EF100001F04CBA1268100108D5082B06D1002365
:10EF200068460193FFF71CFC01986EE5102B0DD18C
:10EF3000002303A80493FFF7A5FC049865E500BF30
:10EF4000000C02540090D00340787D019B4A116868
:10EF5000890707D5182B05D113689948C3F3C10356
:10EF6000D84052E51268920502D5202B01F0DC80D2
:10EF7000924AD2F8F00010F002003FF446ADA3F13F
:10EF8000280043424341D8033FE58C4AD2F8D830A9
:10EF900013F4E073B9D01168090108D5402B06D1EC
:10EFA000002368460193FFF7DBFB01982DE512680B
:10EFB000900008D5802B06D1002303A80493FFF707
:10EFC00061FC049821E57D4A1168890707D5C02BAB
:10EFD00005D113687A48C3F3C103D84015E5126818
:10EFE000920503D5B3F5807F01F0A180734AD2F872
:10EFF000F00010F002003FF408ADA3F5A07043420A
:10F000004341D80301E56D4AD2F8D83013F4606368
:10F010003FF47BAF1168090109D5B3F5007F06D134
:10F02000002368460193FFF79BFB0198EDE412680B
:10F03000900009D5B3F5806F06D1002303A804938F
:10F04000FFF720FC0498E0E45C4A1168890708D5C2
:10F05000B3F5C06F05D113685948C3F3C103D84055
:10F06000D3E41268920503D5B3F5006F01F0628016
:10F07000524AD2F8F00010F002003FF4C6ACA3F5FB
:10F08000206043424341D803BFE44C4AD2F8D83011
:10F0900013F4E0433FF439AF1168090109D5B3F522
:10F0A000805F06D1002368460193FFF759FB019862
:10F0B000ABE41268900009D5B3F5005F06D10023D8
:10F0C00003A80493FFF7DEFB04989EE43B4A116813
:10F0D000890708D5B3F5405F05D113683848C3F3F5
:10F0E000C103D84091E41268920503D5B3F5804F6F
:10F0F00001F02380314AD2F8F00010F002003FF412
:10F1000084ACA3F5A04043424341D8037DE42B4A9D
:10F11000D2F8D83013F460333FF4F7AE1168090128
:10F1200009D5B3F5004F06D1002368460193FFF7D8
:10F1300017FB019869E41268900009D5B3F5803F88
:10F1400006D1002303A80493FFF79CFB04985CE41A
:10F150001A4A1168890708D5B3F5C03F05D113686D
:10F160001748C3F3C103D8404FE41268920503D592
:10F17000B3F5003F00F0E487104AD2F8F00010F039
:10F1800002003FF442ACA3F5203043424341D80390
:10F190003BE40A4AD2F8D83013F4E0133FF4B5AE9A
:10F1A000116809010ED5B3F5802F0BD100236846F5
:10F1B0000193FFF7D5FA019827E400BF000C025431
:10F1C0000090D0031268900009D5B3F5002F06D146
:10F1D000002303A80493FFF755FB049815E4A44A01
:10F1E0001168890708D5B3F5402F05D11368A148E8
:10F1F000C3F3C103D84008E41268920503D5B3F500
:10F20000801F00F0A0879A4AD2F8F00010F00200A8
:10F210003FF4FBABA3F5A01043424341D803FFF7F3
:10F22000F4BB934AD2F8D83013F460033FF46DAEC8
:10F23000116809010AD5B3F5001F07D100236846FC
:10F240000193FFF78DFA0198FFF7DFBB126890007A
:10F250000AD5B3F5800F07D1002303A80493FFF765
:10F2600011FB0498FFF7D1BB814A1168890709D5C2
:10F27000B3F5C00F06D113687E48C3F3C103D8406D
:10F28000FFF7C3BB1268920503D5B3F5000F00F07A
:10F290005D87774AD2F8F00010F002003FF4B5AB7A
:10F2A000A3F5200043424341D803FFF7AEBB704AA9
:10F2B000D2F8D83013F0E0633FF427AE11680901AB
:10F2C0000AD5B3F1807F07D1002368460193FFF789
:10F2D00047FA0198FFF799BB126890000AD5B3F17D
:10F2E000007F07D1002303A80493FFF7CBFA04980B
:10F2F000FFF78BBB5E4A1168890709D5B3F1407FE0
:10F3000006D113685B48C3F3C103D840FFF77DBB48
:10F310001268920503D5B3F1806F00F01A87544A42
:10F32000D2F8F00010F002003FF46FAB03F17B4025
:10F3300043424341D803FFF768BB4D4AD2F8D83067
:10F3400013F060533FF4E1AD116809010AD5B3F140
:10F35000006F07D1002368460193FFF701FA019877
:10F36000FFF753BB126890000AD5B3F1805F07D155
:10F37000002303A80493FFF785FA0498FFF745BB21
:10F380003B4A1168890709D5B3F1C05F06D11368FC
:10F390003848C3F3C103D840FFF737BB1268920562
:10F3A00003D5B3F1005F00F0D786314AD2F8F00000
:10F3B00010F002003FF429AB03F1584043424341AF
:10F3C000D803FFF722BB2A4AD2F8DC3013F0070338
:10F3D0003FF49BAD1168090109D5012B07D100232A
:10F3E00068460193FFF7BCF90198FFF70EBB12685E
:10F3F000900009D5022B07D1002303A80493FFF73F
:10F4000041FA0498FFF701BB194A1168890708D52A
:10F41000032B06D113681748C3F3C103D840FFF785
:10F42000F4BA1268920502D5042B00F09886104AAF
:10F43000D2F8F00010F002003FF4E7AA581F434250
:10F440004341D803FFF7E1BA094AD2F8DC3013F0A0
:10F4500070033FF45AAD116809010DD5102B0BD183
:10F46000002368460193FFF77BF90198FFF7CDBAB7
:10F47000000C02540090D0031268900009D5202B94
:10F4800007D1002303A80493FFF7FCF90498FFF7C2
:10F49000BCBAAE4A1168890708D5302B06D113686B
:10F4A000AB48C3F3C103D840FFF7AFBA1268920567
:10F4B00002D5402B00F05686A44AD2F8F00010F096
:10F4C00002003FF4A2AAA3F1500043424341D803F3
:10F4D000FFF79BBA9D4AD2F8E03013F0E06304D105
:10F4E00007B05DF804EB00F085BFB3F1807F07D172
:10F4F000002368460193FFF733F90198FFF785BAB7
:10F50000B3F1007F07D1002303A80493FFF7BAF9F2
:10F510000498FFF77ABA1168890709D5B3F1407FDB
:10F5200006D113688A48C3F3C103D840FFF76DBA08
:10F53000864A1168880503D5B3F1806F00F01586FF
:10F54000D2F8F00010F002003FF45FAA03F17B4113
:10F550004B424B41D803FFF758BA7C4AD2F8E83007
:10F5600013F0070304D107B05DF804EB00F008BF07
:10F57000012B04D107B05DF804EB00F055BE022B5F
:10F5800005D16846FFF7ECF80298FFF73EBA12681B
:10F59000920302D5032B00F0EB856C4A11688807B3
:10F5A00008D5042B06D113686948C3F3C103D840BA
:10F5B000FFF72BBA106810F400703FF426AA052B51
:10F5C000644818BF0020FFF720BA604AD2F8E8303C
:10F5D000D2F8F01003F00803890702D5002B00F0E1
:10F5E000CA85D2F8F00010F000603FF40EAA002B9C
:10F5F00014BF4FF4FA400020FFF707BA534AD2F87D
:10F60000E43013F440333FF480ACB3F5803F05D1D0
:10F6100003A8FFF737F90598FFF7F7B911688807CE
:10F6200009D5B3F5003F06D113684948C3F3C103B8
:10F63000D840FFF7EAB9454A106810F400703FF46B
:10F64000E4A9B3F5403F434818BF0020FFF7DDB9F8
:10F650003E4AD2F8E43013F440233FF456ACB3F5FD
:10F66000802F05D103A8FFF70DF90598FFF7CDB955
:10F670001168890709D5B3F5002F06D113683448FE
:10F68000C3F3C103D840FFF7C0B9304A106810F483
:10F6900000703FF4BAA9B3F5402F2E4818BF0020E0
:10F6A000FFF7B3B9294AD2F8E43013F440133FF41A
:10F6B00017AFB3F5801F05D103A8FFF7E3F805984E
:10F6C000FFF7A3B91168880709D5B3F5001F06D164
:10F6D00013681F48C3F3C103D840FFF796B91068F9
:10F6E00010F400703FF491A9B3F5401F194818BFFA
:10F6F0000020FFF78AB9154AD2F8E43013F440032A
:10F700003FF4EEAEB3F5800F05D103A8FFF7BAF8CA
:10F710000598FFF77AB91168890709D5B3F5000F85
:10F7200006D113680A48C3F3C103D840FFF76DB987
:10F73000064A106810F400703FF467A9B3F5400F53
:10F74000044818BF0020FFF760B900BF000C025446
:10F750000090D00300093D00B24AD2F8E43013F023
:10F7600040733FF4D2ABB3F1807F05D103A8FFF71C
:10F7700089F80598FFF749B9106810F002003FF4C6
:10F7800044A9B3F1007F40F0FA841368A648C3F39C
:10F79000C103D840FFF739B9A24AD2F8DC3003F4EC
:10F7A000E063B3F5407F23D00BD8B3F5807F11D051
:10F7B000B3F5007F16D0002B3FF492AE0020FFF788
:10F7C00024B9B3F5806F1AD0B3F5A06F21D0002013
:10F7D000FFF71BB9002368460093FEF7C1FF0098AE
:10F7E000FFF713B903A8FFF74DF80598FFF70DB918
:10F7F000D2F8F000C0F34000C003FFF706B9D2F81A
:10F80000F03013F0006F14BF4FF4FA400020FFF700
:10F81000FCB8D2F8E830116803F04043880707D5F8
:10F8200033B913688048C3F3C103D840FFF7EDB87C
:10F830007C4A1168890503D5B3F1804F00F0A2849A
:10F84000106810F400303FF4E0A8B3F1004F77489F
:10F8500018BF0020FFF7D9B8724AD2F8DC3003F4A1
:10F86000E043B3F5405F23D00BD8B3F5805F11D0F0
:10F87000B3F5005F16D0002B3FF447AB0020FFF735
:10F88000C4B8B3F5804F1AD0B3F5A04F21D00020F3
:10F89000FFF7BBB8002368460093FEF761FF0098AE
:10F8A000FFF7B3B803A8FEF7EDFF0598FFF7ADB873
:10F8B000D2F8F000C0F34000C003FFF7A6B8D2F8BA
:10F8C000F03013F0006F14BF4FF4FA400020FFF740
:10F8D0009CB8D2F8E830116803F04043880707D598
:10F8E00033B913685048C3F3C103D840FFF78DB84C
:10F8F0004C4A1168890503D5B3F1804F00F0458467
:10F90000106810F400303FF480A8B3F1004F47486E
:10F9100018BF0020FFF779B8424AD2F8DC3003F470
:10F92000E023B3F5403F23D00BD8B3F5803F11D08F
:10F93000B3F5003F16D0002B3FF4D2AD0020FFF707
:10F9400064B8B3F5802F1AD0B3F5A02F21D00020D2
:10F95000FFF75BB8002368460093FEF701FF0098AD
:10F96000FFF753B803A8FEF78DFF0598FFF74DB8D2
:10F97000D2F8F000C0F34000C003FFF746B8D2F859
:10F98000F03013F0006F14BF4FF4FA400020FFF77F
:10F990003CB8D2F8E830116803F04043880707D537
:10F9A00033B913682048C3F3C103D840FFF72DB81B
:10F9B0001C4A1168890503D5B3F1804F00F0E88334
:10F9C000106810F400303FF420A8B3F1004F17483E
:10F9D00018BF0020FFF719B8124AD2F8DC3003F440
:10F9E000E003B3F5401F29D00BD8B3F5801F11D029
:10F9F000B3F5001F1CD0002B3FF472AD0020FFF7C1
:10FA000004B8B3F5800F20D0B3F5A00F27D00020A5
:10FA1000FEF7FBBF002368460093FEF7A1FE0098A7
:10FA2000FEF7F3BF000C02540090D00340787D0134
:10FA300003A8FEF727FF0598FEF7E7BFD2F8F0000E
:10FA4000C0F34000C003FEF7E0BFD2F8F03013F07F
:10FA5000006F14BF4FF4FA400020FEF7D6BFD2F873
:10FA6000E830116803F04043880707D533B91368BD
:10FA7000AC48C3F3C103D840FEF7C7BFAA4A116818
:10FA8000890503D5B3F1804F00F08583106810F429
:10FA900000303EF4BAAFB3F1004FA44818BF0020C5
:10FAA000FEF7B3BFA04AD2F8DC3003F0E063B3F155
:10FAB000407F23D00BD8B3F1807F11D0B3F1007F0A
:10FAC00016D0002B3FF40CAD0020FEF79EBFB3F123
:10FAD000806F1AD0B3F1A06F21D00020FEF795BF40
:10FAE000002368460093FEF73BFE0098FEF78DBFAB
:10FAF00003A8FEF7C7FE0598FEF787BFD2F8F0000F
:10FB0000C0F34000C003FEF780BFD2F8F03013F01E
:10FB1000006F14BF4FF4FA400020FEF776BFD2F812
:10FB2000E830116803F04043880707D533B91368FC
:10FB30007C48C3F3C103D840FEF767BF7A4A116817
:10FB4000890503D5B3F1804F00F02883106810F4C5
:10FB500000303EF45AAFB3F1004F744818BF002094
:10FB6000FEF753BFB3F1804F27D0B3F1A04F7EF41F
:10FB70004CAFD2F8E830116803F04043880726D52F
:10FB80002BBB13686748C3F3C103D840FEF73DBFE2
:10FB9000002368460093FEF7E3FD0098FEF735BFAB
:10FBA00003A8FEF76FFE0598FEF72FBFD2F8F0000E
:10FBB000C0F34000C003FEF728BFD2F8F03013F0C6
:10FBC000006F14BF4FF4FA400020FEF71EBF564AE4
:10FBD0001168890503D5B3F1804F00F0E282106807
:10FBE00010F400303EF411AFB3F1004F4F4818BF8E
:10FBF0000020FEF70ABF4C4AD2F8E830126803F43E
:10FC00004073900302D5002B00F0CE82B3F5807FC5
:10FC100007D1002303A80493FEF704FD0498FEF720
:10FC2000F4BEB3F5007F40F0C28200236846019322
:10FC3000FEF796FD0198FEF7E8BE3B4AD2F8E030A9
:10FC400003F00703042B00F2B582DFE803F0060E91
:10FC500016031E003648FEF7D8BE002303A80493FF
:10FC6000FEF7E0FC0498FEF7D0BE00236846009340
:10FC7000FEF776FD0098FEF7C8BE002303A80393A5
:10FC8000FEF700FE0398FEF7C0BED2F8E830116818
:10FC900003F04043890707D533B913682148C3F3FC
:10FCA000C103D840FEF7B1BE1F4A1168880503D5CD
:10FCB000B3F1804F00F08182106810F400303EF400
:10FCC000A4AEB3F1004F194818BF0020FEF79DBE47
:10FCD000154AD2F8E03003F03803102B19D008D8B9
:10FCE0007BB9002303A80493FEF79CFC0498FEF75D
:10FCF0008CBE182B00F06482202B1BD00020FEF756
:10FD000084BE002368460093FEF72AFD0098FEF7A4
:10FD10007CBE002303A80393FEF7B4FD0398FEF70F
:10FD200074BE00BF0090D003000C025440787D01E7
:10FD30000080BB00D2F8E830116803F04043890727
:10FD400007D533B91368A548C3F3C103D840FEF7FC
:10FD50005CBEA34A1168880503D5B3F1804F00F05B
:10FD60003282106810F400303EF44FAEB3F1004F11
:10FD70009C4818BF0020FEF748BE994AD2F8E030F0
:10FD800003F4E073802B1AD008D883B9002303A8AA
:10FD90000493FEF747FC0498FEF737BEC02B00F033
:10FDA0001582B3F5807F12D00020FEF72EBE00230F
:10FDB00068460093FEF7D4FC0098FEF726BE0023A9
:10FDC00003A80393FEF75EFD0398FEF71EBED2F86C
:10FDD000E830116803F04043890707D533B9136849
:10FDE0007E48C3F3C103D840FEF70FBE7C4A1168BA
:10FDF000880503D5B3F1804F00F0EB81106810F453
:10FE000000303EF402AEB3F1004F764818BF002038
:10FE1000FEF7FBBD724AD2F8E03013F460633FF4A2
:10FE200030A8116809010AD5B3F5007F07D1002376
:10FE300068460193FEF794FC0198FEF7E6BD126850
:10FE400090000AD5B3F5806F07D1002303A804936F
:10FE5000FEF718FD0498FEF7D8BD614A11688907BE
:10FE600009D5B3F5C06F06D113685C48C3F3C1036D
:10FE7000D840FEF7CABD1268900503D5B3F5006FF0
:10FE800000F0AA81564A106810F400303EF4BDAD6F
:10FE9000B3F5206F534818BF0020FEF7B6BD504A97
:10FEA000D2F8E03013F4E0433FF41AAB11680901D3
:10FEB0000AD5B3F5805F07D1002368460193FEF7AA
:10FEC0004FFC0198FEF7A1BD126890000AD5B3F56A
:10FED000005F07D1002303A80493FEF7D3FC049826
:10FEE000FEF793BD3E4A1168890709D5B3F5405F17
:10FEF00006D113683948C3F3C103D840FEF785BD66
:10FF00001268900503D5B3F5804F00F06881344A3C
:10FF1000106810F400303EF478ADB3F5A04F3148CE
:10FF200018BF0020FEF771BD2D4AD2F8E03013F45F
:10FF300060333EF4A6AF116809010AD5B3F5004F4E
:10FF400007D1002368460193FEF70AFC0198FEF7EB
:10FF50005CBD126890000AD5B3F5803F07D100233D
:10FF600003A80493FEF78EFC0498FEF74EBD1C4ACE
:10FF70001168890709D5B3F5C03F06D11368174842
:10FF8000C3F3C103D840FEF740BD1268900503D506
:10FF9000B3F5003F00F02681114A106810F40030DC
:10FFA0003EF433ADB3F5203F0E4818BF0020FEF7F6
:10FFB0002CBD0B4AD2F8E43003F00303022B13D01C
:10FFC000032B17D0012B7FF4CEAA002303A80493A0
:10FFD000FEF728FB0498FEF718BD00BF0090D00381
:10FFE000000C025440787D016846FEF7B9FB029888
:10FFF000FEF70BBDD2F8E830116803F040438907E3
:020000040C04EA
:1000000007D533B913688248C3F3C103D840FEF75C
:10001000FCBC804A1168880503D5B3F1804F00F01D
:10002000E480106810F400303EF4EFACB3F1004F00
:10003000794818BF0020FEF7E8BC764AD2F8E830CD
:10004000116803F03003890402D5002B00F0D8803A
:100050001268920109D5102B07D1002303A804933D
:10006000FEF7E0FA0498FEF7D0BC6A4AD2F8F01026
:10007000880702D5202B00F0C680D2F8F00010F0DF
:1000800000603EF4C2AC302B0CBF4FF4FA400020AD
:10009000FEF7BBBC5F4AD2F8E43003F03003102B0C
:1000A00007D1002303A80493FEF7BCFA0498FEF7D7
:1000B000ACBC1168890009D5202B07D1002303A807
:1000C0000493FEF7DFFB0498FEF79FBC106810F462
:1000D00000503EF49AAC302B504818BF0020FEF779
:1000E00094BC4FF40040FEF790BC4FF4FA40FEF78A
:1000F0008CBC0020FEF789BC0020FEF786BC0020E7
:10010000FEF783BC0020FEF780BC4548FEF77DBCAF
:100110004448FEF77ABC4248FEF777BC4148FEF7F8
:1001200074BC4048FEF771BC3E48FEF76EBC3D48CB
:10013000FEF76BBC3B48FEF768BC3A48FEF765BC6F
:100140003848FEF762BC3748FEF75FBC3548FEF71B
:100150005CBC3448FEF759BC3248FEF756BC314807
:10016000FEF753BC2F48FEF750BC2E48FEF74DBC9F
:100170002948FEF74ABC4FF40040FEF746BC002079
:10018000FEF743BC2748FEF740BC2648FEF73DBCBF
:100190002448FEF73ABC2348FEF737BC2148FEF757
:1001A00034BC2048FEF731BC1B48FEF72EBC0020B3
:1001B000FEF72BBC0020FEF728BC1A48FEF725BC32
:1001C0001748FEF722BC1748FEF71FBC1448FEF77D
:1001D0001CBC1448FEF719BC1248FEF716BC1148A7
:1001E000FEF713BC0F48FEF710BC0E48FEF70DBC1F
:1001F0004FF40040FEF709BC4FF4FA40FEF705BC8F
:100200000648FEF702BC4FF40040FEF7FEBB00BFFD
:100210000090D003000C025440787D01006CDC0299
:100220000080BB0000093D004E4B30B5DA6902F09A
:100230001802082A00F08F80DA6912F0180F09D12D
:100240001A68494812F0200F03D01B68C3F3C1039A
:10025000D84030BDDA6902F01802102A7DD0DA6980
:1002600002F01802182A7AD1996A9D6A9A6A15F4DE
:100270007C5F9C6BC5F30520EBD0C2F30012C4F386
:10028000CC04624307EE900A06EE902A01F00302C6
:10029000012AB8EEE77AFAEEE96AF7EE005A0FD0D3
:1002A000032A4AD05B6B9FED316AC3F3080307EE64
:1002B000903AF8EEE77A77EEA67A77EEA57A37E00D
:1002C0001A68920627D51968274AC1F3C101CA40A6
:1002D00007EE902AB8EEE76A5B6BC6EE077AC3F3C7
:1002E000080307EE103AB8EEC77A37EE267A37EEF3
:1002F000257A67EE877A1B4B5B6BC3F3462301338A
:1003000007EE103AF8EEC76A87EEA67AFCEEC77AD7
:1003100017EE900A9DE75B6B9FED156AC3F3080328
:1003200007EE903AF8EEE77A77EEA67A77EEA57ABE
:10033000C6EE076A67EEA67ADDE75B6B9FED0D6A96
:10034000C3F3080307EE903AF8EEE77A77EEA67A61
:1003500077EEA57AECE708487BE7084879E702489A
:1003600077E700BF000C02540090D0030024744AC9
:100370000024744C20BCBE4B00093D0040787D0138
:1003800008B5FFF751FF064B064A1B6A03F00F033F
:10039000D35C03F01F03D840034B186008BD00BFB7
:1003A000000C0254A81A040C80C1033008B5FFF7F2
:1003B000E7FF054B054A1B6AC3F30213D35C03F046
:1003C0001F03D84008BD00BF000C0254A01A040C43
:1003D00008B5FFF7D5FF054B054A1B6AC3F3022397
:1003E000D35C03F01F03D84008BD00BF000C0254CB
:1003F000A01A040C08B5FFF7C3FF054B054A1B6A9A
:10040000C3F30233D35C03F01F03D84008BD00BF21
:10041000000C0254A01A040C002008B5FCF71AFCCA
:1004200007B51C4B83F30A881B4801F065F908B136
:10043000FFF7F2FF01F0D0F90028F9D11748FDF7D6
:1004400047FA1748FDF744FAFCF7F4FF0028EFD10C
:100450000DF10700FDF772F90028E9D19DF807308A
:100460001BB1FDF7EBF90028E2D1FDF739F900F0F7
:1004700089FD0C48FDF72CFA0B48FDF729FA01F02D
:10048000C9F900F06BFD00F0FDF8002003B05DF845
:1004900004FB00BF0010033018F10330A01C040C53
:1004A000CD1C040CFD1C040C1E1D040C30B5094CA5
:1004B000024661680023084640B105686D689542B0
:1004C00005D11BB1826860609A60816030BD0346CF
:1004D0008068F1E79CF1033003689A68DB6812F4E6
:1004E000806F05D18B4234BF6FF0FA000020704757
:1004F0008B4214BF6FF0FA000020704710B542B174
:100500000B689B6813F4807F0CBF6FF0FC00002029
:1005100010BD0B4B1B680BB9FFF77EFF1B68996979
:1005200038338A4203D053F8044FA04205D1914298
:100530000CBF6FF0FC000020EAE70132F1E700BFDA
:10054000A4F1033070B504460E4615460021302252
:100550000C300DF015FC064B20461B68A66063604E
:10056000656100F083FC00232061236070BD00BF43
:10057000A4F10330034B186810B1006800B1406863
:10058000704700BFA4F1033010B500F07FFC0446B3
:1005900000F098FC50B9FFF7EDFFA3685B681B689B
:1005A0005B68834218BF0024204610BD0024FBE78F
:1005B00008B5064B1B680BB9FFF72EFF1B68986840
:1005C00000F44060003818BF012008BDA4F10330DA
:1005D0002DE9F041074616460C4619B96FF0800028
:1005E000BDE8F0814B0023D51E4B01F01F0253F8EC
:1005F0002250002DF2D02B68D3F80480FFF7D8FFEB
:10060000294602464046FFF779FF28BB2846C4F337
:100610000721FFF761FF0028E0D100F04DFC044600
:10062000E8B132462946FFF78DFF00203C60D7E74E
:10063000084600F02BFC04460028CFD000F042FC16
:100640000028CBD16369B342C8D12368002BC5D140
:10065000A368002BE9D1C1E76FF08100C0E76FF01C
:100660008200BDE71CF1033010B5044630B100F044
:10067000E7FBB4EBD07F04D0FFF7CEFEFFF77AFFA5
:10068000F7E710BD38B500F009FC0023114A5360AC
:10069000114A536000F0DEFB0E4800F021F80446DA
:1006A000A0B10D4980230D4A00F09AF80546204676
:1006B00000F0E4F82068211D01F03AF808B1FFF7D6
:1006C000ABFE2946204600F071FBE5E7BDE8384067
:1006D00000F082BBA8F103309CF103301CF1033021
:1006E0000146F8B508B9FFF797FEDFF8F0C0DCF86F
:1006F000003013F1350F66D8344A156803F134021F
:10070000AA4260D2DA69986902EB82020F30024491
:10071000186A00EB40000244586A02EBC0029200E3
:100720009A18E0D29542DED31868294D060C36049B
:10073000AE42D8D180B2B0F5817FD4D258680028BB
:10074000D1DBD3E90A56B542CDDC986810F4406F8E
:1007500003D03542C7D5486890B91E4E306800F1C5
:10076000200535601C4E3668B542BCD8A842BAD8C0
:100770004C680360CCF800207CB9C4614860F8BDC7
:100780000768BC6814F4406F05D0BC6AA64202DB5F
:10079000FF6ABD42A7DDC069DEE71E8E0022234648
:1007A0001D682D8EB54207D9002AE6D0D369C361F2
:1007B000D061E4E72B46F3E7DD691A46002DF9D155
:1007C000C561D861DBE70020D9E700BF401E040CFB
:1007D00000005F5F88C103303C1E040C8CC10330F5
:1007E0002DE9F84F9B4600B109B9FFF715FE0468E3
:1007F000204EA569E76904F13C0C0CEB850C3568CB
:10080000A7B10C2404FB075434601B4E3668B44275
:10081000EBD8A542E9D800262C464FF01408B14683
:10082000B74200D025B90020BDE8F88F3D46F2E779
:1008300008FB06CEC4E900E0DEF808E0C4F8089042
:100840001EF4007F0FD0002ACFD0BBF1800FCCD197
:100850001EF0E00F5FFA8EFAC7D152F82A30002B53
:10086000C3D142F82A404B680136A3604C600C3477
:10087000D6E700BF84C10330381E040C70478230B5
:10088000012808B504D8FFF793FE08B9FFF7C4FDA7
:1008900008BDF8B505460E46FFF776FE044608B9D2
:1008A000FFF7BAFD80680028FAD0E368991C46D0AB
:1008B0005A1C23D1002E3FD016F1820F4FF00203B5
:1008C00018D101252360EFF3108772B63146204618
:1008D00000F064FA064687F310882368022B1CBFD9
:1008E0000023236025B100232046236000F0F8FA9E
:1008F0003046F8BD16F1830FE3D0D1E7002BCFDBF4
:10090000002304F1280252F8041F19B1E16F156C9D
:1009100019444D600833202BF5D103689D6815F408
:10092000007502D002230125236016F1810FCAD180
:100930006369002BC7DBB3E72E460025F5E70125E9
:100940000026C0E7002008B5FCF784F92DE9F04F38
:1009500093B000935F4B0746D3F800B00BB2002B67
:100960000D461646C1F30268C1F3024A04DA6FF07D
:10097000800013B0BDE8F08F8B42C36001D100202E
:10098000F7E708EB0A03042BF1D8CC0F64014FEA18
:10099000C80931464A46DBF8040044F0020300F07F
:1009A000F0FE01460028E2D1202202A80DF0E8F96D
:1009B0004A46314602A84FEACA060DF0BCF9324653
:1009C0000099DBF8040044F0060300F0DAFE8146EB
:1009D0000028CCD1014620220AA80DF0D1F93246D8
:1009E00000990AA802AE0DF0A6F9334609F10109F3
:1009F000C8452AD815F0006F18BF20241022002106
:100A000007F11C000DF0BCF907F1180910220021B4
:100A100007F12C000DF0B4F909EB880844F002034B
:100A2000C1452AD1202C3FD1002D02DBC5F3C045A2
:100A30006C0107F128050AAE05EB8A0A44F00604AA
:100A4000554533D1009BFB6799E7D3E900E21EEBE4
:100A5000020201928BD21A464846404501D1083322
:100A6000C4E7D2E902C161448E4503D201998C45A5
:100A7000FFF47DAF01300832EFE77268DBF8040065
:100A800056F8081B019300F07CFE00287FF46FAF3E
:100A900056F8042C019B49F8042F56F8082CC9F885
:100AA0003000C9F82020BBE70024C2E77268234663
:100AB00056F8081BDBF8040000F063FE00287FF402
:100AC00056AF56F8043C45F8043F56F8083C2864F5
:100AD0002B63B5E7A4F10330F7B50D46164604467F
:100AE0001F46FFF765FDFFF7BFFD2146024601A83F
:100AF000FFF76EFD68B93B46324629460198FFF77D
:100B000025FF40B1630002D5019800F0E9F96FF0CC
:100B1000800003B0F0BD019800F01CF90122019B98
:100B20001A60F6E740F20110704770B50546FFF70E
:100B30003FFD06462846FFF7B9FC044608B90020E9
:100B400070BD014632462846FFF7D8FC0028F6D192
:100B50002368D868F4E700002DE9F0411F46174BE1
:100B60000C461646D3F80080FFF70EFD08B9FFF7D4
:100B700053FCC368002BFADB032CF8D800EB840489
:100B8000E569E36CED1AF2D3ADB106233A4631467E
:100B9000D8F8040000F0F5FD0028E8D1BD4228BFD8
:100BA0003D46E36CE16B2A46194430460DF0C3F82C
:100BB000E36C2B44E3642846BDE8F081A4F10330E4
:100BC000F8B51D46154B0C4617461E68FFF7DCFCB2
:100BD00008B9FFF721FCC368002BFADB032CF8D817
:100BE00000EB8404E26EE36A9A42F2D89B1AAB42AD
:100BF000EFD3706802232A46394600F0C2FD06464C
:100C00000028E6D1E36EE06D2A46394618440DF01F
:100C100092F8E36E30462B44E366F8BDA4F103304E
:100C20002DE9F843804608460C4616461F464FEA13
:100C3000D379FFF73BFC054620B96FF081042046CD
:100C4000BDE8F88303689B689B051BD401464A46B0
:100C50002046FFF753FC0028EFD131462846FFF726
:100C60003BFC04460028E8D100F026F9064660B1B6
:100C70003A462946FFF766FC4FF0FF33F360C8F8A9
:100C80000060DCE76FF08004D9E76FF08204D6E7FC
:100C900037B50D460446FFF78BFCFFF7E5FC2A4607
:100CA0000346214601A8FFF7BBFF28B9019C204657
:100CB00000F050F80123236003B030BD07B50A46A9
:100CC00078B1430010D4014601A8FFF781FC40B978
:100CD0006FF001030198C36000F03CF80222019B11
:100CE0001A6003B05DF804FB6FF08000F9E710B5FF
:100CF0000446FFF75DFCFFF7B7FC01462046BDE860
:100D00001040FFF7DBBF00002DE9F04105464FF032
:100D100001080E4E0E4B37685C681CB928463760D8
:100D2000BDE8F0812268936813F400700CD1636908
:100D3000012B09D0D368346023B19847002801DA29
:100D4000FFF76AFBC4F81480E469E6E7A4F1033016
:100D5000A8F1033070B50446D0B18368C3B11A68F6
:100D6000B2B15D68A5B10C4BA86168691D6020B97E
:100D70002B68DB684BB901236B61A36804F10C009D
:100D80001B68BDE870401B69184798470028F2DAD5
:100D90006FF0800070BD00BFA4F103304268024BC9
:100DA00008461A60704700BFA4F1033000220368B0
:100DB00010B5C0E905229A68044612F4406F07D0C6
:100DC000120503D5D3E90A0100F034F8014B1C6089
:100DD00010BD00BFA4F1033038B5124B1B681C686E
:100DE000A36813F4406F01D1FFF716FB00F00CFD70
:100DF000626B23690C49134423F00703A3F1080530
:100E000043E9021185F30988073222F0070282F3D1
:100E10000B88BFF36F8F054BE268054900F080FD3A
:100E2000002038BDA4F10330A5EDF5FEF81703301E
:100E3000090D040C014BC3E900017047B0F1033008
:100E4000034BD3E900308342C8BF0020704700BF86
:100E5000B0F1033008B500F0CBFC034B986000F014
:100E6000CDFC80F3888808BD00ED02E0054A1368D8
:100E7000013303F007031360034A0133801A03EBC5
:100E8000C0007047B8F10330BCF1033018B1024B19
:100E9000013803EBD0007047BCF1033008B5802265
:100EA000082340F24C41034800F098FD08B1FFF7D9
:100EB000B3FA08BDBCF10330014800F0B7BD00BF74
:100EC000BCF10330014608B5044800F0CDFD002810
:100ED0000CBF6FF0FC00002008BD00BFBCF1033068
:100EE0000146014800F0B2BDBCF10330EFF30880C9
:100EF0007146EFF30982EFF30B830CB406B400F0F4
:100F00001BFD8646009900F0080001F00801401A18
:100F100002DC14DB04B070472DED108A1EF02003B4
:100F20001CBF2DE9F00FBDF1080D0B4C25462646E0
:100F30002746A046A146A246A34630B4704704B057
:100F400030BC1EF020031CBF1DF1080DBDE8F00FE2
:100F5000BDEC108A04B07047A5EDF5FE084BDA68C9
:100F600082F07F4282F47F0242F48042DA60002203
:100F70001A765A76DA76DA77702283F8222070476A
:100F800000ED00E0154B1649D3F8882042F47002BA
:100F9000C3F88820D1F8882042F47002C1F8882074
:100FA000BFF34F8FBFF36F8FD3F88C2042F44062B2
:100FB000C3F88C20D3F8342242F08042C3F83422A4
:100FC000D3F8342242F03C42C3F834224FF0E022FE
:100FD000D36843F42003D360704700BF00ED00E006
:100FE00000ED02E080EA0000E1EE100A00EE100AD7
:100FF00000EE900A01EE100A01EE900A02EE100ACD
:1010000002EE900A03EE100A03EE900A04EE100AB4
:1010100004EE900A05EE100A05EE900A06EE100A9C
:1010200006EE900A07EE100A07EE900A08EE100A84
:1010300008EE900A09EE100A09EE900A0AEE100A6C
:101040000AEE900A0BEE100A0BEE900A0CEE100A54
:101050000CEE900A0DEE100A0DEE900A0EEE100A3C
:101060000EEE900A0FEE100A0FEE900A7047000085
:10107000009A164B9A4227D101229043014641EC37
:10108000100B41EC110B41EC120B41EC130B41EC3A
:10109000140B41EC150B41EC160B41EC170BEFF365
:1010A000148222F0040282F31488BFF36F8F024689
:1010B0000346044605460646074680468146824664
:1010C0008346844686460447FEE70000A5EDF5FE0C
:1010D000BFF34F8F0549064BCA6802F4E062134321
:1010E000CB60BFF34F8F00BFFDE700BF00ED00E016
:1010F0000400FA052DE9F04F5F1CC2F30804804696
:101100000E46C7B04FEA52297F0A2CB940F2FF12AF
:10111000C3F30801914201D0FFF7DAFF721E9A4231
:10112000FAD303AD2946FBF7F1FC0028F4D1730A8A
:1011300001934FF0FF334FF0010E1A465098DFF83D
:101140009CC000F0020A14F01F0619D163099A1C12
:10115000A14503F1220355F8222055F823303AD94E
:10116000019901348C42EED11C4B1B682BB92946E6
:101170004046FBF76FFC0028CED147B0BDE8F08FAA
:10118000A1450AD8A74208D90EFA06F0BAF1000F15
:1011900012D022EA000223EA00031F2EE0D1DCF87D
:1011A00000B06609B01C2236BBF1000F0AD145F829
:1011B000202045F82630D3E7509902430029EAD190
:1011C0000343EAE755F820009042A5D155F82600E0
:1011D0009842C5D0A0E7A742D6D8C1E708F60330A9
:1011E000F0B589B06C461A4D06460FCD0FC495E890
:1011F0000F0084E80F000022700B13460126154DE6
:1012000013F01F0103F101041CD0984202D306FA27
:1012100001F73A431F2908D108A95B0901EB8303B1
:10122000296853F8203C41B91A60B4F5807F234601
:10123000E6D109B0F0BD0A46E9E71B689A42F4D04E
:10124000FFF746FF9842F6D223460A46D8E700BF8A
:10125000B81E040C08F6033008B5FFF739FF00008C
:1012600000234FF0FF30054A03F1A0010133102B9A
:1012700042F82100F8D10020704700BF00E100E0F3
:101280003E4B88B0D3F88C2042F00102C3F88C208A
:10129000D3F88C2002F001020092009AD3F88C203F
:1012A00042F00202C3F88C20D3F88C2002F0020234
:1012B0000192019AD3F88C2042F00402C3F88C20EA
:1012C000D3F88C2002F004020292029AD3F88C2008
:1012D00042F00802C3F88C20D3F88C2002F00802F8
:1012E0000392039AD3F88C2042F01002C3F88C20AA
:1012F000D3F88C2002F010020492049AD3F88C20C8
:1013000042F02002C3F88C20D3F88C2002F0200297
:101310000592059AD3F88C2042F04002C3F88C2045
:10132000D3F88C2002F040020692069AD3F88C2063
:1013300042F08002C3F88C20D3F88C30104A03F0BE
:1013400080030793079B00231363C2F83034C2F86D
:101350003038C2F8303C02F58062C2F8303C02F509
:101360008062C2F8303C02F58062C2F8303C02F57F
:101370008062C2F8303C08B0704700BF000C0254D5
:1013800000000252434BF7B5186800283BD1424B8E
:101390004249D3F88C2042F44062C3F88C204A6B57
:1013A00022F0E05242F080524A63D3F8D0203C4908
:1013B00022F00102C3F8D0200A680130C3F8D82017
:1013C0004A68103122F01F02C3F8DC2011F8044CE7
:1013D00051F8082C003C18BF012422F01F0242EAF9
:1013E000440242F001020628C3F8E020E4D1BFF332
:1013F0004F8FBFF36F8FD3F8D02042F00102C3F8B4
:10140000D02003B0F0BD0020254A23491668C1F85A
:10141000D860157B5368003D18BF012523F01F04D9
:101420009368D1F8D8C023F01F0343EA450366450B
:10143000D1F8DC7043F00103D1F8E05003D1BC4295
:1014400001D1AB4200D0FEE70130062802F11002C4
:10145000DCD1D1F8D03003B9FEE7124B0093124B28
:10146000D3F8A82042F00202C3F8A820D3F8A8308D
:101470000E4A03F002030193019BD2F8483143F076
:101480000403C2F84831009B1B685B07B9D4FFF71F
:101490001FFE00BF08F6033000ED00E000EF00E0A3
:1014A000441E040C48050054000C0254000400546F
:1014B0007FB5774B774D1C68002C40F09080764BC1
:1014C000D3F84831DA0701D4FFF702FE734BDB682B
:1014D0005B04F9D5724B0126D3F888204FF48021A4
:1014E00042F08072C3F88820D3F88830224603F097
:1014F00080730393039B03234FF040500093694B89
:10150000FFF7F8FD684B00969D4252D84FF44032E9
:101510004FF480214FF04050644BFFF7EBFD644BDC
:1015200005F150424FF480214FF040500094FFF7F6
:10153000E1FD4FF6FF73224600944FF480315D4881
:10154000FFF7D8FD03234FF4A021009300225A4B4C
:101550005A48FFF7CFFD40F6FF72594B59481A61C0
:101560000F22C3F81024584AC3F81028FFF738FE9A
:1015700040F203315548FBF7CBF95448FBF70AFB1F
:101580005348FBF707FB5348FBF704FB5248FBF7B4
:1015900001FB5248FBF7FEFA5148FBF7FBFABFF399
:1015A0004F8FBFF36F8F4F4804B0BDE87040FBF71B
:1015B0004BBA4FF440324FF480214FF040503C4B37
:1015C000FFF798FD2246484B4FF48031394800968A
:1015D000FFF790FD4FF6FF73444A0094ADE70124F6
:1015E000314B00949D423BD800244FF440324FF4DD
:1015F00080214FF040502D4BFFF77CFD2C4B05F127
:1016000050424FF480214FF040500094FFF772FD9C
:101610004FF6FF73224600944FF480312548FFF7C0
:1016200069FD0323002200934FF4A021224B23489D
:10163000FFF760FD224B1A6940F6FF739A427FF470
:1016400043AF2B4B1B690F2B7FF43EAF294B1A691D
:101650001D4B9A427FF438AF1A48FFF7C1FDA2E74D
:101660004FF440324FF480214FF04050104BFFF7C1
:1016700041FD00221C4B4FF480310E480094FFF7CF
:1016800039FD0023194A00934FF6FF73C4E700BFEA
:1016900008F60330000C03300004005400ED00E0B5
:1016A000000C0254FFFF0200FFFF0330FF0B03009A
:1016B000FFFF030000000430FFFF040000000530BE
:1016C000002C0350FF3F0400FFFF0F00120000201A
:1016D00002000030030000301A000030100000301B
:1016E0001100003000240350FF0BFFFF000CFFFF30
:1016F000003003500034035038B500230B4D04462E
:101700002B60FFF7D5FEFFF73DFEFFF7B9FD012384
:101710002B60FFF7CDFEFFF735FE02F06BFD08B141
:10172000FFF79AFD02230020236038BD08F603303E
:10173000F0B518B311B31424826900F13C0303EB34
:101740008203C2690C2604FB02330022056A95421B
:101750000AD18368002003F44063003B18BF0123D3
:1017600043F002030B60F0BD06FB02F4E718BF680C
:101770003F0701D5E4580CB90132E8E743F6DA3007
:10178000F1E710B50446084611460AB9002010BD1D
:10179000F8B103F00602062A19D09A0719D50822D3
:1017A000A30758BF42F00402E40709D5EFF394837E
:1017B000DB074CBF42F0040222F0040242F01202A6
:1017C00020F0D6F80028E1D16FF07F00DFE701229A
:1017D000E6E74CF2DA20DAE708B562B6FBF766FA1C
:1017E000FFF73EFD002843F6DA3008BF002008BDB1
:1017F000014B1868704700BFA41E040C014B1B6806
:1018000018687047A41E040C014B1B685868704789
:10181000A41E040C10B5FBF7E9FB0446FBF7EAFB3A
:10182000032811D92318013B9C420DD2074A944248
:1018300002D2B3F1005F07D842F2160322889A421F
:1018400002BF0122024B1A6010BD00BFFFFF022041
:101850000CF603302D4B2DE9F347D0E9004685689F
:10186000074618681FFA85F906234A46314640683C
:10187000FFF787FF28B16FF086033B6002B0BDE839
:10188000F087234B1B68012BF5D1FEF773FE40F266
:1018900005139842EFD1E4B2012CECD1FBF7A6FB83
:1018A0000446FBF7A7FBB4F802808045E3D8ADB24D
:1018B000032DE0D942F2160333800423A044738041
:1018C000043406EB030A444501D30023D5E7042280
:1018D00021460DEB02000CF02EFABDF80430BDF8E5
:1018E00006501B0B012B05F104050DD1AAEB0603D5
:1018F0002B444B45BFD850462A4621460CF01BFAD4
:101900007388AA442B4473802C44DCE7A4F1033091
:101910000CF6033004460D46FFF764FBA546284746
:1019200083F3088896460222EFF31483134383F36C
:101930001488BFF36F8F084738B501F00C030C2BE8
:1019400014BF044614464A060D460ED58B0658BFF2
:101950002834A36913F8021CC5F3C00383F0010304
:10196000C1F38012DBB29A4201D0FEF755FD11F0AF
:10197000A00F28D102290FD0032909D0E1B9FEF721
:1019800081FE054601461148FFF7C4FF284638BDD1
:101990002046FFF75FFFF9E70D4B18680B46D4E9C7
:1019A00000124068FFF7EDFE0028DED1D4E9000107
:1019B000FBF798F92060E9E70648FBF789FF6FF02D
:1019C00083032360E2E70448F7E700BFF81703301A
:1019D000A4F10330281D040C4C1D040C2DE9F84320
:1019E0000E4690461F460446E0B1DBB102F10809FD
:1019F00003FB09F30C338B4214D10A4600210CF08F
:101A0000BFF90025204640F80C5B10B12368036045
:101A100020600135AF424844F7D10020C4E9018677
:101A2000BDE8F8836FF0F800FAE70000034648B11C
:101A3000006838B102681A600022034BC0E9002335
:101A400008307047704700BFAACCF0F00022A1F127
:101A5000080341F8042C28B108291EBF026841F888
:101A6000082C036070470000B8B100F10C039942E4
:101A700012D38268CB1A9A420ED942680832B3FB5D
:101A8000F2F002FB1033082B06D151F8040C034B83
:101A9000C31A58425841704700207047AACCF0F052
:101AA000000000000102030400000000000000002C
:101AB000010203040607080925C1030C3DC1030CFC
:101AC00075C1030C41C1030C45C1030CBDC1030C1E
:101AD000C5C2030CEDC3030C5BC1030C61C1030C55
:101AE0006DC1030C00000000000100000020000098
:101AF0000020000010000000FF00000003020001B1
:101B00000010002000000030000000000000006015
:101B1000010000000200000004000000EDFEEFBE26
:101B2000A9B454B26D6F90A4EA31193564CBA91FE2
:101B3000EC6F9A002A7DC0504B92A1937134585F8C
:101B40002000000012000000A0A1A2A3A4A5A6A747
:101B5000A8A9AAABACADAEAFB0B1B2B3B4B5B6B78D
:101B6000B8B9BABBBCBDBEBFAAAAAAAAAAAAAAAA49
:101B7000BBBBBBBBBBBBBBBBCCCCCCCCCCCCCCCC2D
:101B8000DDDDDDDDDDDDDDDD3036303435363532D1
:101B900037323832392D313030313000000000001A
:101BA00000000000000000007777772E74727573D4
:101BB0007465646669726D776172652E6F72670015
:101BC00000000000000000005053415F494F545F87
:101BD00050524F46494C455F310000000000000064
:101BE0000000000000000000121323340A05897869
:101BF000A3668C0D975553CAB576186229C6B67977
:101C000075C85A8D9E118F85DEC45F662152F939E1
:101C1000D9779328B05E02FA58B416C80F3891BB32
:101C20002817CD8AC9537266EDFEDEC0000102039B
:101C30000405060708090A0B0C0D0E0F000102032C
:101C40000405060708090A0B0C0D0E0FF9D8030C42
:101C500011D9030C7DD9030C15D9030C19D9030C28
:101C600059D9030C39D9030C1DD9030C23D9030C02
:101C70003DDA030C27D9030C2BD9030C2FD9030C05
:101C800035D9030C04020202010002000400060020
:101C900008000A000C001000200040008000000135
:101CA00014426F6F74696E672054462D4D201B5B84
:101CB000313B33346D76322E332E302A2A2B676235
:101CC000303434663966331B5B306D0A001442755C
:101CD000696C74201B5B313B33346D546875203064
:101CE000332053657020323032362031303A343769
:101CF0003A3233205554431B5B306D0A0028466C42
:101D00006F6174204142493A20486172642C204C32
:101D1000617A7920737461636B696E6720003C653A
:101D20006E61626C65640A003C556E6B6E6F776E17
:101D30002053504D2053564320726571756573745E
:101D400065643A203078253038780A003C556E6B4F
:101D50006E6F776E20535643206E756D62657220EC
:101D60007265717565737465643A20307825303812
:101D7000780A003C5B57524E5D1B5B313B33316D43
:101D800020003C5468697320646576696365207738
:101D900061732070726F766973696F6E6564207706
:101DA0006974682064756D6D79206B6579732E2078
:101DB000003C5468697320646576696365206973C3
:101DC000201B5B313B316D4E4F54205345435552E0
:101DD00045003C1B5B306D0A003C5B494E465D2074
:101DE000426567696E6E696E672054462D4D20709E
:101DF000726F766973696F6E696E670A003C54464C
:101E00004D5F44554D4D595F50524F564953494FC0
:101E10004E494E47206973206E6F74207375697444
:101E200061626C6520666F722070726F6475637496
:101E3000696F6E212000000044C90330C0C8033020
:101E4000E48B030C0000000000840808FFFF1F085B
:101E5000000000000100000000000020FFFF032040
:101E6000000000000200000000000520FFFF092024
:101E70000000000003000000C05F080C0060080CB8
:101E8000010000000400000000000040FFFFFF4FC1
:101E900000000000050000000CF8FF080B08000916
:101EA000000000000084080800840808FFFF1F08E5
:101EB000C05F080C0060080CC0200250C420025013
:101EC000C8200250CC200250C0210250C421025030
:101ED000C8210250CC210250000000000000000088
:101EE0002A0000002A0000002A0000000100000073
:101EF00000000000000000000000000000000000E2
:101F0000092803300000000001000000000000006C
:101F100000000000000000000000000000000000C1
:101F2000000000000000000000000000B81A040CCF
:101F30000000000000000000000000000000100091
:101F400050080D0000000000B81A040C000000004A
:101F500000000000000000000000100000020B0064
:101F60000000000000000000000000000000000071
:101F70000000000000000000000000000000000061
:101F80000090D003C0C8033080C703302088030C02
:101F90008DD0040C000000000000000000000000D4
:101FA00000000000A9D2040C0000000000000000A6
:101FB000000000000000000029DC040C000000000C
:101FC000000000000000000000000000C5AD040C8F
:101FD0000000000000000000000000000000000001
:101FE000D1AF040C00000000000000000000000061
:101FF00000000000A582040C0000000000000000AA
:102000000000000000000000B177040C0000000098
:102010000000000000000000000000003DDC040C97
:1020200000000000000000000000000000000000B0
:1020300000000000000000000000000000000000A0
:10204000000000007D77040C1323060C2A23060CE5
:10205000ED76040C4F23060C6623060CF981040C64
:10206000C424060CDB24060C4980040CFB24060C5B
:102070001225060C2980040C4625060C5D25060C4D
:102080000980040C9125060CA825060CE57F040C9C
:10209000DC25060CF325060CE181040C2726060C32
:1020A0003E26060CF581040C6926060C8026060CDB
:1020B000CD81040CB526060CCC26060CC181040C7F
:1020C0000627060C1D27060CB581040C4727060CB5
:1020D0005E27060CA981040C7E27060C9527060CAA
:1020E0009981040CB527060CCC27060C8581040CBD
:1020F000F627060C0D28060C6D81040C2D28060C05
:102100004428060C2581040C7228060C8928060C2C
:10211000FD80040CAD28060CC428060C6981040C53
:10212000E828060CFF28060C6581040C1B29060C08
:102130003229060C0582040C5629060C6D29060C62
:10214000BD80040C8029060C9729060C397F040CED
:10215000D529060CEC29060C2D7F040C0E2A060C42
:10216000252A060C217F040C572A060C6E2A060C21
:10217000B180040C892A060CA02A060CC57F040C29
:10218000BA2A060CD12A060CA57F040C052B060CD6
:102190001C2B060CA580040C502B060C672B060C80
:1021A0009980040C992B060CB02B060C8D80040C26
:1021B000E62B060CFD2B060C7D80040C4D2C060C2A
:1021C000642C060C6980040CA32C060CBA2C060C9B
:1021D000857F040CF92C060C102D060C717F040C65
:1021E0004A2D060C612D060C5D7F040CA42D060CF7
:1021F000BB2D060C577F040CFD2D060C142E060C6F
:10220000457F040C512E060C682E060C157F040C1D
:102210008B2E060CA22E060CE5AF040C264B060CEA
:102220003A4B060C0DB1040C484B060C5C4B060CEB
:10223000EDB1040C944B060CA84B060C21B2040C17
:10224000CD4B060CE14B060CF5B2040C034C060C0E
:10225000174C060C5DB4040C354C060C494C060CAE
:1022600089B5040C6D4C060C814C060C3DB6040C73
:10227000A14C060CB54C060CCDB7040CF94C060C61
:102280000D4D060C79B8040C324D060C464D060C6B
:10229000F1B8040C6D4D060C814D060CC5B9040C4B
:1022A000A34D060CB74D060C65BA040CDC4D060CAC
:1022B000F04D060C65BB040C104E060C244E060CAB
:1022C00095BB040C494E060C5D4E060CC5BB040CB8
:1022D0007F4E060C934E060C05BD040CB14E060C49
:1022E000C54E060CE9BD040CDB4E060CEF4E060C89
:1022F00015BF040C1A4F060C2E4F060C61C0040CBF
:10230000674F060C7B4F060CADC0040CA84F060CA3
:10231000BC4F060C4DAD040CFC4F060C1050060CC7
:10232000D5AE040C8C51060CA051060CD9AD040C92
:10233000CA51060CDE51060CF5CB040C3260060CBB
:102340003A4B060C59CF040C4560060C5860060C3D
:1023500061C2040C7860060CA84B060C71C3040C17
:102360008B60060CE14B060C01CE040C9E60060C43
:10237000174C060CE9CA040CB160060C494C060C5B
:10238000BDC2040CC460060C814C060C81CC040C4C
:10239000D760060CEA60060C51CA040C1E61060CDC
:1023A0000D4D060CFDC1040C3161060C464D060CAA
:1023B00091C9040C4461060C814D060C65C1040CE6
:1023C0005761060CB74D060C91C8040C6A61060CE7
:1023D000F04D060C35D0040C7D61060C244E060C25
:1023E00005D0040C9061060C5D4E060C69C7040C08
:1023F000A361060C934E060C85C6040CB661060C50
:10240000C54E060C6DC5040CC961060CEF4E060CDA
:1024100065D0040CDC61060CEF61060C35C4040CBD
:102420000562060C2E4F060CA5D1040C9662060C14
:10243000A051060CA1D0040CA962060CDE51060CBA
:1024400039DA040C0065060C1365060CC1D4040CC3
:102450005465060C6765060C29D9040CA965060CA1
:10246000BC65060C1DD8040C3566060C4866060CC7
:10247000FDD6040CBF66060CD266060CCDD5040C46
:102480004367060C5667060CCDD3040CCB67060CCD
:10249000DE67060CBDD2040C5368060C6668060C99
:1024A000C5DB040CDB68060CEE68060C51DC040C82
:1024B0006E69060C8769060C000000000000000031
:1024C000000000000000000001000000000000000B
:1024D000000000000400000010C7033006000000E8
:1024E00030C7033004000000F0C6033001000000D4
:1024F00000800200FFBF020000000300FF3F030056
:1025000000400300FF7F030000800300FF7F0800FE
:1025100000800200FFBF020000000300FF3F030035
:1025200000400300FF7F030000001B00FFFF1F00AF
:1025300000800200FFBF020000000300FF3F030015
:1025400000400300FF7F030000800300FF7F0800BE
:1025500000800800FFFF1A0000001B00FFFF1F00A3
:10256000E1F9040CE9F9040CDDF9040C00000000A9
:10257000000000000000000000000000000000005B
:10258000000000000000000000000000000000004B
:10259000000000000000000000000000000000003B
:1025A000000000000000000000000000000000002B
:1025B000000000000000000000000000000000001B
:1025C000000000000000000000000000000000000B
:1025D00000000000000000000000000000000000FB
:1025E00000000000000000000000000000000000EB
:1025F00000000000000000000000000000000000DB
:1026000000000000000000000000000000000000CA
:1026100000000000000000000000000000000000BA
:1026200000000000000000000000000000000000AA
:10263000000000000000000000000000000000009A
:10264000000000000000000000000000000000008A
:10265000000000000000000000000000000000007A
:10266000000000000000000000000000000000006A
:10267000000000000000000000000000000000005A
:10268000000000000000000000000000000000004A
:10269000000000000000000000000000000000003A
:1026A000000000000000000000000000000000002A
:1026B000000000000000000000000000000000001A
:1026C000000000000000000000000000000000000A
:1026D00000000000000000000000000000000000FA
:1026E00000000000000000000000000000000000EA
:1026F00000000000000000000000000000000000DA
:1027000000000000000000000000000000000000C9
:1027100000000000000000000000000000000000B9
:1027200000000000000000000000000000000000A9
:102730000000000000000000000000000000000099
:102740000000000000000000000000000000000089
:102750000000000000000000000000000000000079
:102760000000000000000000000000000000000069
:102770000000000000000000000000000000000059
:102780000000000000000000000000000000000049
:102790000000000000000000000000000000000039
:1027A0000000000000000000000000000000000029
:1027B0000000000000000000000000000000000019
:1027C0000000000000000000000000000000000009
:1027D00000000000000000000000000000000000F9
:1027E00000000000000000000000000000000000E9
:1027F00000000000000000000000000000000000D9
:1028000000000000000000000000000000000000C8
:1028100000000000000000000000000000000000B8
:1028200000000000000000000000000000000000A8
:102830000000000000000000000000000000000098
:102840000000000000000000000000000000000088
:102850000000000000000000000000000000000078
:102860000000000000000000000000000000000068
:102870000000000000000000000000000000000058
:102880000000000000000000000000000000000048
:102890000000000000000000000000000000000038
:1028A0000000000000000000000000000000000028
:1028B0000000000000000000000000000000000018
:1028C0000000000000000000000000000000000008
:1028D00000000000000000000000000000000000F8
:1028E00000000000000000000000000000000000E8
:1028F00000000000000000000000000000000000D8
:1029000000000000000000000000000000000000C7
:1029100000000000000000000000000000000000B7
:1029200000000000000000000000000000000000A7
:102930000000000000000000000000000000000097
:102940000000000000000000000000000000000087
:102950000000000000000000000000000000000077
:102960000000000000000000000000000000000067
:102970000000000000000000000000000000000057
:102980000000000000000000000000000000000047
:102990000000000000000000000000000000000037
:1029A0000000000000000000000000000000000027
:1029B0000000000000000000000000000000000017
:1029C0000000000000000000000000000000000007
:1029D00000000000000000000000000000000000F7
:1029E00000000000000000000000000000000000E7
:1029F00000000000000000000000000000000000D7
:102A000000000000000000000000000000000000C6
:102A100000000000000000000000000000000000B6
:102A200000000000000000000000000000000000A6
:102A30000000000000000000000000000000000096
:102A40000000000000000000000000000000000086
:102A50000000000000000000000000000000000076
:102A60000000000000000000000000000000000066
:102A70000000000000000000000000000000000056
:102A80000000000000000000000000000000000046
:102A90000000000000000000000000000000000036
:102AA0000000000000000000000000000000000026
:102AB0000000000000000000000000000000000016
:102AC0000000000000000000000000000000000006
:102AD00000000000000000000000000000000000F6
:102AE00000000000000000000000000000000000E6
:102AF00000000000000000000000000000000000D6
:102B000000000000000000000000000000000000C5
:102B100000000000000000000000000000000000B5
:102B200000000000000000000000000000000000A5
:102B30000000000000000000000000000000000095
:102B40000000000000000000000000000000000085
:102B50000000000000000000000000000000000075
:102B60000000000000000000000000000000000065
:102B70000000000000000000000000000000000055
:102B80000000000000000000000000000000000045
:102B90000000000000000000000000000000000035
:102BA0000000000000000000000000000000000025
:102BB0000000000000000000000000000000000015
:102BC0000000000000000000000000000000000005
:102BD00000000000000000000000000000000000F5
:102BE00000000000000000000000000000000000E5
:102BF00000000000000000000000000000000000D5
:102C000000000000000000000000000000000000C4
:102C100000000000000000000000000000000000B4
:102C200000000000000000000000000000000000A4
:102C30000000000000000000000000000000000094
:102C40000000000000000000000000000000000084
:102C50000000000000000000000000000000000074
:102C60000000000000000000000000000000000064
:102C70000000000000000000000000000000000054
:102C80000000000000000000000000000000000044
:102C90000000000000000000000000000000000034
:102CA0000000000000000000000000000000000024
:102CB0000000000000000000000000000000000014
:102CC0000000000000000000000000000000000004
:102CD00000000000000000000000000000000000F4
:102CE00000000000000000000000000000000000E4
:102CF00000000000000000000000000000000000D4
:102D000000000000000000000000000000000000C3
:102D100000000000000000000000000000000000B3
:102D200000000000000000000000000000000000A3
:102D30000000000000000000000000000000000093
:102D40000000000000000000000000000000000083
:102D50000000000000000000000000000000000073
:102D60000000000000000000000000000000000063
:102D70000000000000000000000000000000000053
:102D80000000000000000000000000000000000043
:102D90000000000000000000000000000000000033
:102DA0000000000000000000000000000000000023
:102DB0000000000000000000000000000000000013
:102DC0000000000000000000000000000000000003
:102DD00000000000000000000000000000000000F3
:102DE00000000000000000000000000000000000E3
:102DF00000000000000000000000000000000000D3
:102E000000000000000000000000000000000000C2
:102E100000000000000000000000000000000000B2
:102E200000000000000000000000000000000000A2
:102E30000000000000000000000000000000000092
:102E40000000000000000000000000000000000082
:102E50000000000000000000000000000000000072
:102E60000000000000000000000000000000000062
:102E70000000000000000000000000000000000052
:102E80000000000000000000000000000000000042
:102E90000000000000000000000000000000000032
:102EA0000000000000000000000000000000000022
:102EB0000000000000000000000000000000000012
:102EC0000000000000000000000000000000000002
:102ED00000000000000000000000000000000000F2
:102EE00000000000000000000000000000000000E2
:102EF00000000000000000000000000000000000D2
:102F000000000000000000000000000000000000C1
:102F100000000000000000000000000000000000B1
:102F200000000000000000000000000000000000A1
:102F30000000000000000000000000000000000091
:102F40000000000000000000000000000000000081
:102F50000000000000000000000000000000000071
:102F60000000000000000000000000000000000061
:102F70000000000000000000000000000000000051
:102F80000000000000000000000000000000000041
:102F90000000000000000000000000000000000031
:102FA0000000000000000000000000000000000021
:102FB0000000000000000000000000000000000011
:102FC0000000000000000000000000000000000001
:102FD00000000000000000000000000000000000F1
:102FE00000000000000000000000000000000000E1
:102FF00000000000000000000000000000000000D1
:1030000000000000000000000000000000000000C0
:1030100000000000000000000000000000000000B0
:1030200000000000000000000000000000000000A0
:103030000000000000000000000000000000000090
:103040000000000000000000000000000000000080
:103050000000000000000000000000000000000070
:103060000000000000000000000000000000000060
:103070000000000000000000000000000000000050
:103080000000000000000000000000000000000040
:103090000000000000000000000000000000000030
:1030A0000000000000000000000000000000000020
:1030B0000000000000000000000000000000000010
:1030C0000000000000000000000000000000000000
:1030D00000000000000000000000000000000000F0
:1030E00000000000000000000000000000000000E0
:1030F00000000000000000000000000000000000D0
:1031000000000000000000000000000000000000BF
:1031100000000000000000000000000000000000AF
:10312000000000000000000000000000000000009F
:10313000000000000000000000000000000000008F
:10314000000000000000000000000000000000007F
:10315000000000000000000000000000000000006F
:10316000000000000000000000000000000000005F
:10317000000000000000000000000000000000004F
:10318000000000000000000000000000000000003F
:10319000000000000000000000000000000000002F
:1031A000000000000000000000000000000000001F
:1031B000000000000000000000000000000000000F
:1031C00000000000000000000000000000000000FF
:1031D00000000000000000000000000000000000EF
:1031E00000000000000000000000000000000000DF
:1031F00000000000000000000000000000000000CF
:1032000000000000000000000000000000000000BE
:1032100000000000000000000000000000000000AE
:10322000000000000000000000000000000000009E
:10323000000000000000000000000000000000008E
:10324000000000000000000000000000000000007E
:10325000000000000000000000000000000000006E
:10326000000000000000000000000000000000005E
:10327000000000000000000000000000000000004E
:10328000000000000000000000000000000000003E
:10329000000000000000000000000000000000002E
:1032A000000000000000000000000000000000001E
:1032B000000000000000000000000000000000000E
:1032C00000000000000000000000000000000000FE
:1032D00000000000000000000000000000000000EE
:1032E00000000000000000000000000000000000DE
:1032F00000000000000000000000000000000000CE
:1033000000000000000000000000000000000000BD
:1033100000000000000000000000000000000000AD
:10332000000000000000000000000000000000009D
:10333000000000000000000000000000000000008D
:10334000000000000000000000000000000000007D
:10335000000000000000000000000000000000006D
:10336000000000000000000000000000000000005D
:10337000000000000000000000000000000000004D
:10338000000000000000000000000000000000003D
:10339000000000000000000000000000000000002D
:1033A000000000000000000000000000000000001D
:1033B000000000000000000000000000000000000D
:1033C00000000000000000000000000000000000FD
:1033D00000000000000000000000000000000000ED
:1033E00000000000000000000000000000000000DD
:1033F00000000000000000000000000000000000CD
:1034000000000000000000000000000000000000BC
:1034100000000000000000000000000000000000AC
:10342000000000000000000000000000000000009C
:10343000000000000000000000000000000000008C
:10344000000000000000000000000000000000007C
:10345000000000000000000000000000000000006C
:10346000000000000000000000000000000000005C
:10347000000000000000000000000000000000004C
:10348000000000000000000000000000000000003C
:10349000000000000000000000000000000000002C
:1034A000000000000000000000000000000000001C
:1034B000000000000000000000000000000000000C
:1034C00000000000000000000000000000000000FC
:1034D00000000000000000000000000000000000EC
:1034E00000000000000000000000000000000000DC
:1034F00000000000000000000000000000000000CC
:1035000000000000000000000000000000000000BB
:1035100000000000000000000000000000000000AB
:10352000000000000000000000000000000000009B
:10353000000000000000000000000000000000008B
:10354000000000000000000000000000000000007B
:10355000000000000000000000000000000000006B
:10356000000000000000000000000000000000005B
:10357000000000000000000000000000000000004B
:10358000000000000000000000000000000000003B
:10359000000000000000000000000000000000002B
:1035A000000000000000000000000000000000001B
:1035B000000000000000000000000000000000000B
:1035C00000000000000000000000000000000000FB
:1035D00000000000000000000000000000000000EB
:1035E00000000000000000000000000000000000DB
:1035F00000000000000000000000000000000000CB
:1036000000000000000000000000000000000000BA
:1036100000000000000000000000000000000000AA
:10362000000000000000000000000000000000009A
:10363000000000000000000000000000000000008A
:10364000000000000000000000000000000000007A
:10365000000000000000000000000000000000006A
:10366000000000000000000000000000000000005A
:10367000000000000000000000000000000000004A
:10368000000000000000000000000000000000003A
:10369000000000000000000000000000000000002A
:1036A000000000000000000000000000000000001A
:1036B000000000000000000000000000000000000A
:1036C00000000000000000000000000000000000FA
:1036D00000000000000000000000000000000000EA
:1036E00000000000000000000000000000000000DA
:1036F00000000000000000000000000000000000CA
:1037000000000000000000000000000000000000B9
:1037100000000000000000000000000000000000A9
:103720000000000000000000000000000000000099
:103730000000000000000000000000000000000089
:103740000000000000000000000000000000000079
:103750000000000000000000000000000000000069
:103760000000000000000000000000000000000059
:103770000000000000000000000000000000000049
:103780000000000000000000000000000000000039
:103790000000000000000000000000000000000029
:1037A0000000000000000000000000000000000019
:1037B0000000000000000000000000000000000009
:1037C00000000000000000000000000000000000F9
:1037D00000000000000000000000000000000000E9
:1037E00000000000000000000000000000000000D9
:1037F00000000000000000000000000000000000C9
:1038000000000000000000000000000000000000B8
:1038100000000000000000000000000000000000A8
:103820000000000000000000000000000000000098
:103830000000000000000000000000000000000088
:103840000000000000000000000000000000000078
:103850000000000000000000000000000000000068
:103860000000000000000000000000000000000058
:103870000000000000000000000000000000000048
:103880000000000000000000000000000000000038
:103890000000000000000000000000000000000028
:1038A0000000000000000000000000000000000018
:1038B0000000000000000000000000000000000008
:1038C00000000000000000000000000000000000F8
:1038D00000000000000000000000000000000000E8
:1038E00000000000000000000000000000000000D8
:1038F00000000000000000000000000000000000C8
:1039000000000000000000000000000000000000B7
:1039100000000000000000000000000000000000A7
:103920000000000000000000000000000000000097
:103930000000000000000000000000000000000087
:103940000000000000000000000000000000000077
:103950000000000000000000000000000000000067
:103960000000000000000000000000000000000057
:103970000000000000000000000000000000000047
:103980000000000000000000000000000000000037
:103990000000000000000000000000000000000027
:1039A0000000000000000000000000000000000017
:1039B0000000000000000000000000000000000007
:1039C00000000000000000000000000000000000F7
:1039D00000000000000000000000000000000000E7
:1039E00000000000000000000000000000000000D7
:1039F00000000000000000000000000000000000C7
:103A000000000000000000000000000000000000B6
:103A100000000000000000000000000000000000A6
:103A20000000000000000000000000000000000096
:103A30000000000000000000000000000000000086
:103A40000000000000000000000000000000000076
:103A50000000000000000000000000000000000066
:103A60000000000000000000000000000000000056
:103A70000000000000000000000000000000000046
:103A80000000000000000000000000000000000036
:103A90000000000000000000000000000000000026
:103AA0000000000000000000000000000000000016
:103AB0000000000000000000000000000000000006
:103AC00000000000000000000000000000000000F6
:103AD00000000000000000000000000000000000E6
:103AE00000000000000000000000000000000000D6
:103AF00000000000000000000000000000000000C6
:103B000000000000000000000000000000000000B5
:103B100000000000000000000000000000000000A5
:103B20000000000000000000000000000000000095
:103B30000000000000000000000000000000000085
:103B40000000000000000000000000000000000075
:103B50000000000000000000000000000000000065
:103B60000000000000000000000000000000000055
:103B70000000000000000000000000000000000045
:103B80000000000000000000000000000000000035
:103B90000000000000000000000000000000000025
:103BA0000000000000000000000000000000000015
:103BB0000000000000000000000000000000000005
:103BC00000000000000000000000000000000000F5
:103BD00000000000000000000000000000000000E5
:103BE00000000000000000000000000000000000D5
:103BF00000000000000000000000000000000000C5
:103C000000000000000000000000000000000000B4
:103C100000000000000000000000000000000000A4
:103C20000000000000000000000000000000000094
:103C30000000000000000000000000000000000084
:103C40000000000000000000000000000000000074
:103C50000000000000000000000000000000000064
:103C60000000000000000000000000000000000054
:103C70000000000000000000000000000000000044
:103C80000000000000000000000000000000000034
:103C90000000000000000000000000000000000024
:103CA0000000000000000000000000000000000014
:103CB0000000000000000000000000000000000004
:103CC00000000000000000000000000000000000F4
:103CD00000000000000000000000000000000000E4
:103CE00000000000000000000000000000000000D4
:103CF00000000000000000000000000000000000C4
:103D000000000000000000000000000000000000B3
:103D100000000000000000000000000000000000A3
:103D20000000000000000000000000000000000093
:103D30000000000000000000000000000000000083
:103D40000000000000000000000000000000000073
:103D50000000000000000000000000000000000063
:103D60000000000000000000000000000000000053
:103D70000000000000000000000000000000000043
:103D80000000000000000000000000000000000033
:103D90000000000000000000000000000000000023
:103DA0000000000000000000000000000000000013
:103DB0000000000000000000000000000000000003
:103DC00000000000000000000000000000000000F3
:103DD00000000000000000000000000000000000E3
:103DE00000000000000000000000000000000000D3
:103DF00000000000000000000000000000000000C3
:103E000000000000000000000000000000000000B2
:103E100000000000000000000000000000000000A2
:103E20000000000000000000000000000000000092
:103E30000000000000000000000000000000000082
:103E40000000000000000000000000000000000072
:103E50000000000000000000000000000000000062
:103E60000000000000000000000000000000000052
:103E70000000000000000000000000000000000042
:103E80000000000000000000000000000000000032
:103E90000000000000000000000000000000000022
:103EA0000000000000000000000000000000000012
:103EB0000000000000000000000000000000000002
:103EC00000000000000000000000000000000000F2
:103ED00000000000000000000000000000000000E2
:103EE00000000000000000000000000000000000D2
:103EF00000000000000000000000000000000000C2
:103F000000000000000000000000000000000000B1
:103F100000000000000000000000000000000000A1
:103F20000000000000000000000000000000000091
:103F30000000000000000000000000000000000081
:103F40000000000000000000000000000000000071
:103F50000000000000000000000000000000000061
:103F60000000000000000000000000000000000051
:103F70000000000000000000000000000000000041
:103F80000000000000000000000000000000000031
:103F90000000000000000000000000000000000021
:103FA0000000000000000000000000000000000011
:103FB0000000000000000000000000000000000001
:103FC00000000000000000000000000000000000F1
:103FD00000000000000000000000000000000000E1
:103FE00000000000000000000000000000000000D1
:103FF00000000000000000000000000000000000C1
:10400000B7EE000AF7EE000AB7EE001AF7EE001A54
:10401000B7EE002AF7EE002AB7EE003AF7EE003AC4
:10402000B7EE004AF7EE004AB7EE005AF7EE005A34
:10403000B7EE006AF7EE006AB7EE007AF7EE007AA4
:10404000F1EE10CA40F29F01CFF200013CEA010CF0
:10405000E1EE10CA00239C4683F3008870470000FD
:10406000009A074B9A4208D110B500F05DF9FFF7AE
:10407000C7FF06BC96460C46744700F0A1F9000045
:10408000A5EDF5FE009A074B9A4208D110B500F055
:1040900057F9FFF7B5FF06BC96460C46744700F08B
:1040A0008FF90000A5EDF5FE0CB4029A084B9A4278
:1040B0000CD14FF0004319430CBC10B500F04CF983
:1040C000FFF79EFF06BC96460C46744700F078F951
:1040D000A5EDF5FE009A074B9A4208D110B500F005
:1040E00079F9FFF78DFF06BC96460C46744700F041
:1040F00067F90000A5EDF5FE009A074B9A4208D13A
:1041000010B500F083F9FFF77BFF06BC96460C461E
:10411000744700F055F90000A5EDF5FE37B5002015
:10412000124B01AA9A4201901DD94FF0E02110488C
:10413000104C8A690568236893422B444FF47A75C2
:104140003CBF49695B180C499B1A09680360B1FBC5
:10415000F5F19942094B04D2002519680560013137
:1041600019601868226003B030BD00BF000C033036
:1041700048C903304CC9033080C1033044C90330FF
:1041800008B5FCF749F9FFF7FBFFFEE708B5FCF7B8
:1041900043F9FFF7FBFFFEE7034A0020136843F0F3
:1041A00001031360704700BF0004035038B50223B9
:1041B0000B4CE360236823F001032360FFF7AEFF9D
:1041C0000546206810F0010000D138BDFFF7A6FFBA
:1041D000401B0128F5D92368DB07F2D50320F4E75B
:1041E00000040350024B186800F00100704700BF44
:1041F0000004035037B51A49D1E84F3F0133DBB211
:10420000C1E8423F002AF7D1012B23D8154B164DA8
:10421000D3F8E810284621F03001C3F8E810D3F8AD
:104220008C1041F48021C3F88C10D3F88C302A72A2
:1042300003F480230193019B0C4B6A722B60F7F708
:1042400070FE044648B969462846F7F705FF204640
:1042500003B030BD4FF0FF30FAE76FF00100F7E731
:1042600000F10330000C025404F1033000080C523A
:104270002DE9F74F002481468A4690462546A346FD
:104280001460D8F80030534529D31B4B1B685B687A
:1042900003F00603062B02D10023C8F8003003B058
:1042A000BDE8F08F03F108020DEB020717F8042CAC
:1042B000013309F8012BD8F80060042B06F1010640
:1042C000C8F8006007F804BCDBD0D8F800205245DD
:1042D000E8D3D6E72B46F8E74FF0FF35D1E7002DBE
:1042E000D3D1054801A9F7F7B7FE0028F2D0022C78
:1042F000F2D80134E4B2C4E704F1033008B500F0A9
:104300005FF808B500F05CF8002108B50846FCF736
:1043100087F8FEE708B583690BB9FCF77DF81869E3
:10432000BDE80840FCF7B5BA08B5EFF30583C3F361
:1043300008030BB1FCF770F8BDE80840FCF7F2BBCE
:1043400008B5EFF30583C3F308030BB1FCF764F87A
:10435000BDE80840FCF7E9BB70B5EFF30584C4F392
:1043600008040CB1FCF758F8084D2E68FCF7B4FBB4
:104370002B6804469E4205D0BDE8704001461846B1
:10438000FFF7C8BFFCF77BFA204670BDA4F10330ED
:1043900010B5EFF30584C4F308040CB1FCF73CF846
:1043A000BDE81040FCF7D8BB10B5EFF30584C4F3AB
:1043B00008040CB1FCF730F8BDE81040FCF700BC75
:1043C00008B5EFF30583C3F308030BB1FCF724F83A
:1043D000FCF7B8FA70B5EFF30583C3F308030BB12C
:1043E000FCF71AF8084D2E68FCF752FC2B680446BF
:1043F0009E4205D0BDE8704001461846FFF78ABFCF
:10440000FCF73DFA204670BDA4F1033070B5EFF320
:104410000584C4F308040CB1FBF7FEFF084D2E68B9
:10442000FCF765FC2B689E4205D02146BDE8704034
:104430001846FFF76FBFBDE87040FCF720BA00BF19
:10444000A4F1033010B5036804460233012B86B093
:1044500025D9082304AA00214068FFF799FF40F2FC
:10446000E9322368934206D040F2D172934210D0D1
:104470006FF080000BE00828FAD1DDE9040103ABFE
:10448000019302AB0093002201230AF0CDFD06B098
:1044900010BD0428ECD1049809F09AFDF7E700203C
:1044A000F5E700006FF47A72F0B5474B8DB01860F5
:1044B000036804461344042B08D8DFE803F00327FD
:1044C0004867770003698668082B02D06FF0800583
:1044D00059E08569042DF9D10021406808AAFFF749
:1044E00057FF0828F2D12B460221606806AAFFF781
:1044F0004FFF0428EAD1069B30460193636900937D
:10450000DDE9082300F098F805463CE00369082B34
:10451000DCD14569042DD9D10021406808AAFFF7F4
:1045200037FF0828D2D12B460121606805AAFFF782
:104530002FFF0428CAD106AB0293236A0193059B7F
:104540000093A068DDE9082300F08DF8DCE703693B
:10455000082BBBD1076A0C2FB8D10021406806AAEE
:10456000FFF716FF0828B1D1DDE9062308AE009653
:10457000A06800F08CF8054628B901463B46324653
:104580006068FFF711FF28460DB0F0BD0369082BE6
:104590009CD10021406808AAFFF7FAFE082895D1AF
:1045A000DDE90823A06800F084F8ADE7056A042D72
:1045B0008CD100F091F82B4608900021606808AA81
:1045C000FFF7F2FE0025DEE72000033000F020B800
:1045D00038B5074B02461D680C460B46686801213A
:1045E000FFF7D6FE844214BF6FF08000002038BD74
:1045F000200003300B46054910B40C680246002128
:1046000060685DF8044BFFF7CFBE00BF20000330A9
:1046100008B5074907480BF013F800F073F830B1FC
:1046200000F0B2F918B9BDE8084000F06BB808BD59
:1046300000025005D01E060C30B419460446104640
:10464000DDE9022350EA010506D0072B08D80292C3
:10465000224630BC00F0A0B86FF0860030BC704736
:104660006FF08500FAE770B4194604461046DDE99C
:10467000033250EA0106059D05D0CDE90325224607
:1046800070BC00F04DB86FF0860070BC70471946E2
:1046900010B40446104650EA0102019B04D02246A1
:1046A0005DF8044B00F002B96FF086005DF8044B32
:1046B0007047194652EA010310B50446104608D067
:1046C000224600F023F910F1950F08BF6FF0830028
:1046D00010BD6FF08600FBE70020704738B5084D2D
:1046E0002B4600F0EFFA044618B9BDE8384000F058
:1046F0007DBB002128680AF0E7FC204638BD00BFDA
:104700002400033008B5044800F012FA024B034AB3
:10471000383B536008BD00BF6800033024000330FD
:104720002DE9F3471F460023DFF868A001935346A5
:1047300081468846164600F01BFB044608BB144D14
:10474000DAF80000294601AAC5E90498AE6100F034
:10475000D5FC044678B9AE6ABE4216D30A9BF61B56
:104760009E4228BF1E4605F1380031463844FFF707
:1047700041FF0B9B1E6040F648020021044809F0EF
:10478000FFFA204602B0BDE8F0876FF08604F2E73A
:1047900030000330240003302DE9F04F002585B0B0
:1047A000DDF838A00746BAF5006F0E4690469B46E6
:1047B000039571D8DFF8F0904B4600F0D9FA044623
:1047C00000283AD1364DD9F80000294603AAC5E998
:1047D0000476C5F8188000F091FC044638BB2B6BBA
:1047E000DB074ED4C5E90BAB4FF0010B5B46D9F8A4
:1047F000005051462B480193FFF7EAFE044698B952
:10480000019B2949184600F031FA044660B9244B4F
:10481000D9F800001946C3F828A000F0A6FC044609
:10482000F0B10DB1C9F80050BBF1000F1FD04246E6
:1048300038463146FFF752FF19E010F18C0F1CD1BA
:10484000174C40F648022946204609F099FAC4E977
:104850000BAB0223AB46C4E90476C4F81880C8E762
:10486000424638463146FFF739FF044660B140F60C
:10487000480200210A4809F083FA204605B0BDE845
:10488000F08F6FF08404D2E7002DF0D02146284647
:104890000AF01AFC0446EAE76FF08604EDE700BF71
:1048A0003000033068000330240003302DE9F34763
:1048B0001E460023DFF850A00193534681468846E8
:1048C000174600F055FA0446B8B90E4DDAF8000064
:1048D000294601AAC5E90498AF6100F00FFC04461F
:1048E00028B9AB6A7360EB6A33602B6BB36040F638
:1048F00048020021034809F043FA204602B0BDE80F
:10490000F08700BF300003302400033000232DE97E
:10491000F7431B4F01933B4680460E46914600F0FD
:1049200027FA044620BB174D3868294601AAC5E975
:104930000486C5F8189000F0E1FB044690B92B6B93
:10494000DB0719D44A464046314600F027FA0446B0
:1049500040B900F04BFA044620B9214638680AF005
:10496000B3FB044640F648020021064809F008FA65
:10497000204603B0BDE8F0836FF08404F2E700BF87
:10498000240003303000033000F0AEB8F0B500254D
:104990000A4CD4E910768E4208BF874205D1A66C36
:1049A000964202D100201D60F0BD01350B2D04F1AF
:1049B0002004EED16FF08B00F6E700BF78080330DB
:1049C000F0B551F82070DDB0CB6801AD4FF4B47292
:1049D00006460C46284607F128015B9309F0ABF91F
:1049E0004FF4B6722946384600F054FB80B1236973
:1049F00083B14FF4B672294638465B9300F04AFB08
:104A000000280CBF03230123344423725DB0F0BDA2
:104A10000223F9E70123F7E70020F0B5DFB00290A9
:104A200000F0E4FB02AD0246C0BB294600F0D0FB1B
:104A3000024698BB2B4E029F304600F049FA0246D0
:104A400060BB03AC4FF4B47206F128012046C4F8F1
:104A5000687109F070F94FF4B6722146304600F0E3
:104A6000E7FA0246D0B996F891714FF4C8720090F7
:104A700033460021781C0AF0B9FA024670B996F85C
:104A80009031206021460120029D86F8913186F800
:104A9000907100F09DFB68B16FF0830210465FB02B
:104AA000F0BD012000F0A2FB02460028F6D12368E9
:104AB0000133236023689D42F3D82146022000F091
:104AC00087FB0028E8D123689D4201D80022E5E752
:104AD000022000F08BFB02460028DFD1236801335F
:104AE0002360F0E77808033008B54FF4CC7200215A
:104AF0000D4809F045F94FF480730B498B6108A309
:104B0000D3E90023C1E904230123A1F8903181F8FE
:104B10002830BDE80840FFF77FBF00BFAFF300803B
:104B200000BD40DFE143E14E7808033000000000A3
:104B3000002230B54C4C89B002AD04904FF4C873DC
:104B400001200021CDE90045CDE906220394ADF80E
:104B500014200AF069FA10B101238DF81430049B77
:104B60000022009302204FF4C873002101950AF03F
:104B70005BFA10B101238DF815304FF4807238A123
:104B8000D1E90001039BC3E904019A61049BC3E9D5
:104B900004019A61002006A900F01AFB002858D1F0
:104BA0002946012000F014FB002852D1022007A959
:104BB00000F00EFB00284CD1079A029B9A429DF808
:104BC000143018BF0790012B03D0002003A9FFF772
:104BD000F7FE9DF81530012B03D0012003A9FFF744
:104BE000EFFE039B049993F82830012B1CBF01238F
:104BF0008DF8143091F82830012B1CBF01238DF85B
:104C0000153040F20113BDF814209A4225D09DF8CA
:104C10001430012B07D14FF4C8721348A4F8903117
:104C200009F089F807E09DF81530022B13D04FF4F6
:104C30008073A4F8903194F89101002101300AF0BA
:104C400043FA10B110F18C0F03D1074800F038F986
:104C5000002009B030BD0123DDE76FF08300F8E7E5
:104C600000BD40DFE143E14E7808033070B50D46EA
:104C700010B300231C46124AD2E91016314308BF74
:104C8000234604F1010408BF00F1FF300B2C0ED0C5
:104C900020320028F0D1DC1C204600210AF014FA52
:104CA00010B110F18C0F01D100202C6070BD0028D4
:104CB000F1D06FF08D00F9E76FF08600F6E700BFE6
:104CC000780803302DE9F0471E46002381468846C8
:104CD00017468AB0244D02AC01930FCD0FC495E85E
:104CE0000F0084E80F003A464846414601ABFFF703
:104CF0004DFE1E4D824668B9019C202205EB4414EE
:104D00003034214602A809F016F8202251462046E8
:104D100009F036F833687168DC1E05EB431343E98C
:104D2000089805EB44131C463034102220469F643B
:104D300009F001F8FFF770FE064688B1DDE906329A
:104D4000134308D0019B202205EB431502A905F16E
:104D5000300008F0F0FF20220021204609F010F872
:104D600030460AB0BDE8F087B06B060C7808033017
:104D700037B51D4601ABFFF709FE044648B9019B54
:104D80000549DA1C2A606868102201EB431108F01B
:104D9000D2FF204603B030BDA8080330002330B551
:104DA0008BB0019301ABFFF7F1FD0446C8B9019B3D
:104DB0000D4D202205EB4315294602A808F0BBFF44
:104DC00021462022284608F0DBFFFFF725FE044697
:104DD00020B12022284602A908F0ADFF20460BB0E2
:104DE00030BD6FF08B04F9E7A8080330034B0021B6
:104DF00093F8910101300AF067B900BF78080330D9
:104E00001FB5D0E904230C46CDE9022304228369AF
:104E10000DEB02012046019308F08DFF0822201DB2
:104E20000DEB020108F087FF04B010BD30B589B06A
:104E300004460D461422002103A808F0A1FF002318
:104E40004FF440710193194B01A8CDE904134FF4BD
:104E50001053ADF8083080231549ADF80A300AF038
:104E60002DF800BB40F20111124A01A809F008FF19
:104E7000A0B90C232A4640F2032101A80AF062F8E7
:104E800060B9224601A902A80AF084F830B901A845
:104E900009F01AFF38B1206809F09AF801A809F062
:104EA00013FF6FF0830009B030BD00BF0002500552
:104EB000090100085C81FF7F0F3000090130704755
:104EC00000F11C010C22014808F035BF100A033024
:104ED0001FB50822184904460DEB020008F02BFF0D
:104EE000042216490DEB020008F025FF029B039AED
:104EF000013342F10002CDE90232134314D00822FB
:104F00000D480DEB020108F016FF04220B480DEBD3
:104F1000020108F010FF0C22074904F11C0008F000
:104F20000AFF002004B010BD019B01330193002B48
:104F3000E5D16FF08300F5E7100A0330180A03305B
:104F40002DE9F043994600238DB00E4609A9044689
:104F50009046159F179D0893FFF752FF09A908A8CF
:104F6000FFF764FF18BB169BCDE90068CDE9047319
:104F7000149B1049CDE9029308980C23069504F17F
:104F80001C0209F0FFFA28B1089809F021F86FF027
:104F900083000CE02968102210392960204639442A
:104FA00008F0C9FE089809F013F80028EFD10DB0F9
:104FB000BDE8F083000250052DE9F04104461D468E
:104FC00000238CB0129E0F4609A990460893FFF764
:104FD00017FF21461022A81908F0ADFE09A908A85C
:104FE000FFF724FFC0B9159B10360693149BCDE93B
:104FF00002560593139BCDE9007804930B490C23CB
:10500000089804F11C0209F00DFB0346089833B11F
:1050100008F0DEFF6FF094000CB0BDE8F08108F0FE
:10502000D7FF002818BF6FF08300F5E70002500596
:10503000002370B58EB00D460BA9044616460A93A0
:10504000FFF7DEFE0BA90AA8FFF7F0FEF0B909ABE7
:1050500006931023CDE90200CDE90443CDE90056C3
:105060000C230B490A9804F11C0209F08BFA034641
:105070000A9813B9099B102B04D008F0A9FF6FF010
:10508000830003E008F0A4FF0028F8D10EB070BD43
:1050900000025005002370B58EB00D460BA90446E2
:1050A00016460A93FFF7ACFE0BA90AA8FFF7BEFE4F
:1050B000C0B909ABCDE9050310230490CDE9024343
:1050C00004F11C020C23CDE900560B490A9809F0A3
:1050D000A9FA0346DDE90920134305D008F078FF5B
:1050E0006FF094000EB070BD08F072FF002818BF7A
:1050F0006FF08300F6E700BF00025005F0B51546DB
:10510000002289B005AB019301F11C030F46009307
:10511000114640F61C03064609F086FF00BB059CBD
:105120000B2C1FD90C3CB4F5016F1BD820460696FA
:10513000FFF7C2FE07AB286003934FF4026307F149
:105140002806CDE90163042233463846009406A9B7
:10515000FFF732FF10B9079B9C4201D06FF083002C
:1051600009B0F0BD6FF09700FAE72DE9F04186B085
:105170000490064608460D468F6AFFF7A9FE0446CE
:10518000B0B905AA03924FF4026207F1100805F1C5
:105190002803CDE9013228460422CDF8008004A975
:1051A000FFF7CEFE10B9059B984505D06FF083043C
:1051B000204606B0BDE8F08121460094304605F156
:1051C0001C0307F11C0209F011FF0446F0E7000080
:1051D00002289FBF044B53F8203000200B6088BF8B
:1051E0006FF08300704700BF00000330084B1B784E
:1051F0005BB1022809D8074A52F82030591C04D064
:10520000013342F82030002070476FF08300704770
:105210000C000330000003300022014B1A7070476D
:105220000C0003300122014B1A7070470C00033050
:10523000FFF7CEBFFFF7DABF022808D8054A52F8B9
:10524000203023B1013B42F82030002070476FF03E
:105250008300704700000330036833B1B3F5805F0B
:1052600001D100F01FB86FF0800318467047036843
:10527000002B05DA0233B4BF6FF0850000207047C1
:10528000B3F5805F01D100F00DB86FF08500704775
:10529000036801330CBF6FF081006FF08500704729
:1052A00000207047F7B505460024124B124F0193BA
:1052B00000F10C0656F8043F73B9336933B1042387
:1052C000214668680DEB0302FFF76EF80134042CE9
:1052D000F0D1002003B0F0BD04236A46214668687F
:1052E000FFF756F8042802D1009BBB42E5D04FF0EF
:1052F000FF30EFE7BEBAFECAEFBEADDE014902489D
:1053000000F0F8B890C10330EC1E060C10B504464E
:105310001F2000F03FF92146BDE8104001480AF087
:105320008FB900BFF31E060C08B523B90448FFF778
:10533000EDFF012008BDD860C3E901120020F9E7A4
:10534000031F060C10B423B906485DF8044BFFF7A1
:10535000DDBF0124C3E901011C70DA605DF8044B74
:10536000704700BF201F060C2DE9F043044685B0AE
:1053700010220021684608F003FD34B94F48FFF7BA
:10538000C5FF012005B0BDE8F0832368002BF5D0F0
:1053900020469847E368002BF0D0A368002BEDD09F
:1053A0004FF0000847464646212000F0F3F8E16838
:1053B00043480AF045F965680C35A36843451FD892
:1053C000002E78D0002000F0E5F83146A2683D4874
:1053D0000AF036F9002F66D0002000F0DBF83946DD
:1053E000A26839480AF02CF9002E5CD1202000F088
:1053F000D1F836480AF024F9002300202374C1E7CD
:1054000055F80C3C13B155F8083C23B93048FFF768
:105410007DFF0220B6E74FF00009002000F0BAF847
:1054200055E902122B480AF00BF98DF8009055F857
:105430000C3C684698479DF80030012B1ED11F2078
:1054400055F8089C00F0A6F8019989B122480AF0A5
:10545000F7F8029919B1039A20480AF0F1F8494681
:105460001F480AF0EDF8013608F101080C35A4E7F1
:1054700002990029F3D0039A1A48EEE7022B09D1CA
:10548000484600F087F855F8081C17480AF0D8F885
:105490000137E9E7202000F07DF855F8081C134893
:1054A0000AF0CEF8E0E71F2000F074F810480AF088
:1054B000C7F80123A1E7002F98D08DE7031F060C42
:1054C000421F060C0220060C2620060C4B20060C60
:1054D000201F060C5E1F060C881F060C8E1F060C74
:1054E000B91F060CA41F060CD11F060CEA1F060CE0
:1054F0006020060CF8B506460C46212000F04AF85C
:1055000031461E480AF09CF827463D689DB9212087
:1055100000F040F831461A480AF092F827689FB91F
:10552000212000F037F8314616480AF089F838464D
:1055300000F030F806E03846FFF716FF143705464E
:105540000028E2D02846F8BD002000F023F8E168EA
:105550000D480AF075F8237C3BB9202000F01AF8BA
:105560000A480AF06DF81434D8E71F2000F012F84A
:1055700007480AF065F80325F5E700BF7520060C1B
:10558000A820060CF720060CCC20060CE120060C07
:10559000EC20060C014601480AF052B81A21060C0C
:1055A0002DE9F047DCB006AC84E80C0042228046CE
:1055B000894625A9CDE90C120DF1230710AD0CABDE
:1055C0000597049502AE93E803000DF1240A86E8DE
:1055D00003000EAECDE9002640465246494614ABC4
:1055E00000F090FB002852D194E8060036A801F0A4
:1055F0000AFE052136A801F020FF0122002336A86B
:1056000001F0BEFE0222002336A801F0B9FE099C7B
:105610004FF0FF324FEAE4784FF0FF3336A801F045
:10562000AFFE2246434636A801F0AAFEDDE90E860B
:105630006FF001024FF0FF3336A812AC01F0A0FE6C
:10564000C4E90086022194E80C0036A801F0ADFE02
:105650002E68FEB99DF823406FF002024FF0FF3331
:1056600036A801F08DFE04F1140233463146D2B261
:1056700036A801F0C7FE052136A801F0FBFE6499AB
:1056800036A801F052FF10B136A800F0B3F85CB0B4
:10569000BDE8F0876D6836A86FF002024FF0FF3367
:1056A00001F06EFEC4E90065022194E80C0036A802
:1056B00001F07BFEDFE770B58EB00BAB07930A23DA
:1056C00008930023044604AD09AE85E80600304681
:1056D000CDE90223079900930A22022301F0A8FDD5
:1056E00096E80600204600F0E5FA95E80600204618
:1056F00000F0E0FA0EB070BD2DE9F84F9046DDE9FC
:105700000A6A0446002218460F465FFA81FB4146AA
:10571000994601F06DFCA4F108030D461A4652F8B3
:10572000084F5168B1F1FF3F08BFB4F1FF3F09D105
:105730000024F90500D51CB1BA0509D5002C3FD0CD
:10574000202019E08D4208BFA042E8D10124F0E7F3
:10575000BBF1000F12D05846002503E0954208BF68
:105760008B450CD053F8081F5A68B2F1FF3F08BFB1
:10577000B1F1FF3FF2D15620BDE8F88F1CB3CAE962
:10578000000520223046FF2108F0FAFAA6F10805AC
:10579000183622464146484601F02AFCB1F1FF3F47
:1057A00008BFB0F1FF3F04F1010405D0B54205D0B8
:1057B00045F8080F6960ECE70020DDE72520DBE70E
:1057C000BBF1000FC7D15520D6E703463C2B084656
:1057D0000CD0A3F11402132A0AD93D2B09D0432B74
:1057E00007D0002B14BF2E200020704725207047C3
:1057F00009207047837B1BB1012303741920704774
:10580000007C10B10128F9D018207047043951F8F4
:10581000043F0BB9184670478342F8D10120704706
:10582000B0F9003002468B4204D013F5004F00F16E
:105830000400F5D1B2F902007047000008B500F588
:105840000043B3F5803F04D201B20348FFF7E8FFFD
:1058500008BD0020FCE700BFD06B060C30B587B058
:105860000C46CDE90023FFF7E9FF6D46014678B30A
:1058700004A800F005FA30BB236933BB0C23154A9A
:10588000CDE9022304A81A46029900F013FA94E81D
:10589000060004A8FFF70FFF236923B119466269C8
:1058A00004A8FFF708FFD4E9021204A8FFF703FFDA
:1058B000D4E9061204A8FFF7FEFE95E806000A9B4D
:1058C00004A800F005FA07B030BD0B23024AD7E761
:1058D0000120F8E72D21060C2121060C03680BB9E5
:1058E000016070471A461B68002BFBD1116070479E
:1058F00073B50446267A0D46122EC0682BD0622E50
:1059000025D0542016E000230193019B2269C3B9DE
:105910000192A36813F4806303D13246284601F054
:1059200068FD0421284601F088FD22462846019999
:1059300000F064FC02B070BD019301A98368984730
:10594000E3E719461B6A002BFBD10A62E1E7002856
:10595000D9D12B20EEE70028FBD00368002BEBD039
:105960002C20E7E782B0F0B58BB0139F0546384690
:10597000CDE900121193FFF73DFF0446F0B995E819
:1059800003000AAA02AB83E80300DDE9110102E982
:105990000300DDE9000104AA82E803002A7ACDE9C8
:1059A0000644122A10D1E8683A4604691946A0470D
:1059B000044650B1532801D101232B7520460BB06A
:1059C000BDE8F04002B0704752240421384601F08F
:1059D00051FDF3E770B504460D4616460021F82246
:1059E00008F0CEF9C4F8E850182200212046C4F887
:1059F000D86045F0120508F0C3F9A56004F1180558
:105A00002846D4F8D81000F09FF8294604F10C007D
:105A1000BDE87040FFF762BF30B5044600F1EC0509
:105A200003A9C0E9382303C985E80300C4E90E23AC
:105A3000C4E90C0130BD4369F0B58C460446002131
:105A4000012095B0C4E90C010121DA17C4E9103234
:105A5000A16300230221A26984F83C1023651AB3D4
:105A6000E1690420CDE90421002106226E46CDE93A
:105A7000000102938DF80C200AAD08930FCE0FC5DC
:105A80000FCE0FC596E803000AAF04F1580685E86B
:105A900003000FCF0FC60FCF0FC695E8030004F128
:105AA000580386E8030023653034CCF8004015B075
:105AB000F0BD522070472DE9F04397B00EAB06932E
:105AC0002023064610460D4617460793FFF792FE21
:105AD000044698B90DF120093846494601F0FBFC0F
:105AE0003B68706973B90DAB0093D6E908230C9439
:105AF00000F066F838460D9901F008FD204617B011
:105B0000BDE8F0830DF128082946DDE90623CDF82C
:105B10000080FFF7A3FE04460028EFD10CAB0593ED
:105B200003AB99E8030083E8030001AB98E80300A6
:105B300083E80300B36A00937069D6E9082300F094
:105B400071F80446D6E7000038B588220D460021DA
:105B5000044608F015F944F67353A380034BA36081
:105B6000034BE360034BC4E9043538BD375A040CDA
:105B7000B35A040CB75A040C10B50446182200217D
:105B800008F0FEF8204610BD0346073307B510465F
:105B900010D1089B08490193079B0093DDE9052379
:105BA00008F0A2FF01B20548FFF73AFEC0B203B009
:105BB0005DF804FB0120FAE709060006EC6B060C11
:105BC00010B50730144686B027D16846FFF7D4FFDA
:105BD0006946204608F01AFA01B21148FFF720FE84
:105BE00010F0FF000DD144F20101BDF80020BDF816
:105BF000023022F440548C4205D10733DB08089A66
:105C0000136006B010BD02F44F42B2F5824F05BFDB
:105C10000733DB0803465B00F1E70120F1E700BF33
:105C2000EC6B060CF0B5C11D87B01446119D1ED15A
:105C300005AF00970F9EFFF7C3FFB0B9059B109A01
:105C40009A4216D3CDE90137DDE90D230A492046F2
:105C5000009608F01DFF01B20848FFF7E1FD10F0C3
:105C6000FF0002D1059B2E606B6007B0F0BD0120E4
:105C7000FBE70620F9E700BF09060006EC6B060CFF
:105C800000234FF6FF7210B50360084B044611F174
:105C9000100F08BF1A46114608F012FB606001B2EF
:105CA0000348FFF7BDFDC0B210BD00BF09000002F0
:105CB000D86B060C13B502AB03E906004368044633
:105CC0001BB911B108F020FB606002B010BD0000EC
:105CD00073B502AC04E90600416805461C4639B9B3
:105CE000009E0433314608F031FB014668602660AF
:105CF00009B20348FFF794FDC0B202B070BD00BF07
:105D0000D86B060C82B02DE9F047B4B09146DDE9BE
:105D100042573D93852203AB12A9824608F0BEF993
:105D200010BB0CA89DF84840039EFFF725FF504686
:105D30000CA908F06BF9BDF8303003F44F42B2F50E
:105D4000824F02D0B2F5884F0ED1DBB2122B0BD1AD
:105D5000BDF83230B3F5C07F0CD040F20922934237
:105D60001BD0B3F5807F1AD0112034B0BDE8F047C6
:105D700002B070470223032C06F1FF36C9F8003049
:105D800051D0042C0DD0022CEED10023C5E90033F4
:105D90000123039C013C3B7027E00323EBE7012335
:105DA000E9E7039BDDE94001013BB6EB530F38BF48
:105DB00000224FEA530431BF13460DF149031B196A
:105DC000321BCDE9043208AA82E80300184605997F
:105DD0000DF128088DE80300002306CA404601F0B3
:105DE000BFFB98E8030085E80300DDE93D01A6421A
:105DF0003ABF002423460DF1490308AA82E80300B4
:105E00001846CDE9063407990AAC8DE80300002353
:105E100006CA204601F0A4FB94E803003F9B83E8F8
:105E200003000020A1E70023039CC5E90033013CE7
:105E3000B1E7034670B583B9184670BDD2E9006476
:105E4000D3E900518C4208BFAE4201D1934206D142
:105E5000126A002AF2D11B6AEDE70246F9E7012037
:105E6000EBE72DE9F04FABB0ADF804101746DDE9D4
:105E70003596002205210446984601F0E9F85022A3
:105E8000002116A807F07CFF4FF0000A204602A967
:105E900001F072F894F8EE5084F8EEA0432D00F073
:105EA0009C8025B10A212846FFF78FFC4BE09DF826
:105EB0000930022B40F0B280DDE90801831E0B435C
:105EC00044D1002F00F0AC802A460421204601F086
:105ED000BFF8AB4620460CA901F058F894F8EE3014
:105EE00084F8EEA0432B20D063BB9DF830300EAA7F
:105EF000022B0CD1BBF1030F24D8DDE90E012AAB34
:105F000003EBCB0343E914010BF1010BE2E7072B91
:105F100018D1032D16D892E803002AAB03EBC50372
:105F2000283B83E803000135D4E70421204601F033
:105F3000E5F8DDE916321343A8D1219B13B1209B6C
:105F4000002BA3D124202BB0BDE8F08FD9E900238A
:105F5000934267D228225A430133D9F808C0C9F8BE
:105F600004309DF80830BDF804E00CEB020B022B66
:105F70008BF80C30ABF80AE04CF80200CBF80410B8
:105F80008BF808708BF80950CBF8205011D0063BE5
:105F9000012B13D8DDE904010BF1100383E80300A2
:105FA000204602A901F044F833689BB9C6F800B056
:105FB0006CE7DDE90423CBE90423F1E7B8F1000F36
:105FC000EED05A4621463498C0470028ECD04328EA
:105FD000E6D0B8E7CBF82030E8E72046052101F00D
:105FE0008DF894F8EE0084F8EEA008B10A215BE782
:105FF00001253368002BA6D0D3E9006716AAD2E9A1
:10600000004154EA010C02F1080201D11B6AF1E7D8
:106010008F4208BFA642F2D15D72F7E70A2092E7ED
:10602000232090E71A208EE72DE9F3470E4605213D
:1060300005461746344601F000FA4FF0000ACCB985
:10604000BAF1000F10D0002F67D02846022200239B
:1060500001F096F90421284601F0EFF9002E53D102
:106060000421284601F006FA2846052101F002FA2B
:1060700000200FE0237A17B11BB9246ADFE7002B59
:10608000FBD1237B072B20D007D8022B0DD0062B6A
:106090002CD0272002B0BDE8F087642BF9D1294627
:1060A00020462369984760B1F4E7D4E900232846E5
:1060B000D4E9048901F064F942464B46284601F0D0
:1060C0005FF9637A4AEA030AD7E7D4E9002328464E
:1060D000D4E9049801F054F90321CDE9009802AB0A
:1060E00013E90C00284601F060F9EAE7D4E900233F
:1060F0002846D4E9049801F043F9CDE9009802ABB1
:10610000022113E90C00EDE7737A23B1D6E90023ED
:10611000284601F035F9366AA0E72820BAE70021C1
:1061200030B500B930BD447AD0E9003234B15D1EDB
:1061300042F1FF34062D74F100040AD2053B42F10E
:10614000FF32022B72F1000201D221B90121006A53
:10615000E7E71B20E6E72220E4E72DE9F0471F46AA
:10616000002388B0129CADF814101646DDE9109893
:10617000224601210793054600F0E3FF63680DF115
:106180001C0A8BB9284600F0F4FF3346002228464B
:10619000CDE9019A05990097FFF763FE044680B1A7
:1061A000204608B0BDE8F087334601222846CDE9F5
:1061B000019A05990097FFF754FE04460028E1D0A4
:1061C000EEE795F8EE4034B10A21204608B0BDE86C
:1061D000F047FFF7FABA079D2846FFF72AFE58B99D
:1061E000D8F8003013B9C8F80050D9E71A461B6A2E
:1061F000002BFBD11562D3E72224D1E72DE9F3412F
:10620000054608460E461746FFF713FE044670BBC8
:10621000B046B8F1000F13D1CCB9CDE9004402ABC0
:10622000022113E90C00284601F0BFF8C7E9004439
:1062300000223146284602B0BDE8F041FFF7F4BE27
:1062400098F80830D8F820801C43E4B2E1E7022136
:10625000284601F0F2F8012231462846FFF7E4FE15
:1062600030B93A464146284601F00DF9E0E72220D0
:1062700002B0BDE8F08110B500B910BDD0E9004111
:10628000994208BF9442F8D0006AF5E710B50122A0
:1062900000230C46FFF7EFFF80B1037B022B0ED1EA
:1062A000D0E9043253EA020109D06FF000418B4279
:1062B00072F1000203DA027A1846227010BD002043
:1062C000FCE710B50422044600230846FFF7D3FF7D
:1062D00040B1037B062B05D1D0E9040184E803001B
:1062E000204610BD0023C4E90033F9E7F8B50D4698
:1062F00004461C220021284607F042FD05F1140641
:1063000005F10C0705F1040C0CB92046F8BDD4E9E1
:106310000032013B42F1FF32062B72F100020DD236
:10632000052B0BD8DFE803F00C0A0A031D27237B9B
:10633000062B2ED1D4E904018CE80300246AE3E79C
:10634000237B022B25D1237AFBB1D4E9043253EA13
:1063500002011CD0B3F1004F72F1000217DA2B607A
:10636000ECE7237B062B14D16B69A3B9D4E90401B4
:1063700087E80300E2E7237B062B0AD1EB6853B9D9
:10638000D4E9040186E80300D8E72320BEE71E20F5
:10639000BCE70A20BAE72220B8E74BF20F03828954
:1063A0009A4205D1D0E90103834201D8C01A70474F
:1063B000002070470378062B04D08068013018BF96
:1063C0000120704701207047D0F8C42008B58AB179
:1063D000D0F8C0000378062B0CD0FFF7EBFF40B1DC
:1063E0004FF6FE73D088002818BF98420CBF0120DA
:1063F000002008BD0020FCE70378062B06D04FF6EE
:10640000FF738088C01A18BF0120704700207047B2
:10641000031F202818BF012B94BF012000207047C4
:106420004FF6FE72D0F8D430D988C0F8D0309142FF
:106430001CBF9A88DA809B68426893428ABF012316
:1064400083608373704730B585B001AC84E8070082
:106450009DF80400197820F08002000604D4188CFE
:106460004FF6FF73984207D142B914F8013F9942A1
:1064700016D00132042AF8D13D2012E0002302A8F0
:1064800010F8015FA9420BD00133042BF8D1012A87
:10649000F2D014F8012F914202D0013BF9D1EBE781
:1064A000002005B030BD00002DE9F04F0C46074636
:1064B00000218BB090462046282207F061FC012184
:1064C000384601F0F9F8F0B190F8009009F01F0A91
:1064D000AAF11803032B28D80025704B534413F856
:1064E00018BC2B46BBF1000F0FD1BE7B002E40F035
:1064F000C9804FEA69118A1E052A1ED8DFE802F01A
:10650000333382828F968146E0E71E0201213846AE
:1065100046EA15662D0201F0CFF800B10078451962
:1065200046F100030BF1FF3BDCE7AAF11C03022B51
:1065300040F2A68055460023D7E7BAF11F0F00F0BE
:10654000A78041B9002BC4E9025301DB022300E01C
:106550000323237013E0002BC0F29680ED43DB434E
:10656000C4E90253F2E70431BAF11F0F4FF00009FA
:10657000217008D14FF0FF33C4F80890E360304633
:106580000BB0BDE8F08F6FF00402AA4279EB030371
:1065900036D33846294601F08FF80746002871D0D7
:1065A000B8F1000F29D00DF1100A2B464A4650468B
:1065B000D8F804B0D8F80010D847049BDBB19AE8AB
:1065C00003000DF1180C8CE803003846CDE9027584
:1065D000039908AD8DE803004B469CE80600284669
:1065E00000F0BEFF95E8030004F1080383E8030010
:1065F00001232371C3E72E26C1E7C4E90205BEE7E4
:106600002B26BCE7BAF11F0F4FF6FF7204D095425C
:1066100073F100033AD2AAB222812170AFE7BAF136
:106620001F0F35D0C4E90253FE2392E7AAF11402EA
:1066300084F800A00B2A1FD801A151F822F000BF56
:106640007F65040C7F65040C7F65040C7F65040C7A
:106650007166040C9566040C9566040C9566040C32
:106660007966040C7966040C7966040C7F65040C69
:10667000202D73F100030FD30D23257223707EE7C5
:1066800016267CE71F267AE7402678E72A2676E753
:10669000182674E74D2672E7142670E7046C060C82
:1066A0002DE9F04F06464FF0000B97B00D4608223B
:1066B000FF2106A807F064FB06F1D8030393D6F880
:1066C000DC3003B396F8ED30DDF80C80002B14BFFE
:1066D0004246002229463046FFF7E6FE044670B9DE
:1066E0002B780293063B012B24D8EB6801330DD0A5
:1066F000082206A905F1200007F01DFB5C46204694
:1067000017B0BDE8F08F98461A46E3E7B8F1000FDE
:1067100074D082468146002230460CA9FFF7C4FEA1
:10672000002867D19DF830301F2B35D10123C5E9F2
:10673000029A2B712B78FE2BDAD14FF6FF73BDF83E
:106740001E204FF03C0B9A42B9D1062206A90DF14A
:106750001A0007F0A7FAD5E902214FF6FB739A4217
:1067600071F1000348D3002306F1E80050F808CF88
:106770004768B7F1FF3F08BFBCF1FF3F40D0B942C7
:1067800008BF62453CD00133042BEFD100233C24E9
:10679000A346ADF8183092E7029A9A4229D10F9B8E
:1067A0005A1C26D0002BB6D053444A46D8F80010C5
:1067B000D8F804700AA8B8470A9B63B92E24B9F127
:1067C000000F9CD000234A46D8F80450D8F8001097
:1067D00004A8A84793E70EAB93E803008DE80300F5
:1067E0000AAA534606CA08A800F0BAFEDDE9089ACC
:1067F00091E71E200446E2E793B2C9E72D247EE725
:1068000003F11E0006EBC007053B46F830209BB2A3
:106810007960BDE72DE9F04104460D468AB000F1EC
:106820001006D4F8D010B14224D00B78062B21D01A
:106830000846FFF7E1FD0746B8B92046FFF7ADFD72
:10684000C0B13A4669462046D4F80880FFF72CFECE
:1068500088B99DF800301F2B10D0636898458ABF17
:106860000123C4F80880A37304E0CB88013B9BB2EA
:10687000CB801BB100200AB0BDE8F081D4F8D02055
:106880001046FFF797FD20B1002DF3D00023D380F1
:10689000F0E70C3AC4F8D020C3E700002DE9F84F28
:1068A00006460C46FFF779FD002800F0958006F1BA
:1068B00010084046FFF788FD002840F08D803046E4
:1068C000FFF7EEFE0546002854D127781F2F28D069
:1068D00096F8EC30022B41D0D6F8D0301B78052B3F
:1068E0001FD1D4E902AB2146304694F80490FFF75B
:1068F000D7FEA0F11E03DBB21D2B05463FD9072FA3
:1069000084F8059003D1C4E906AB677009E096F8F6
:10691000EC30012B20D0022F1AD10223C4E906ABA0
:10692000637027781F2F5BD0D6F8D0202E49A2EBBA
:1069300008039B104B433846A370FFF769FD08BB63
:1069400001213046FFF766FF002835D0054616E0E6
:10695000032FD8D0062FD6D02F2510E0052FE0D159
:10696000B4F908202389002A38DB20225B0022703A
:106970002381D6E7A0F11E03DBB21D2BD1D8284618
:10698000BDE8F88F21890029DAD006F1C4039A42C4
:1069900028D202F10C03C6F8D0304FF0FF33177342
:1069A0005182118253612078FFF732FD0028C7D051
:1069B0004FF6FF739942C3D04046FFF705FD10B173
:1069C0000023E370DBE7D6F8D000074BA0EB08000C
:1069D00080105843E070D2E74325D0E72A25CEE760
:1069E0002025CCE72925CAE7ABAAAAAA70B50B785F
:1069F0000646042B0C4694B003D02C23184614B042
:106A000070BD8D786946FFF749FF03460028F5D130
:106A10009DF802300135AB42EFD19DF80030022BDA
:106A2000EBD1DDE902233046C4E902230AA900F0D4
:106A300021F803460028E1D19DF82A20AA42DCD1A2
:106A40009DF82820022A227009D1DDE90C01C4E951
:106A500004019DF82B20AA42CFD0E270CEE7093A7C
:106A6000012ACAD8DDE90C0104F1100282E8030012
:106A7000EFE700002DE9F84307460C46FFF70EFF4D
:106A80000546A8B94FF6FF78DFF8E490268C464516
:106A90000ED0012E1AD12378032B66D003D8022BF7
:106AA00009D0302504E01A3B012B94BF4B2530253B
:106AB0002846BDE8F8830C232370638C2384A38CC1
:106AC0006384E38CA4F82680A384DFE7642E09D1D5
:106AD0002378022B04D0032B14BF30254125E7E790
:106AE0004E23E9E7331F012B12D821463846FFF722
:106AF0007DFF042E14BF11230E232278022A1EBF0D
:106B0000083A9B18DBB223700028D6D00546CFE7A1
:106B1000242E03D040F201139E4208D12378072B84
:106B200001D13023C8E7062BBBD14C23C4E74FF675
:106B3000FA739E42BCD8002339F823109A004145CD
:106B400001D08E4204D14A4493781BB91D46AFE769
:106B50000133F1E713F0800F14BF062207222178DA
:106B600091429ED103F07F03A6E74125A0E700BF35
:106B7000086C060C436810B5994284BF01238373E7
:106B8000D0F8D43098BF81600C3B0021C0F8D030E1
:106B90000446FFF73FFE024690B904F11001D4F815
:106BA000D4308B4208D00C3BD4F8D000C4F8D43099
:106BB000FFF700FC0028F2D04FF0FF33C4F8E830B4
:106BC000104610BDF0B504460F461E4685B013B101
:106BD0000023C6E9003394F8EE5015BB8DF804206D
:106BE000214A9369CDF80530D36904AACDF809305C
:106BF00012E907003B46FFF726FC054680BBD4F8A8
:106C0000D0201046FFF7F8FB10B1D3880133D380B2
:106C10001EB1D7E9020186E803006368191D03D994
:106C20002825284605B0F0BD2168B8680029F7D0AE
:106C30008842F5D3401A8342F2D9F9680144C4E985
:106C4000011004F1C4018A420CD2062602F10C01A3
:106C5000C4F8D010C2E904301673C4F8D410E0E7C9
:106C60003D25DEE72925DCE7386C060C37B502AD9B
:106C700005E906004FF48C72002104461D4607F01A
:106C80007FF80023A360A3734BF20F03A381009B43
:106C900006222360019B84F8EC5063602346FF21A9
:106CA00003F8102F202204F1F000C4F8D03003B014
:106CB000BDE8304007F064B810B50C46FFF7DAFEC7
:106CC00008B10023238010BD70B50C4606468AB07B
:106CD00020781546C978FFF79BFB90B1A3788B42CB
:106CE0000FD269463046FFF7E7FFA0F11E02D2B28D
:106CF0001D2A08D9432806D09DF80310E3788B425B
:106D0000EFD9002029700AB070BD00002DE9F04FC6
:106D100090F8EE40D9B005468B4602920593002CC0
:106D20005BD1D0F8D46016B13378052B04D09BF832
:106D30000130002B40F0E5804FF6FE73F2889A4256
:106D400048D005F110042146341B00263746C822DE
:106D500026A806F0F0FF2846FFF762FB754BA4104B
:106D60005C43E3B203930DF12009AB684946284622
:106D70000493FFF77FFEA0F11E03DBB21D2B044638
:106D800018D9432816D04FF00008DA46CDF8048011
:106D90009AF8013043BB019B002B00F097800DF166
:106DA0001F08424649462846FFF78EFF0446002842
:106DB00000F09880C82226A905F1100006F0BBFF5C
:106DC0005B4600215A78002A40F09F80204659B047
:106DD000BDE8F08F9BF8013013B100263746EFE78E
:106DE000B368C5F8E830F8E799F801E0D9E9060298
:106DF000AEF1020E0092DAE906C1BEF1050F2CD801
:106E0000DFE80EF003322B2B301A022B25D1009B2A
:106E1000994208BF844520D1C8F1200107FA01F149
:106E2000A8F1200226FA08F30B4327FA02F21343D3
:106E3000D9071BD53E24BDE7072B0ED1009B0DF1D2
:106E4000600E199318900B46CDE922C19EE803000D
:106E5000624600F0A0FB0028DED008F101080AF12C
:106E6000280A95E7062BE8E7032BCFE7002CA1D1F2
:106E700099F800209AF80030934203D0012A01D0FB
:106E8000012B3CD1D446CE46BEE80F00ACE80F0043
:106E9000BEE80F00ACE80F009EE80300029B8CE800
:106EA00003007BB90122A8F12003C8F1200122FAD6
:106EB00001F102FA03F30B4302FA08F10E431F43F8
:106EC0000192CAE7029B049A1A60EBE7629B002BCF
:106ED0003FF465AF494605989847044600283FF4BB
:106EE0005EAF67E798F80030039A9342BFF43DAF76
:106EF000AB681A1D8CBF2824C5F8E8305AE73D243A
:106F000058E70026472437465AE7C1F12005A1F18A
:106F1000200026FA01F207FA05F52A4327FA00F0C5
:106F2000024312F0010204BF1A705A700131283373
:106F300048E700BFABAAAAAAF0B504460E46B7B010
:106F400000F110073946C82204A806F0F4FE94E8C0
:106F50000F008DE80F0031462046FFF7ADFE0646D4
:106F600004A9C822384606F0E6FE9DE80F0084E832
:106F70000F00304637B0F0BD10B590F8EE30044643
:106F80001BB9FFF7D9FF84F8EE0010BD10B590F8DB
:106F9000EE3004461BB9FFF78FFE84F8EE0010BDFB
:106FA00008B509B183680B6090F8EE1051B9D0F8BC
:106FB000D02000F110039A4206D1FFF7EEF9002825
:106FC00018BF1521084608BD1721FBE737B5D0F8D3
:106FD000DC5004462DB10023D0F8D8101A4668467C
:106FE000A8470021204603B0BDE83040FFF7D8BFD6
:106FF00010B50B780446BBB1032A15D84FF6FA73C7
:10700000103231F81200984201D8002110BD4FF61D
:10701000FF73984208D0A0F57F43DD3B04EBC30229
:1070200054F833005168F1E74FF0FF300146EDE7C7
:1070300038B504460D46FFF7A9FF94F8EE3033B992
:1070400029462046EA1CFFF73FFE84F8EE0038BDD3
:107050002DE9F04190F8EE3006460D4614468AB010
:10706000002B44D16946FFF727FE074600283CD194
:107070009DF80030AB423FD108A9082206F5887080
:1070800006F059FE9DF803809DF80210884511D83E
:10709000D6F8D0201046FFF7AFF910B1D3880133EE
:1070A000D38006F1C4039A423EBF02F10C03C6F836
:1070B000D03015734FF0FF33B268C6F8E830131DB7
:1070C00018D8D6F8D0308845C6F8D4309A6002D89F
:1070D0004FF6FE72DA8044B16D460FCD0FC40FCD6E
:1070E0000FC495E8030084E8030086F8EE700AB048
:1070F000BDE8F0812827EEE73D27F6E710B590F8C8
:10710000EE3004468CB0C3B9D0F8D420BAB11278AE
:107110008A4214D1D0F8E820013207D11A460093F0
:1071200002A98DF80930FFF7F1FD20B92046D4F807
:10713000E810FFF71FFD84F8EE000CB010BD4220F0
:10714000F9E770B590F8EE3004460D4616468AB061
:107150006BB96946FFF7B0FD84F8EE0038B93346E5
:107160002A4669462046FFF72DFD84F8EE000AB056
:1071700070BD10B590F8EE30044663B9D0F8D43045
:1071800053B11A78062A07D15B6841684360FFF75C
:10719000F1FC84F8EE0010BD422384F8EE30FAE7EB
:1071A000F0B58FB001AD85E80E0090F8EE300646E0
:1071B000149F33B904A9FFF77FFD044618B186F880
:1071C000EE000FB0F0BD95E8070004ABFFF73BF908
:1071D00086F8EE0020B9DDE9060187E80300F0E754
:1071E000C7E90044EDE7027C10B55AB9D0F89440E5
:1071F000A388C3F57F41FE310129D2BF06220133A6
:10720000A380027410BD37B50446CDE90012982260
:10721000002106F0B5FDDDE90012204600F0E9F995
:1072200004F11403C4F894300423A37603B030BDF2
:107230002DE9F74302AC04E90600DDE90C290199C8
:107240009DF82850092939D90099802B01F10901AD
:107250000ED90C461F2283F08003651E02EB4312F9
:1072600004F8012C491BC0E9005103B0BDE8F083CC
:10727000182A79F1000402D20DB90C46EDE70C464C
:107280000026DFF840E052EA090704D1002D02DCB5
:1072900006F11702E1E7A4461EF8017BA4EB0C08F7
:1072A000474503DCE41BED1B0136ECE70CF8012D30
:1072B000120A42EA09624FEA1929EFE70025294636
:1072C000D1E700BF786C060C10B58EB004460BA851
:1072D00005900A20CDE902239DF8403006900093E6
:1072E00007A80B460A220599FFF7A2FF03C809AABF
:1072F00082E80300A368204606CA00F08AF90EB0AF
:1073000010BD10B5037C3BB9D0F8942000F11404F3
:10731000A24203D107230374012010BD92798A424F
:1073200001D00523F7E71846F7E770B58CB004469F
:107330001646FFF7E6FF08BB09AB05930A230C29A5
:1073400006934FF00A0214BF0B460223CDE90260F8
:107350000599009007A8FFF76BFF90E80600D4F8A6
:10736000943020461B6800F054F9D4F8943004F1AE
:107370001402934284BF083BC4F894300CB070BD33
:1073800013B504460020002BA8BF01460090B8BFEB
:10739000D2432046BCBFDB430121FFF795FF2046C7
:1073A00002B0BDE81040FFF71EBF70B586B002AE58
:1073B000092905460C4686E80C000FD196E8030023
:1073C00004AA82E80300AB68284606CA00F021F947
:1073D000284606B0BDE87040FFF705BF00230B2923
:1073E00008BF0221039A0093FFF76EFF0B2CE5D133
:1073F000EEE707B5002100910621FFF765FF03B016
:107400005DF804FB37B50446007C58B9B2F11805A5
:1074100043F1FF30082D70F1000003D202232374E2
:1074200003B030BD204600910721FFF74DFF2046F5
:1074300003B0BDE83040FFF7D6BE38B50D46FFF7C4
:10744000D2FE8168044611F1660F11D8D0F894205D
:1074500000F18C039A421DBF02F10803C0F894307A
:10746000002304231EBF938191609573237438BD5C
:107470000323FBE7D0F894309A889B79052B08BF4B
:107480005208FFF752BF2DE9F3411646D0F8943069
:10749000D0F808801C680F46A8EB040202210546BC
:1074A000FFF743FF8EB11FB9AB68A4EB08041C447F
:1074B0002946684600F0EEF8019B9C4208D8009AE5
:1074C0001B1B02B12244C6E9002302B0BDE8F081D3
:1074D00000231A46F7E710B4D0E901341B1B0ED085
:1074E000026802B12244C1E90023D0F894309B79AC
:1074F0000C2B06D109235DF8044B037470471A4620
:10750000F1E70C215DF8044BFFF797BF38B504464F
:107510000D4600F0ABF8A37B33B92A462046BDE800
:1075200038400C21FFF701BF38BD73B5827B0C4694
:107530000AB101220274057C6DB9D0F8941000F1F3
:10754000140291420AD10146684600F0A3F8DDE931
:10755000000184E80300284602B070BD0825FAE760
:10756000F7B59342064602A81C4600E906000FD86C
:10757000099FD31ABB420BD30D463A4628190899E6
:1075800006F0D9FB3C443046C6E9005403B0F0BDD8
:1075900000252C46F7E784B00DF1100C0CE9030030
:1075A000CDE90023039A934204D807D3009904B08D
:1075B00006F068BB4FF0FF3004B070470120FBE7D6
:1075C00037B502AB03E90300084671B1009B73B104
:1075D0005C181946A142084602D34FF0FF3004E080
:1075E000057801319542F5D0C01A03B030BD184678
:1075F000FBE782B0CDE9001240F60F3103468181EE
:10760000002181608173DDE9000183E8050002B09B
:107610007047F7B5044602A800E90600A27B32B91C
:1076200040F60F32A189914203D00123A37303B026
:10763000F0BDD4E901128A42F7D8019E891AB142FD
:10764000F3D39A42F1D3256865B11D44009F2946C2
:10765000D21AA81906F026FB27B132463946284629
:1076600006F020FBA3683344A360E0E7837B83B983
:1076700040F60F3382899A4202D001238373704708
:10768000D0E901239342F8D8D21A9142F5D80B449D
:10769000836070478B7B23B100231A46C0E9003218
:1076A000704740F60F338A899A4202D001238B73C8
:1076B000F2E70B688A68F1E710B5827B03466AB986
:1076C00084894BF20F00844204D1D3E90140A042E7
:1076D00098BF221A914203D901229A73002010BD4B
:1076E0009A68186810440A449A60F8E770B594B034
:1076F00040220021044603AE04A806F041FB4FF4EB
:1077000014732121174A009604A806F0A7FB8730BE
:1077100007D02346622214491448FDF713FE14B023
:1077200070BD3146402006F0B1FB054640B1014630
:107730000F4807F085FF23466B220B490D48ECE705
:10774000039B4021074A0096013B04A806F086FBF4
:107750008A3004D02346792203490748DDE72570A3
:10776000DDE700BF10F603303A21060CA221060C1B
:10777000D821060C0C22060C3A22060C10B5044641
:1077800000F0E6F8014650B1064807F059FF2346DD
:10779000BDE81040412204490448FDF7D3BD2070E4
:1077A00010BD00BF6E22060C3A21060C9722060C73
:1077B0000346022201490248FDF7B6BD44C2033028
:1077C000C822060C2DE9F04140270021ADF5DB6D04
:1077D0003A460DA8CDE9021142AE06F0D1FA03AB4C
:1077E000009332464FF4BA6339460DA806F036FBD3
:1077F00002AD0446002851D10AA8029600F0AAF86A
:1078000095E806000AA800F05FFB0446002845D171
:107810002DAD29460AA800F0A7F8044600283DD15E
:107820002B6DD9077DD51DAE01463A46304606F090
:10783000A7FA95E80300CDE9046708AC04AB84E837
:1078400003000CCBFFF7A7FE28B92B6D9A072AD4AB
:107850006FF0330422E06B68032B1DD92F6807B14A
:107860000437402B18D14FF03C082760C4F804803F
:10787000002294E80300FFF7A3FE01300CD11EABF9
:10788000C4E90038CDE9067894E8030006AB0CCBD8
:10789000FFF781FE0028D8D06FF0320420460DF5A6
:1078A000DB6DBDE8F0815F073ED5DC063FD55806AD
:1078B00040D5990641D5EB6A002B41DB06AD294640
:1078C0000AA800F031F904460028E7D12B68002B04
:1078D00039DBE3D0014632460AA800F057F9A8BBCD
:1078E000B36A9A0702D46FF06504D7E71F0702D482
:1078F0006FF06904D2E7980602D46FF06B04CDE70D
:107900002B68012BCAD9324601210AA800F03EF9A2
:10791000E0B9B36A9907E6D51A07E9D59B06BDD445
:10792000EBE76FF03104B9E76FF03504B6E76FF0BD
:107930003904B3E76FF03B04B0E76FF03D04ADE707
:107940006FF03E04AAE76FF00404A7E70446A5E73A
:10795000FFF738BF10B50C220021044606F010FADC
:107960001023237210BD000070B50C46ADF5567D96
:10797000064654220021204606F002FA4FF0FF335B
:10798000604A46ADCDE946234FF0FF335E4AC5E974
:107990000C234FF0FF335D4AC5E918234FF0FF3346
:1079A0005B4AC5E924234FF0FF335A4AC5E9302327
:1079B0004FF0FF33584AC5E93C234FF0FF33574A95
:1079C000C5E948234FF0FF33554AC5E954234FF02A
:1079D000FF33544AC5E9602300230022C5E984230C
:1079E000337A002B40F0898096E806006846FFF75E
:1079F0003DF92946684600F093F9034600287CD1FA
:107A00002A7A062A08D14AAA92E80300226D84E85D
:107A1000030042F00102226595F83820062A09D1B8
:107A200004F1080256A903C982E80300226D42F05E
:107A30000202226595F86820062A09D104F1100295
:107A400062A903C982E80300226D42F004022265A4
:107A500095F89820072A09D104F118026EA903C9E4
:107A600082E80300226D42F00802226595F8C820E2
:107A7000062A09D104F120027AA903C982E8030089
:107A8000226D42F01002226595F8F820022A06D1F4
:107A9000D5F80021E262226D42F02002226595F8BD
:107AA0002821022A0DD1D5E94C206FF00101914225
:107AB0004FF000018141A1BFA262226D42F040025D
:107AC000226595F85821072A09D1DDE99E0104F1C4
:107AD000300282E80300226D42F08002226595F8B0
:107AE0008821072A09D1DDE9AA0104F1380282E8D8
:107AF0000300226D42F48072226518460DF5567D12
:107B000070BD00BF00DBFEFFFFDAFEFF04DBFEFFFF
:107B100003DBFEFF05DBFEFF07DBFEFF06DBFEFFF0
:107B200008DBFEFFFEDAFEFFF0B5057A04460E46DE
:107B30008DB0C5B902AF00970423D0E90001114A06
:107B400000F090F9B0B111281AD10097022394E8FF
:107B500003000D4A00F086F940B9049B059A013BE9
:107B6000134305D1356028460DB0F0BD112807D16B
:107B70001225F8E7BDF81030002BF9D03360F2E79A
:107B80000546F0E702DBFEFF01DBFEFF2DE9F043D7
:107B90000646007A0D461446E7B0D8B996E80600C6
:107BA000034602AE20A8FFF761F832464D4920A8EF
:107BB00000F00AF970B99DF80830042B40F08D8070
:107BC0009DF80B600CAF394620A8FFF775F8024608
:107BD00018B1052067B0BDE8F083FB78B3427ED9C9
:107BE000002D71D13B78052B6CD129462C222046E3
:107BF00006F0C6F816AD04F1200818AE294620A8F4
:107C0000FFF75AF80028E4D16B78022B1AD1D5E996
:107C10000632013B42F1FF32062B72F1000211D213
:107C2000052B0FD8DFE803F0031C0E2936432B7811
:107C3000072B52D196E80300A36A84E8030043F0BF
:107C40000103A3620DF104094A46294620A800F069
:107C50004BF80028BDD1FA78019B9A42CED9B9E7FA
:107C60002B78062B39D196E8030004F1080383E84A
:107C70000300A36A43F00203E3E72B78072B2CD120
:107C800096E8030004F1100383E80300A36A43F0BD
:107C90000803D6E72B78062B1FD196E8030004F1E2
:107CA000180383E80300A36A43F02003C9E72B7895
:107CB000072B12D196E80300A36A88E8030043F07B
:107CC0004003BEE7062085E7394620A8013D00F0C5
:107CD0000BF800283FF477AF7BE707207AE7112005
:107CE00078E700BF02DBFEFF70B50B780646043B69
:107CF000012B0D4614468AB00ED869463046FEF771
:107D0000DBFF38B99DF80330EA789A42F5D904B11F
:107D1000236000200AB070BD002AFAD0CB78F7E7C4
:107D20002DE9F04701F1300906464B4600208CB0A2
:107D3000303353E918210A4313D1304602A9FEF724
:107D4000BBFF9DF80880B8F1050F3AD19DF80B30C4
:107D50009DF80AA00193019B534505D84FF00008F8
:107D600012E003F8580CE3E7304602A9FEF7A4FF3F
:107D700050B99DF80930022B0AD0304601AA02A959
:107D8000FFF7B2FF0028E6D040460CB0BDE8F08710
:107D90004F46DDE908CE57E90C2352EA0301ECD047
:107DA0009E4508BF94450AD1A7F1280402AD0FCD26
:107DB0000FC40FCD0FC495E8030084E803003037EB
:107DC000E9E74FF00608DFE7F0B58BB00E466946ED
:107DD00005461446FEF770FF9DF80030052B1FD1B5
:107DE000F71721462846FEF767FF10B105200BB0B4
:107DF000F0BD6378022B05D1D4E90623BB4208BF4E
:107E0000B242F4D0002221462846FFF76DFF002839
:107E1000ECD1E2789DF803309A42E2D21120E6E7F5
:107E20000620E4E770B5CB1798B0CDE900131446EF
:107E3000002300226946CDE90C23FFF771FF0646B7
:107E400058B99DF808305BB102AD0FCD0FC40FCD0E
:107E50000FC495E8030084E80300304618B070BDF5
:107E60001126FAE770B5D2B016461D46CDE90001DD
:107E700030B3DDE9001200230CA802ACFEF7F6FED9
:107E8000314622460CA8FFF7CDFF064640B90CA8A4
:107E9000FFF79CF8064630B1082814BF05260626D1
:107EA000304652B070BD2378AB420BD10FCC569DFB
:107EB0000FC50FCC0FC594E8030085E80300EFE77A
:107EC0000A26EDE70726EBE730B5EFB002AD044632
:107ED00085E8060004A8002119F0BBFB0BA3D3E939
:107EE000002304A819F0D8FB0023009304A823461C
:107EF00095E8060019F0D6FB30288EBF0320024B10
:107F0000185C20726FB030BD7C6C060C5D81FF7F09
:107F10000000000001464FF0082001F097BF00006C
:107F20000146014801F092BF0901000801460148DD
:107F300001F08CBF090300080146014801F086BF2B
:107F40000902000810B5044602F0CCFD003818BF45
:107F50000120207010BD02F025BD00000346142250
:107F60004FF41050014900F06DBB00BF00414004C8
:107F700003460C224FF41050014900F063BB00BFD0
:107F80000041400407B580230090044A4FF410508C
:107F9000034900F059FD03B05DF804FBCD6C060CFD
:107FA0000041400407B580230090044A4FF410506C
:107FB000034900F049FD03B05DF804FBCD6C060CED
:107FC0000044400407B580230090044A4FF4105049
:107FD000034900F039FD03B05DF804FBCD6C060CDD
:107FE0000012C00407B54FF480730090044A4FF4A8
:107FF0001050044900F028FD03B05DF804FB00BFF9
:10800000AD6C060C0010C00407B580230090044A34
:108010004FF41050034900F017FD03B05DF804FB66
:10802000CD6C060C0010C00407B580230090044AF4
:108030004FF41050034900F007FD03B05DF804FB56
:10804000CD6C060C0011C00407B580230090044AD3
:108050004FF41050034900F0F7FC03B05DF804FB47
:10806000CD6C060C0040400410B50446024807F0F1
:10807000E7FA0023237010BD9A23060C0246002164
:10808000014802F033BB00BF090600060146014863
:1080900002F0C4B9090700060146014802F0D0B851
:1080A000000200070146014802F0CAB809030007B0
:1080B0000146014801F042BE0000020930B501232B
:1080C000102585B00446CDE90053029080234FF47B
:1080D0001050084A084901F091F900234FF410505C
:1080E000CDE90053034A80230349029401F086F945
:1080F00005B030BDCD6C060C000148051FB510233E
:1081000001220290CDE900324FF410508023034A3F
:10811000034901F073F905B05DF804FBCD6C060C62
:108120000002500530B50123102585B00446CDE985
:108130000053029080234FF41050084A084901F080
:108140005DF900234FF41050CDE90053034A80231A
:108150000349029401F052F905B030BDCD6C060C14
:108160000001500501F04ABD01F00EBD03464FF479
:1081700080720249024801F031B800BFAD6C060CB4
:1081800008008003034680220149024801F026B816
:10819000CD6C060C09008003024602494FF488505A
:1081A00000F0C2BF050080030146014800F036BF61
:1081B000090000020146014800F030BF080000023B
:1081C0000146014800F016BF0500000203461022D8
:1081D0004FF48850014900F0AFBE00BF0011C00449
:1081E000034610224FF41050014900F0A5BE00BF15
:1081F0000900800301F094BC01464FF4105000F0D8
:1082000075B9000070B50446214A8CB002AB02F18A
:1082100010061D4610685168083203C5B2422B464D
:10822000F7D1182200210DEB020005F0A9FD012372
:1082300008934FF410531022ADF8183002A901AB87
:1082400006A805F099FE40B1234640F206221149E6
:108250001148FDF777F80CB070BD042240F2D170E0
:108260000DEB020105F0DBFD883005D0234640F21E
:108270000F2208490948ECE7019805F0A9FE0028FB
:10828000E9D0234640F2162202490548E1E700BF43
:108290007D24060CBE23060C1824060C2D24060C87
:1082A0006624060C0346252201490248FDF73CB826
:1082B0005CC203308D24060C10B504461822002140
:1082C00005F05EFD204610BD0368D90444BF43F4A9
:1082D000806303609A0444BF43F400630360704703
:1082E00003463038C0B209280DD9A3F16102052A2E
:1082F00002D8573BD8B27047A3F14102052A01D8F2
:10830000373BF7E70020704770B505461446114427
:108310008C4205F1020500D170BD15F8020CFFF783
:10832000DFFF064615F8010CFFF7DAFF00EB061039
:1083300004F8010BECE700002DE9F0414FF00008D4
:1083400098B004460F461546414616220DF10A0024
:108350001E46CDF8008005F013FD4FF4884308A8B1
:108360000893CDF80480FFF7AFFF089B21460493E4
:10837000364B102205934FF4105302A8ADF8083085
:108380006B4605F0F9FD014658B1314807F058F940
:108390006FF08304009805F01BFE204618B0BDE87E
:1083A000F0814FF0082101A806F088FD044620B1B5
:1083B0000146284807F044F9ECE72A2101A806F015
:1083C000A1FD044638B10146234807F039F901A858
:1083D00006F07AFCDEE740F20111009A01A806F0EF
:1083E0004FFC044610B101461C48EEE720233A46F4
:1083F00040F2012101A806F0A5FD044610B1014696
:108400001748E2E765B15EB131232A4640F2062102
:1084100001A806F097FD044610B101461148D4E7C3
:108420002A2208A901A806F007FC044610B101465B
:108430000D48CAE72A221E9908A805F023FC002847
:10844000C5D00A4807F0FCF8C1E700BF0002C0032E
:10845000CF2E060CEF2E060C132F060C332F060C16
:10846000512F060C712F060C932F060CBC2F060CF7
:108470002DE9FF478C461446451E02EB410E74451C
:1084800005D1002302F81C3004B0BDE8F087E946AE
:108490006F4615F8016F144B360903F11008CA46F0
:1084A000186859680833AAE803004345D146F6D155
:1084B00006F110030DEB030616F8103C0A4E23706C
:1084C0002B7803F00F03B946306871680836A9E8C5
:1084D000030046454F46F6D110336B4413F8103C69
:1084E000023404F8013CCAE7D72F060C0023F0B58C
:1084F00005460C4699B00193474B04AA03F11007B7
:10850000164618685968083303C6BB423246F7D18D
:108510001022002108A805F033FC00230CA80293C8
:10852000FFF7CAFE12A8FFF7C7FE012303A80393B3
:10853000FFF7CAFE1022039B0DEB02010E930CA85D
:1085400001ABADF8305005F017FD38B1234651228C
:1085500032493348FCF7F6FE19B0F0BD019812A974
:1085600005F054FD20B1234657222C492D48F1E750
:10857000BDF84A30802B04D023465C2227492A4884
:10858000E8E7BDF84830AB4204D0234661222349D6
:108590002648DFE712A806F025FD1022019802AB5D
:1085A00008A905F055FD20B123466D221B4920483E
:1085B000D0E7029B102B04D02346722217491D4896
:1085C000C8E708AB04AA13F8015B12F8011B8D423F
:1085D00004D02346792211491748BBE701301028FF
:1085E000F1D1019805F0F4FC054620B12346802224
:1085F0000A491248AEE7019812A905F007FD883034
:1086000004D02346862205490D48A3E712A806F0A8
:10861000E9FC2570A0E700BF7D24060CE82F060CBE
:108620003030060C4630060C6130060C9330060CD8
:10863000C230060CD830060C1031060C3C31060C4A
:108640005531060C2DE9F0431C46002306460F4623
:10865000ADB0CDE903330593A54B154603F1100EDC
:1086600008AA9446186859680833ACE803007345B3
:108670006246F6D106F4E043B3F5005F09BF4FF060
:1086800001084FF00008C6F3022308FA03F8994BDB
:108690000CAA03F1100E9446186859680833ACE828
:1086A000030073456246F6D1934B10AA03F1100EF6
:1086B0009446186859680833ACE80300734562466D
:1086C000F6D14FF0000918682022CCF80000494686
:1086D0001CA8CDF8549005F053FB4946202224A84D
:1086E000CDF8189005F04CFB16A8FFF7E5FD3946CC
:1086F000304605F013FC40B92346A7227F49804845
:10870000FCF720FE2DB0BDE8F083B8F1100F04D0C7
:108710002346AF2279497B48F2E7182D04D9234636
:10872000B42276497848EBE74FF4407307A884F801
:1087300000900793FFF7C8FD079B4246CDE9183725
:1087400008A905AB16A8ADF8586005F015FC20B1D6
:108750002346C22269496D48D2E7059816A905F05B
:1087600055FC80B12346C82264496948FCF7EAFDFC
:10877000059805F02DFC0028C4D0234640F2B9121C
:108780005E496448BCE7BDF85A30802B04D02346CC
:10879000CD225A496048E9E7BDF85830B34204D0C9
:1087A0002346D22255495D48E0E73A46059903A899
:1087B00005F0BCFC50B18630234603D1DA224F4984
:1087C0005748D3E7DC224D495648CFE742460CA92B
:1087D00003A805F089FC80B12346E42247495248AA
:1087E000FCF7B0FD03A805F01BFD0028C0D0234610
:1087F00040F2B31241494D48B8E706AE0F2D01963D
:108800002CD84FF020082A46CDF8008024AB10A9C0
:1088100003A805F0D7FC20B12346F122374944488C
:10882000DEE7069B23B12346F92234494148D7E7C6
:108830003346424624A903A805F014FD28B1234677
:108840004FF481722D493C48CAE7069B102B35D066
:10885000234640F2071229493848C1E72023102255
:10886000009310A924AB03A805F0ACFC18B1234673
:1088700040F21312D2E7DDF81880B8F1100F03D0E0
:10888000234640F21912D0E7CDE9008628AB05F067
:108890000F0214A903A805F095FC18B123464FF464
:1088A0009272BBE7069B1BB123464FF49572BCE75F
:1088B0003346424628A903A805F0D4FC3A46059958
:1088C00004A805F059FC18B1234640F23D127AE79E
:1088D00010220CA90DEB020005F006FC90B3234614
:1088E00040F2471205491648FCF72CFD04A87AE728
:1088F0007D24060C2434060C2C7A060CE82F060C7A
:108900007231060CB131060CE131060C3030060C28
:108910004630060C6624060C6130060C9330060CBB
:108920001232060C4032060C6932060C0734060C73
:108930009D32060CC732060CFC32060C2233060CA4
:108940005733060C2027102206AE0F2D01960097F4
:108950001CAB24A90DEB020026D805F033FC28B18E
:1089600023464FF4AB7232493248BDE7069B2BB128
:1089700023464FF4AE722E492F48B5E733463A46A8
:108980001CA904A805F06EFC28B1234640F265122C
:1089900027492A48A8E7069A95423BD023464FF438
:1089A000B57223492448E1E605F00CFC28B12346C2
:1089B0004FF4BB721E49224896E7069B1BB1234623
:1089C0004FF4BE72D7E71022CDE900761CAB28A980
:1089D0000DEB020005F0F6FB18B1234640F28912B8
:1089E000C1E7069A102A03D0234640F28F12C2E74D
:1089F000334620A904A805F035FC18B1234640F2FF
:108A00009912C5E7069A1032954203D0234640F2E8
:108A10009F12C6E71CA910A805F034F900283FF4FE
:108A2000A7AE234640F2A712014906489EE600BFC2
:108A3000E82F060C7B33060CA533060CFC32060C23
:108A40009D32060CDA33060C2DE9F04FD5B0CDE996
:108A500004320023CDE90633089300F4E043B3F574
:108A6000005F80460D465E9C17D10127C0F30223AC
:108A700010F4E06F07FA03F70FD0A64A21F48073D1
:108A8000934216D002F50072914212D0A24A91424E
:108A90000FD0A2F53F4293420BD042F20403984517
:108AA00002D19E4B9D423AD09D4FBD420CBF0D2737
:108AB0000027102200210AA805F062F9994B14AE94
:108AC00003F1300C324618685968083303C2634515
:108AD0001646F7D14FF0000A4022002120A80DF5DC
:108AE000807905F04DF90EAE514650224846CDF83A
:108AF00024A005F045F93046FFF7DEFB2946404645
:108B00000DF1240B05F00AFA58B9234640F26342EE
:108B100085498648FCF716FC55B0BDE8F08F0C2758
:108B2000C7E7102F05D923464FF48D627E49804850
:108B3000F0E74FF4407384F800A030A83093FFF7BB
:108B4000C3FB309B0DF1200AC6E90235049B304679
:108B5000DA1D05995346D208A6F8008005F00CFAF4
:108B600028B123464FF48F626F497248D2E73146ED
:108B7000DAF8000005F04AFA90B1234640F27E424E
:108B800069496D48FCF7DEFBDAF8000005F020FAD1
:108B90000028C1D0234640F27C5263496748B9E7B8
:108BA0007388049A9A4205D0234640F283425E4974
:108BB0006348E7E73388434505D023464FF4916285
:108BC00059496048DEE7304606F00CFA5023CDE9FB
:108BD0000093CDF808B030232946DAF8000014AA33
:108BE00006F0E8F8064660B18636234604D14FF415
:108BF00093624D495448C5E740F29A424A49534866
:108C0000C0E7DBF8002009EB0701D21B30A805F014
:108C100092F84B46CDF810900AAAB74218D14FF0FF
:108C200040090DF1240820AECDF80880CDF804905D
:108C300000962946D8F80030DAF8000040AA06F07D
:108C4000E5F858B123464FF496623749404899E712
:108C500013F8011B013602F8011BDEE7D8F80020EB
:108C6000302A05D0234640F2B5422F49394889E7DA
:108C7000314614A805F006F8804628B1234640F294
:108C8000BC42294934487DE70146502240A805F0FE
:108C900077F84A464146304605F072F82A46DAF837
:108CA000001006A805F042FA50B18630234602D1E2
:108CB00040F2CD429DE740F2CF421B49274861E791
:108CC000274B9D4269D03A460AA906A805F00CFA3E
:108CD000002862D023464FF49B6213492148FCF7D9
:108CE00031FB06A805F09CFA00283FF44DAF23465F
:108CF00040F276520C491C4844E7D8F80030102B5B
:108D000036D0064A954233D023464FF49E62064938
:108D10001648E4E70010C00400FF4004000180048E
:108D20000013C004C135060CE82F060C7231060C86
:108D30003434060C3030060C4630060C6624060C23
:108D40006130060C9330060C1232060C6F34060CA0
:108D50009934060CC334060CDA33060C4032060C88
:108D6000004440046932060C0734060CDC34060C5F
:108D7000A9F1100919F1300F1E4413D14346C6F171
:108D800040020BEB060106A805F06CFA10B323466F
:108D900040F2FF425B495C48A1E74FF000094E46B4
:108DA0000DF5807BC6F140030DF1240814A9009352
:108DB0001022CDF804800BEB0603A1EB090106A8F5
:108DC00005F000FA002898D0234640F2E7424D49CA
:108DD0004E4884E74E4AD8F80030954207D1102B10
:108DE0000FD023464FF4A16246494A4877E743B182
:108DF000494A954205D0234640F20D524149474821
:108E00006DE703EB06094A4640A930A804F03AFF93
:108E100028B1234640F21B523A494148B2E62A465D
:108E2000DAF8001007A805F0A7F9064618B123469E
:108E300040F2235241E73B4B9D4212D03A460AA9E9
:108E400007A805F051F940B1234640F22E522D49B2
:108E50003548FCF777FA07A844E72D4EAB1B5E4276
:108E60005E4100270DF1800B23E00B46CDE9002881
:108E70000499102207A805F0A5F928B1234640F26D
:108E8000465220492948E4E7D8F8003056B9102B5B
:108E900008D0214A954205D0234640F24B52194949
:108EA0002348D6E700261F44049BA9F1100910337C
:108EB00004930BEB0701C7F14002B9F1000FD4D1C5
:108EC000434607A805F0CEF928B1234640F25B528D
:108ED0000C490D48BDE7D8F800203A44302A05D0A7
:108EE000234640F26452074912484BE6594614A8FB
:108EF00004F0C8FE00283FF447AE234640F26B5210
:108F0000BFE600BFE82F060CFC32060C9D32060CB3
:108F1000004140040535060C000180043035060C84
:108F20005E35060C004440045733060C7B33060CB8
:108F3000C732060C9335060CF0B507460D461C46A5
:108F4000002399B002A81646CDE90033FFF7B4F923
:108F50002946384604F0E2FF40B1234640F28E52E3
:108F60001F492048FCF7EEF919B0F0BD4FF44073EB
:108F700008A80893FFF7A8F9089B32464121CDE9DC
:108F80000435ADF8087004F0FBFE324601AB08A9C9
:108F900002A804F0F1FF28B1234640F29D52104987
:108FA0001148DFE72A466846019905F0BFF850B935
:108FB000234640F2A4520A490C48FCF7C3F9019831
:108FC00005F006F8D0E7019805F002F828B123462D
:108FD00040F2AC5202490648C4E72070C4E700BF23
:108FE000E82F060CF135060C3030060C3036060C36
:108FF0006624060C10B50C4604F06AFF40B1234607
:10900000BDE810404FF4B76202490348FCF79AB933
:10901000207010BDE82F060C6036060C0023F0B55A
:1090200085B005460C46039304F052FF40B9234631
:1090300040F2F4522F493048FCF784F905B0F0BDF6
:10904000294603A805F03CF948BB19222B4903A87F
:1090500005F05AF948BB2022294903A805F054F924
:1090600018BB284B9D4226D1EAB242F0007202F1B1
:109070007E42033A102A8CBF0027234B234E98BF11
:109080009F5C06EB80163A46314603A805F08CF942
:10909000E0B1234640F2126216491D48CCE7234650
:1090A00040F2FC5213491B48C6E7234640F20662D1
:1090B00010491948C0E7194B9D4205D01848854210
:1090C00014BF03200220CFE70120CDE70B4804F0B6
:1090D00029FE3346024609492846009705F0BAF9A9
:1090E00028B1234640F21C6202490E48A4E72070D2
:1090F000A4E700BFE82F060C9936060CD636060CFE
:10910000EF36060C08000002DD6C060C1C79060C1C
:109110006037060C1037060C3737060C09000002C2
:109120000A0000028A37060CF0B50D4600218FB008
:10913000074614460DF122001622CDE9011104F074
:109140001FFE214B04AA03F1100C1646186859683B
:10915000083303C663453246F7D1002323704FF42A
:10916000005303A80393FFF7AFF81022039B0DEB06
:109170000201CDE90A3508A801ABADF8207004F072
:10918000FBFE40B123464FF4C76210491048FCF77C
:10919000D9F80FB0F0BD2A46019902A805F082F96E
:1091A000863006D0234640F23F6208490948FCF762
:1091B000C9F8019804F00CFF0028EAD0234640F2D9
:1091C000466202490448E2E77D24060CE82F060CBB
:1091D0003030060CAA37060C3C31060C2DE9F04362
:1091E0000025A5B0074608A80E4690461C46CDE9C6
:1091F00005550795FFF760F80EA8FFF75DF84FF4E7
:1092000040530DF15009484625701493FFF75CF860
:10921000149B08F10702CDE90A374FF48853314611
:10922000ADF82030D20806AB08A804F0A5FE48B17E
:1092300023464FF4D2625E495E48FCF783F825B0BE
:10924000BDE8F08306980EA904F0E0FE054688B15B
:10925000234640F2966256495748FCF773F8069841
:1092600004F0B6FE0028EAD0234640F2EE625049F0
:109270005248E2E7BDF83A30984505D0234640F21F
:109280009B624B494E48E8E7BDF83830B3F5885F3C
:1092900005D023464FF4D46245494A48DDE70EA87D
:1092A00005F0A0FE2B46FEB2474A46F0007652F883
:1092B000041BB1421ED1B8F5807F18BF434A444811
:1092C00014BF02EB8318DFF83081069D04F02AFDFD
:1092D00005AA029240220346CDE90092394628466B
:1092E0003B4A05F013FD38B1234640F2B5623049E0
:1092F0003848B2E70133DAE741464846059A04F0B8
:10930000C1FC054628B1234640F2BC6228493248D8
:10931000A3E72F48DDF8189004F004FD06F17E461F
:10932000033E102E98BF2D4A034698BF955D3946DF
:109330004846CDE90085264A05F014FD28B12346AC
:1093400040F2C6621A49264887E73A46069907A8B6
:1093500005F0A8F8C8B919221D4907A805F0C8F8F2
:1093600000BB20221F4907A805F0C2F8D0B92A4641
:10937000414607A805F0DEF800283FF470AF234609
:1093800040F2E7620A49184867E78630234609BF7A
:1093900040F2CF6240F2D362054914481CBF044931
:1093A00013485AE7234640F2DD620149114854E769
:1093B000E82F060C3030060C4630060C3C31060C0B
:1093C0006130060C9330060C1C7A060C1C78060CD7
:1093D000DF37060C1938060C4B38060CDD6C060C12
:1093E0007838060CF837060CEB38060C1232060CEF
:1093F000AA38060CD038060C0078060C2DE9F04F80
:109400004FF00009ADF5217D9246B54A98469DF88A
:10941000AC3207460D46106851680B9316AB03C378
:109420009068B0491860442230A8CDE90F99AA9EEF
:10943000AC9CCDF8449004F07EFCAB4BCDE9419957
:10944000CDF80C9125AA03F1280E944618685968A6
:109450000833ACE8030073456246F6D14FF00009CB
:1094600019889B78ACF800108CF80230602200213B
:1094700058A804F085FC5022002144A804F080FC88
:109480006022002170A804F07BFC19A8CDE9129994
:10949000FEF712FF1FA8FEF70FFF07F4E04B602254
:1094A000494688A804F06CFCBBF5005F45D107F481
:1094B000E063B3F5806F40D185F0AA6383F48073D5
:1094C00033F47E1344D085F0AA6383F4007333F43D
:1094D0007E133DD0CDF82890002314930B9B002BD6
:1094E0003CD1502230A958A804F025FC6CAB0C9359
:1094F000002323704FF4407315A81593FEF7E4FE84
:1095000003680DF1640C0DF1440908F10702CDE97F
:109510001B3551464B466046D208ADF8647004F0E6
:109520002BFDE8B1234640F2357270497048FBF7D5
:1095300009FF0DF5217DBDE8F08F42F204039F4243
:109540000AD185F0052383F4801333F47E1303D10D
:10955000C5F305430A93BFE70023FBE784ABC6E7E7
:109560000DF17C0A5146D9F8000004F04FFD38B1E6
:10957000234640F23B725D495E48FBF7E3FEEAE0BA
:10958000BAF80230984505D023464FF4E8625749AF
:109590005948F2E7BAF80030BB4205D0234640F202
:1095A000457252495548E8E7504605F01BFD0B9BB4
:1095B00013BB58AB9846099360230593099B0DF1A3
:1095C000480A04935023CDE902832B23019325AB52
:1095D0000093CDF818A016AA0C232946D9F800004C
:1095E00004F0D0FF024688B18632234609D14FF4F9
:1095F000EC623E494248C0E770AB09930DF1C008E8
:10960000DAE740F2647239493E48B6E7BBF5005FDD
:109610001CD107F4E063B3F5806F17D185F0AA631E
:1096200083F4807333F47E131BD085F0AA6383F434
:10963000007333F47E1314D0DAF80030934216D05E
:10964000234640F26A7229492F4896E742F2040302
:109650009F420AD185F0052383F4801333F47E13EF
:1096600003D1C5F305425032E6E70022E4E7602A61
:1096700005D9234640F272721C4924487DE70999B6
:1096800088A804F058FB0B9B03BB4346DDF824A0DD
:1096900050224FF02B09CDE904A2129A13AFCDE965
:1096A000023225AB00930DF1440B0697CDF80490E0
:1096B0000C232946DBF8000016AA04F0B3FF48B3D8
:1096C0008630234606D14FF4F16292E70DF5887A91
:1096D00070ABDDE740F28A7204490D484DE700BFE8
:1096E000A63C060C447A060CB23C060CE82F060C8D
:1096F0003030060C4630060C6130060C9330060CF8
:109700001232060C1539060C3639060C6739060C70
:10971000A139060C3F68502F05D0234640F29172C4
:10972000A949AA4829E73A46514630A804F0AAFABE
:1097300028B123464FF4F362A349A5481DE72A4602
:10974000DBF800100FA804F0BDFFB0B186300ED1D9
:10975000A04805F075FF119804F03AFC00283FF48A
:10976000E8AE234640F6A70297499B48DFE623462A
:1097700040F2A97294499948FFE63A4649460FA833
:1097800005F00EF8E0B1964B25F47E159D420FD101
:1097900086300DD1934805F053FF0FA805F002F96C
:1097A0000028D8D0234640F2C17287498E48E4E6AB
:1097B000234640F2BD7284498C48FBF7C3FDECE7B9
:1097C0000C2216A90FA804F0C9FFD0B1884B25F4CC
:1097D0007E159D420DD186300BD1864805F030FFB5
:1097E0000FA805F0DFF80028B5D0234640F2D77265
:1097F000DBE7234640F2D37273497F48FBF7A2FDB3
:10980000EEE74A4625A90FA804F0ECFF78B17B48A3
:10981000234640F2E1726C49FBF794FD0FA805F076
:10982000C1F8002897D0234640F2E472BDE70B9BB5
:1098300023B93A4630A958A804F07DFA06F14F033F
:10984000B3FBF6F34FF0000B7343B3FBF6F3D946CB
:109850000D930DF1480A099BC9F1600203EB090160
:109860000D9B5B451BD10A9B14AF01930C9B029788
:1098700000930FA8534605F017F8A8B36048234695
:1098800040F618025049FBF75DFD0FA805F08AF875
:1098900000283FF460AF234640F61B0285E7BE4236
:1098A0000B46CDE9002A414632460FA828BF3A466A
:1098B00004F0C4FFBF1BB04480B15248234640F6B9
:1098C00005024149FBF73EFD0FA805F06BF80028A3
:1098D0003FF441AF234640F6080266E7DAF800306D
:1098E0000BF1010B9944B6E7DAF800303A6809EB5E
:1098F00003080DF508790C9909EB080004F0C2F98A
:1099000028B1234640F626022F493F4835E6424615
:109910004846099904F0B6F928B1234640F62F02CB
:1099200029493A4829E62A46119910A804F0F0FE80
:1099300028B1234640F63702234935481DE6502218
:109940002B2110A804F02CFF80B1284823464FF4A7
:1099500004621D49FBF7F6FC10A805F023F8002867
:109960003FF4F9AE234640F643021EE70C2216A947
:1099700010A804F0F3FE80B11F48234640F64B02C6
:109980001149FBF7DFFC10A805F00CF800283FF4A4
:10999000E2AE234640F64E0207E72B2225A910A887
:1099A00004F020FFB0B31548234640F6580206499C
:1099B000FBF7C8FC10A804F0F5FF00283FF4CBAE7D
:1099C000234640F65B02F0E6E82F060CC239060C8F
:1099D000DA33060CF539060C6624060C5A3A060CE6
:1099E000000140057D3A060C0734060CE03A060CEF
:1099F00000024005F63A060C573B060C6B3B060C82
:109A00008A3B060C9D32060CAE3B060CDC3B060C7A
:109A1000153C060C0B9B83BB0DF5B07A751E4544B7
:109A2000B5FBF6F54FF0000B75435F46B5FBF6F559
:109A300009990DF14C095D450AEB0700C7F1500289
:109A40001ED10A9B014601930C9B10A800934B4624
:109A500004F06AFF00283AD02D48234640F68B02D6
:109A60002C49FBF76FFC10A804F09CFF00283FF482
:109A700072AE234640F68E0297E60DF5887ACDE762
:109A800046450346CDE9002910A8324628BF424684
:109A9000099104F0D3FE0999A8EB0608314480B17E
:109AA0001D48234640F679021A49FBF74BFC10A8E3
:109AB00004F078FF00283FF44EAE234640F67C02C7
:109AC00073E6D9F800300BF1010B1F44B3E7D9F866
:109AD00000203A44502A10D01048234640F6950200
:109AE0000C49FBF72FFC10A804F05CFF00283FF4A2
:109AF00032AE234640F6980257E6514630A804F0AD
:109B0000C1F800283FF427AE23464FF40A6213E65B
:109B10004A3C060CE82F060C323C060C6D3C060C49
:109B200030B500258FB0044608A8FEF7C5FB132208
:109B3000294603A8019504F023F94FF4807302A885
:109B40000293FEF7C1FB029B13220A930B4B03A95E
:109B50000B934FF4105308A8ADF8203001AB04F07C
:109B60000BFA873008D0234640F6E702044905483F
:109B7000FBF7E8FB0FB030BD2570FBE70040400469
:109B8000E82F060CDD3C060C10B588B0044602A890
:109B9000FEF792FB049B2BB123464FF4106213494E
:109BA000134806E0059B4BB1234640F606120F49C9
:109BB000104808B0BDE81040FBF7C4BB012301A862
:109BC0000193FEF781FB019B012B03D0234640F656
:109BD0001112E4E7039B2BB123464FF412620349B1
:109BE0000548E6E7237008B010BD00BFE82F060C5B
:109BF000173D060C2E3D060C493D060C70B50025A0
:109C000092B004460CA80195FEF756FB404B029516
:109C100004AA03F11006154618685968083303C5ED
:109C2000B3422A46F7D100223A4B22701E6806F052
:109C3000FE41B1F1806F04D1002A49D101220433E1
:109C4000F4E70132D2B2072AF9D10022324933486F
:109C500005F0F6FC5AE02A46029901A804F066FADB
:109C600088B1234640F661122D492E48FBF76AFB66
:109C7000029804F0ADF9002848D0234640F67D1242
:109C80002749294840E001A804F0CAFA28B1234630
:109C900040F6671222492548E8E73246029901A8B2
:109CA00004F044FA853005D0234640F66E121C4974
:109CB0001F48DBE71022029803AB08A904F0C8F99B
:109CC0008530D5D0234640F6761215491948CDE7A0
:109CD0004FF4407308A80893FEF7F6FA089B102289
:109CE0000E934FF410530C4DADF830300DEB0201D4
:109CF00002AB0CA80F9504F03FF90028ABD0234627
:109D000040F65A1206490C48FBF71CFB12B070BD16
:109D10007D24060CE077060C004040043F3E060C14
:109D2000E82F060C7E3D060C293E060C9F3D060CD6
:109D3000C03D060CF23D060C673D060CF0B5002652
:109D400005468FB00C461822314608A8049604F048
:109D500017F825F47F03B3F1106FCDE9056608D03D
:109D6000234640F62F222E492E48FBF7EBFA0FB080
:109D7000F0BD4FF4804307A80793FEF7A5FA079BB1
:109D80002022CDE90A3547F212132749ADF82030D9
:109D90000DEB020004AB04F0EFF828B1234640F6C7
:109DA0003B221F492148E0E764222149049806AB81
:109DB00004F074F950B1234640F6452218491D4875
:109DC000FBF7C0FA049804F003F9D0E730271A4EE5
:109DD00005AB02932846069B154A04990197009605
:109DE00005F040F828B1234640F651220C491348AB
:109DF000E6E7059B202B05D0234640F6562208496E
:109E00000F48DDE73A4630460E4903F03BFF28B1E4
:109E1000234640F65E2202490B48D1E72070D1E785
:109E2000E82F060C8B3E060CBE77060CAF3E060CE8
:109E3000B8F80330CF3E060C88F80330FB3E060C22
:109E40002A3F060CEC76060C563F060C2DE9F0472F
:109E50004FF000080546CCB018220C460DA841462C
:109E6000CDF80880CDF80C8003F08AFF4146182217
:109E700013A803F085FFB5F1082F4FF010024FF043
:109E8000A501AE4807BF4FF410584FF4884AA946C1
:109E90004FF4905814BF4FF4804ADFF8089303F052
:109EA0006FFF0822A521A64803F06AFF0822A62119
:109EB000A44803F065FF0822A721A34803F060FF30
:109EC00000233FA80493CDF8FCA0FEF7FDF93F9BCB
:109ED00002AECDE90F391022334698490DA803AFE1
:109EE000ADF8348004F048F848B1234640F63E32DD
:109EF00096499748FBF726FA4CB0BDE8F08729460B
:109F000004A804F0DBFF78B1234640F644328F49C1
:109F10009048FBF717FA306804F05AF838680028C0
:109F2000EAD004F055F8E7E78B4B25F4FF7222F0F6
:109F300001029A422ED108234FF40171824A04A8EB
:109F400005F000F850B1234640F64F327F49834870
:109F5000FBF7F8F904A804F0B7FEDCE740F20111C2
:109F6000326804A804F08CFE28B1234640F657322C
:109F700076497B48ECE7082340F20121704A04A8A7
:109F800004F0E0FF00286BD023464FF436626F499F
:109F90007448DDE7744B25F0FF029A4227D108236D
:109FA00040F20221684A04A804F0CCFF28B12346FD
:109FB00040F6693265496D48CAE740F201113268DE
:109FC00004A804F05DFE18B1234640F67132CFE7D5
:109FD000082340F203215A4A04A804F0B3FF0028E2
:109FE0003ED0234640F67A3258496148B0E7B5F191
:109FF000082F2FD1202104A804F084FF28B1234684
:10A000004FF4386251495B48A2E740F201113268CF
:10A0100004A804F035FE18B1234640F68832A7E7BD
:10A02000082340F20121464A04A804F08BFF18B12E
:10A03000234640F69132AAE7082340F20621414A1E
:10A0400004A804F07FFF58B1234640F69A323F49F6
:10A0500049487DE7234640F69E323C49474877E72A
:10A060004FF480733FA83F93FEF72EF93F9B3A468B
:10A070001593434B04A91693424B13A8139304F072
:10A0800089FF28B123464FF43B6230493E485FE7E1
:10A09000B5F1082F01D020705CE7012323703B4B02
:10A0A0000DF1140C03F11005624618685968083365
:10A0B00003C2AB429446F7D1354B0DF1640C03F16A
:10A0C000200E624618685968083303C273459446E7
:10A0D000F7D1304B3FAA03F1300E94461868596807
:10A0E0000833ACE8030073456246F6D129AA9046CE
:10A0F0001B788CF80030284B03F1280E9446186822
:10A1000059680833ACE8030073456246F6D11B88F2
:10A110002248ACF8003005F093FA3123CDF80080E6
:10A120003FAA19A905A8FEF707F900283CD0234645
:10A1300040F6F12205491A480AE700BF78F80330D3
:10A1400070F8033068F8033060F80330E82F060C2D
:10A150008B3F060CA33F060C00020008C83F060C0C
:10A16000DD3F060CF13F060C000100080740060C1D
:10A170001C40060C3140060C4840060C6040060CA2
:10A1800000404004002400018140060C4E41060CB2
:10A190005F41060C8041060CB241060C9640060C4D
:10A1A000CB40060C0002C0031E4B0DF1240C62468E
:10A1B00018685968083303C2AB429446F7D11A4B6A
:10A1C00021AA03F1200C154618685968083303C505
:10A1D00063452A46F7D134AA9046144B03F1280C64
:10A1E000154618685968083303C563452A46F7D1F0
:10A1F0001B880F482B8005F023FA0023CDF8008040
:10A200001A4621A909A8FEF797F828B1234640F677
:10A210000E32084908489BE62070084805F010FAFD
:10A2200098E600BF4E41060C5F41060C947A060C7E
:10A23000DC40060CE82F060C1441060C2541060CE8
:10A2400000232DE9F04706460C46EAB00793644B1D
:10A2500007AF10AA03F1300C154618685968083387
:10A2600003C563452A46F7D11B7831222B700025A0
:10A270001DA829460DF12408089503F081FDC8F8B2
:10A2800000500AAD2846FEF717F84FF440732AA88D
:10A290002A93FEF719F8036826F0FF02C5E9023693
:10A2A000504B0DF120099A4203D0A3F580739E42D2
:10A2B00010D147F201034FF495622B8028463B46AC
:10A2C000494903F059FE78B1234640F656424749C2
:10A2D000474804E0234640F64E4244494548FBF7D0
:10A2E00031F86AB0BDE8F087284604F07BFE2946C5
:10A2F000386803F08BFE38B1234640F65D423B4997
:10A300003D48FBF71FF81FE06B88B3F5006F05D0E1
:10A31000234640F6634235493848F2E74FF48073EC
:10A320000DF1A80ACDE9010A0393CDF81090009031
:10A3300031233146386810AA04F0FEFBA8B18630FC
:10A340000DD12F4805F07CF9386803F041FE002854
:10A35000C7D0234640F6964224492A48BFE7234601
:10A3600040F66F4221492848CBE76A88D9F80010A7
:10A370000732B1EBD20F4FEAD20305D0234640F6A5
:10A3800078421A492148BCE731221DADCDE90105CB
:10A390000392CDF81080009052463146386804F0A0
:10A3A0000BFC28B123464FF4486210491848A8E72F
:10A3B000D8F80020312A05D0234640F685420B49C3
:10A3C00014489EE7294610A803F05CFC28B12346F8
:10A3D00040F68C420549104893E72070B4E700BF6F
:10A3E0002F43060C000300074472060CE82F060CEE
:10A3F0003030060CDD41060C0942060C3642060CD4
:10A400005D42060C6624060CB542060CD442060CCE
:10A41000F042060C1343060CDA33060C2DE9F04F1C
:10A420000C460021D5B01822064609A8049103F075
:10A43000A7FC994B04AD17AA03F1280C174618681E
:10A440005968083303C763453A46F7D118689B88B3
:10A450004FF04009BB80386000270DF18C084A4658
:10A460000021404603F08CFC3946412243A8059761
:10A4700003F086FC394620220FA8069703F080FCE3
:10A4800039464A4633A8079703F07AFC39462770C5
:10A490004A4633A803F074FC2022804933A803F015
:10A4A0004AFC20227E493BA803F045FC40F60143CC
:10A4B0000DF1200A5046CAF80030FDF705FFDAF822
:10A4C000003009AFC7E9023647F2121320223B8061
:10A4D00038462B4673490DF1140B03F04DFD48B17E
:10A4E000234640F63D5270497048FAF72BFF55B0AD
:10A4F000BDE8F08F4122286806AB43A903F0CEFDEA
:10A5000040B3234640F6445267496948FAF71AFFB8
:10A51000286803F05DFD2378012BE8D04FF4005349
:10A520005046CAF80030FDF7CFFEDAF8003041227D
:10A53000C7E9023644F2121338463B805D492B4688
:10A5400003F01AFD002865D0234640F68F52564985
:10A550005948CAE7069A412A05D0234640F64A528E
:10A5600051495648D2E7534943A803F08BFB28B121
:10A57000234640F651524C495148C7E7CDE9019B6B
:10A58000CDF800802D233146286817AA04F02CFA54
:10A5900058B1863014D14B4805F052F84A4640462F
:10A5A00033A9CBF8009003F0C6FB059A0DF114090E
:10A5B000402A0BD0234640F667523B494248A5E764
:10A5C000234640F65F52384940489FE7404633A94A
:10A5D00003F058FB28B1234640F66E5232493C48FE
:10A5E00094E7D9F800303146CDE9008317AA2D232E
:10A5F000286804F025FA00288AD08630234609BF4F
:10A6000040F6775240F67952274932481CBF264916
:10A6100031487BE707AB0193202316F0FF07009337
:10A6200008BF38460FAB4FF02D0218BF47F000703F
:10A6300017A903F0E1FE034650B1234640F69752B6
:10A6400019492648FAF77EFE286803F0C1FC4EE758
:10A6500047F0007202F17E42033A102A9CBF204B61
:10A660009B5C079A9A4205D0234640F69C520E49BD
:10A670001C48E7E7DBF800203146CDE900820FAA4D
:10A68000286804F031FA0028DED0234640F6A452B0
:10A6900005491548D6E700BF7E45060C2077060C15
:10A6A0004377060CBE77060CE82F060CAF3E060C6F
:10A6B0006043060C7D77060CEC44060C7A43060CCE
:10A6C000A043060CD843060C4A44060C3244060C40
:10A6D0006644060C8E44060CCD44060C0B45060C55
:10A6E000DD6C060C2045060C4C45060C2DE9F04FA0
:10A6F00088460021ADF5297D064614460BA8182290
:10A70000069103F03DFB974B0DF1180911AA03F1D7
:10A710002807154618685968083303C5BB422A46FE
:10A72000F7D118689B88B8F1010F2860AB800AD96F
:10A73000234640F6CA528C498C48FAF703FE0DF5C1
:10A74000297DBDE8F08F0C220027894B16F0FF050C
:10A7500002FB08339B684FF060024FF000012DA808
:10A760000CBFAA4645F0007ACDE907770593099713
:10A7700003F006FB6122002145A803F001FB0C2336
:10A7800003FB08F37A480599C05827705EAAFDF7C5
:10A79000BBFD43F2010377A87793FDF795FD779B07
:10A7A0000BAFC7E9023647F2121338463B80059AD1
:10A7B0004B465EA90DF1240B03F0DEFB28B12346C6
:10A7C00040F6F35268496B48B7E708AB6122D9F805
:10A7D000000045A903F062FC08AB002832D02346F4
:10A7E00040F6FA5260496448FAF7ACFD069803F067
:10A7F000EFFB237806AD012BA1D04FF400530AA83C
:10A800000A93FDF761FD0368594AC7E9023644F22D
:10A8100012133B80059B59000C2303FB08230131D5
:10A8200058685EAAFDF770FD2B463846089A5EA967
:10A8300003F0A2FB00287FD0234640F63D624A4940
:10A840004E487AE7059A1B6822F060494FEA4909A9
:10A8500009F101029A4205D023464FF46062424951
:10A860004748C1E7402311A900932E225046CDF856
:10A8700004B01DAB03F0C0FD014628B1234640F6ED
:10A88000076239493F48AFE745F0007505F17E455D
:10A89000033D102D9CBF3C4B595D09AD2B688B428D
:10A8A00005D0234640F60C622F4938489CE777AA2A
:10A8B0001DA8FDF7DDFD1146354804F0C1FE6023FB
:10A8C0000DF11C0B0DF1B40ACDF808B00193CDF8D1
:10A8D00000A031462B6806981DAA04F0D9F828B1CB
:10A8E000234640F6156220492A487DE7DBF8003010
:10A8F000994505D0234640F61B621B49264873E75D
:10A9000077AA49465046FDF7B3FD1146234804F0A7
:10A9100097FEDBF800303146CDE900A306982B689E
:10A920001DAA04F0E1F800283FF460AF234640F68A
:10A9300026620D491A4857E7079B314601932DAB14
:10A9400000932868099B1DAA04F0CEF830B1234675
:10A9500040F6436204491248FAF7F4FC286803F011
:10A9600037FBECE67E45060CE82F060CAC45060CE2
:10A970002C72060CAF3E060C6043060CEC44060C31
:10A980007A43060CD145060CDD6C060C0646060C17
:10A990001E46060C2A46060C4A44060C3F46060C88
:10A9A0005046060CF0B50025A1B0162229460446F3
:10A9B0000DF11A00039503F0E3F9202229460CA8B3
:10A9C00003F0DEF93B4B049514AA03F12806154663
:10A9D00018685968083303C5B3422A46F7D1186886
:10A9E0009B882860AB804FF4005305A80593FDF7C2
:10A9F0006BFC059B304D089344F201034FF48772C2
:10AA0000ADF818302D4903AB06A8099503F0B4FA48
:10AA100040B1234640F6EA6229492A48FAF792FCF7
:10AA200021B0F0BD4FF48077274E2D23294603989F
:10AA30000197009614AA04F003F888B186302346E3
:10AA400009BF40F6F86240F6FC621D491F481CBF72
:10AA50001B491F48FAF776FC039803F0B9FADFE7C1
:10AA600004AB019320232D2200931A480CAB14A9A8
:10AA700003F0C2FC28B1234640F60972104916487B
:10AA8000E8E7049B202B05D0234640F60E720C49C4
:10AA90001248DFE72946CDE9006703980CAA04F0C5
:10AAA00023F828B1234640F6167205490C48D1E731
:10AAB0002070D1E77E45060C090300061E71060CC6
:10AAC000E82F060CAF3E060C1E70060C1232060C68
:10AAD0008546060C090000020B45060C2045060CB5
:10AAE0004C45060C2DE9F04F9BB0162200210DF1CC
:10AAF000520003F045F900230893804B0CAA03F1A0
:10AB00001005144618685968083303C4AB4222463E
:10AB1000F7D100267A4F7B4B7B4C0BA8002E08BF49
:10AB20001C464FF440730B93FDF7CEFB0B9B10229A
:10AB3000CDE916344FF410530CA9ADF8503014A8D9
:10AB400008AB03F019FA40B1704804F079FD4FF0FA
:10AB5000010948461BB0BDE8F08F102305934FF460
:10AB6000B67301936A4B0DF1280B10ADCDE90305C7
:10AB70000290009321460C23664A0898CDF818B03D
:10AB800003F000FD8046A8B10146634804F058FD7B
:10AB900022463146614804F053FD4FF00109089800
:10ABA00003F016FA002ED4D101262037B9F1000F98
:10ABB000B1D0CCE75A4804F043FDA9460A9B43456F
:10ABC0001FD8584804F03CFD00234FF0100A4FF402
:10ABD000B679CDE904334E4B0DF12408214600939C
:10ABE000CDE9027A0C234B4A0898CDF81880CDF8AD
:10ABF000049003F017FD014658B14B4804F020FDC6
:10AC0000A5E719F8011B494804F01AFD08F10108ED
:10AC1000D4E70A9B2146039310ABCDE901933C4B4B
:10AC2000CDE90508049000933A4A0C23089803F0F4
:10AC3000F9FC014608B13E48E0E7CDE905ABDFF895
:10AC400008A110ABCDE90303CDE901900C23214607
:10AC5000384A0898CDF800A003F094FC814618B15A
:10AC600022463146344896E7344804F0E9FCCB46A6
:10AC70000A9B5B4539D82B4804F0E2FC0023CDE960
:10AC8000043310230393FB1802934FF4B673214649
:10AC9000CDE900A3274A0C230898CDF8188003F0CB
:10ACA000C1FC10F1950F014604D0254804F0C8FC02
:10ACB0004FF001090023CDE904330A9B2146039399
:10ACC00010AB02934FF4B6731A4ACDE900A308986B
:10ACD0000C23CDF8188003F0A5FC014600283FF4B2
:10ACE0005EAF184804F0ACFC57E715F8011B0F489D
:10ACF00004F0A6FC0BF1010BBAE700BF0448060CF8
:10AD0000DE6F060C0002500500015005BA46060C25
:10AD1000EE6C060CC66F060CD646060CE646060C14
:10AD20002C47060C4147060C4547060C3947060CD4
:10AD30006047060CD26F060C7A47060CC247060C19
:10AD4000CF47060CEA47060C5A6E060CDFB52A26DA
:10AD50000027002304460093212230463946144B35
:10AD6000CDE9026704F042F938B123465C2211496B
:10AD70001148FAF7E7FA04B0D0BD082240F2E930F2
:10AD80000DEB020103F04BF88C3004D02346652212
:10AD900008490A48EDE73046394604F095F920B1F4
:10ADA00023466C2203490648E3E72070E3E700BF2F
:10ADB000FD49060C1F4A060C754A060C894A060C0A
:10ADC000BB4A060C0346162201490248FAF7ACBA00
:10ADD00018C40330E14A060C70B50446334B98B0F2
:10ADE00004AA03F12006154618685968083303C5FC
:10ADF000B3422A46F7D11B880DAA2B802C4B03F1B6
:10AE00002806154618685968083303C5B3422A4610
:10AE1000F7D11B882B800025039501350F22294689
:10AE2000244804F00DFC002321220093022000217D
:10AE300004AB04F0DBF8024638B1234684221E49F5
:10AE40001E48FAF77FFA18B070BD03AB01930EAB42
:10AE5000009302202123002104F0E6F820B12346CC
:10AE60008D2215491648ECE72A2216490DA802F052
:10AE700009FF20B1234693220F491348E1E702203E
:10AE8000002104F021F9064620B123469A220A49FE
:10AE90000E48D6E72A2206490DA802F04CFF0F2DD6
:10AEA000BBD10B4804F0CCFB2670CCE7FD49060C67
:10AEB0003551060C4250060C5B50060CB350060C84
:10AEC000D650060CEA50060C1451060CBB4A060C70
:10AED0005F51060C70B50446334B98B004AA03F1D9
:10AEE0002006154618685968083303C5B3422A4638
:10AEF000F7D11B880DAA2B802C4B03F12806154691
:10AF000018685968083303C5B3422A46F7D11B882D
:10AF10002B800025039501350F222946244804F093
:10AF20008FFB0023212200930220002104AB04F0B8
:10AF30005DF8024638B123464A221E491E48FAF7F8
:10AF400001FA18B070BD03AB01930EAB0093022061
:10AF50002123002104F068F820B12346532215492B
:10AF60001648ECE72A2216490DA802F08BFE20B104
:10AF7000234659220F491348E1E72A220B490DA81D
:10AF800002F0D9FE0F2DC6D10F4804F059FB022064
:10AF9000002104F099F820B12346662205490B48A8
:10AFA000CDE72070CDE700BFFD49060C3551060CFA
:10AFB0004250060C5B50060CB350060CD650060CE3
:10AFC000EA50060C1451060C5F51060CBB4A060CE5
:10AFD0000346022201490248FAF7A6B920C5033008
:10AFE0006251060C002230B53D4B89B004930092AB
:10AFF00004460021022003AB8DF80C2003F0F6FF7D
:10B00000024638B12346222236493748FAF79AF9E0
:10B0100009B030BD009003AB0220002103F0E6FF31
:10B02000034620B1234629222E493048EEE7024646
:10B0300000900021032003F0D9FF20B123463022E5
:10B0400028492B48E2E7042200900021032004ABAA
:10B0500003F0CCFF024620B1234637222149254880
:10B06000D4E705AB06AD019303200523002100952D
:10B0700003F0DAFF059A042A04D023463E22194938
:10B080001D48C3E7284604A902F0FCFD024620B192
:10B090002346432213491948B8E7009000210020B5
:10B0A00003AB03F0A3FF873004D023464A220D49A7
:10B0B0001348ABE70220002104F006F820B1234634
:10B0C000512208490F48A1E70320002103F0FCFFAB
:10B0D00020B12346562203490B4897E7207097E793
:10B0E00054574F000052060CB350060C4252060C47
:10B0F0007552060C9552060CCF52060CED52060CFA
:10B100000653060C3253060C6053060C70B5044609
:10B110002D4B8EB005AA03F1200615461868596814
:10B12000083303C5B3422A46F7D11B8821222B805E
:10B1300000230120CDE9023304930093002105ABE5
:10B1400003F054FF18BB01232422009301200021A7
:10B150001E4B03F04BFF38B1234671221C491D489A
:10B16000FAF7F0F80EB070BD0120002102AA03F03A
:10B1700081FF20B12346772215491748F0E7049B49
:10B18000012B09D023467D2211491448E8E7853078
:10B1900012D1134804F054FA4FF0004321220093D7
:10B1A0000320002105AB03F021FF863009D02346A0
:10B1B000912207490B48D3E723468A2204490A48CB
:10B1C000CEE700232370CDE7FD49060C8E53060C15
:10B1D0000052060CB353060CE753060CFB53060C47
:10B1E0002254060CEB54060CC954060C002313B56C
:10B1F0001A46044600210420009303F0F7FE40B1F4
:10B200002346A2220449054802B0BDE81040FAF7DF
:10B2100099B8207002B010BD0052060C1555060CEE
:10B2200070B504462B4B98B003AA03F120061546CF
:10B2300018685968083303C5B3422A46F7D11B88FA
:10B24000254A2B8002F128060CAB1D461068516878
:10B25000083203C5B2422B46F7D110681279286034
:10B260002A710025212201200021009503AB0295BF
:10B2700003F0BCFE853007D02346B9221749184891
:10B28000FAF760F818B070BD02AB01930DAB0093F4
:10B290002A4624230120002103F0C6FE20B12346C4
:10B2A000C1220E490F48EBE72D220F490CA802F0EE
:10B2B000E9FC20B12346C82208490C48E0E7029B7C
:10B2C000242B04D02346CE2204490948D8E7207015
:10B2D000D8E700BFFD49060CFB55060C0052060CD2
:10B2E0004F55060CD650060C7755060CA455060C87
:10B2F000CC55060C70B504464B4B98B004AA03F12C
:10B300002006154618685968083303C5B3422A4613
:10B31000F7D11B880DAA2B80444B03F12806154654
:10B3200018685968083303C5B3422A46F7D11B8809
:10B3300021222B800023032003930093002104ABE0
:10B3400003F054FE024638B12346E4223849394816
:10B35000F9F7F8FF18B070BD03AE0EAD212303203E
:10B3600000210196009503F05FFE20B12346EC22F8
:10B370002F493148ECE72A2230490DA802F082FC1F
:10B3800020B12346F3222A492D48E1E7039B212BD4
:10B3900004D02346F92226492A48D9E72A222349FC
:10B3A0000DA802F0C8FC1D23022203200021CDE9D4
:10B3B000005603F039FE18B1234640F20712D7E7D2
:10B3C000042221490DA802F05DFC28B123464FF468
:10B3D000877217491D48BBE71D2228460DF112014F
:10B3E00002F050FC28B123464FF48B7210491848E4
:10B3F000AEE7042214490DF1550002F043FC28B1D8
:10B4000023464FF48F720A491248A1E70320002116
:10B4100003F05AFE28B1234640F2251204490E4893
:10B4200096E70023237095E7FD49060C3551060C7D
:10B430000052060C754A060CD650060CEA50060C53
:10B440002856060C5156060C0F51060C8B56060C4E
:10B45000AF56060CC356060CBB4A060CF0B50446A4
:10B46000404B99B004AA03F12006154618685968A4
:10B47000083303C5B3422A46F7D11B880DAA2B8097
:10B48000394B03F12806154618685968083303C577
:10B49000B3422A46F7D11B8801272B8000232122A3
:10B4A0000093042004AB0021039703F09FFD0346A3
:10B4B00040B1234640F23B122C492D48F9F742FF98
:10B4C00019B0F0BD03AE0EAD024600210420019676
:10B4D000009503F0A9FD28B1234640F24312234909
:10B4E0002448EBE72A2220490DA802F0CBFB28B123
:10B4F00023464FF4A5721D491F48DFE7039B2BB17C
:10B5000023464FF4A87219491C48D7E705220420A6
:10B510000021CDE90056039703F086FD28B12346AC
:10B5200040F25B1211491648C8E72A220E490DA8BD
:10B5300002F0A8FB18B123464FF4B172DBE7039B7E
:10B540001BB123464FF4B472DDE70420002103F061
:10B55000BBFD28B1234640F26F1204490948ADE70C
:10B560002070ADE7FD49060C3551060C0052060C63
:10B57000754A060CE856060C0F57060C3F57060C8A
:10B58000D650060CBB4A060C70B50446264B8EB04E
:10B5900003AA03F12806154618685968083303C53D
:10B5A000B3422A46F7D100221B8802AE2B8004AD9D
:10B5B00001230220002101960095029203F034FD40
:10B5C0008C3008D023464FF4C27218491848F9F756
:10B5D000B9FE0EB070BD2A22134903A802F052FB37
:10B5E000024628B1234640F28B1210491148EEE77B
:10B5F000012300200021CDE9005603F015FD87301E
:10B6000005D0234640F2931208490B48DFE72A226F
:10B61000054903A802F036FB18B123464FF4CD725A
:10B62000E3E72070D5E700BF3551060C0052060C49
:10B630006857060C8C57060CB657060CF0B5044636
:10B64000534B99B004AA03F12006154618685968AF
:10B65000083303C5B3422A46F7D11B880DAA2B80B5
:10B660004C4B03F12806154618685968083303C582
:10B67000B3422A46F7D11B8821222B8000230320C6
:10B6800003930093002104AB03F0B0FC40B12346C8
:10B690004FF4D87240494148F9F754FE19B0F0BD53
:10B6A00003AE0EAD01232222032000210196009556
:10B6B00003F0BAFC873005D0234640F2BB1236496E
:10B6C0003748E9E72A2233490DA802F0DBFA02469F
:10B6D00028B123464FF4E1722F493248DCE7222398
:10B6E00003200021CDE9005603F09EFC28B123463B
:10B6F00040F2CD1228492C48CEE7039F212F05D0D8
:10B70000234640F2D31224492848C5E72A22284973
:10B710000DA802F0B7FA28B123464FF4ED721E4986
:10B720002448B9E72A221B490DA802F004FB3B4636
:10B73000012203200021CDE9005603F075FC28B159
:10B7400023464FF4F57214491B48A5E7039B202BB1
:10B7500005D023464FF4F8720F4918489CE72A2277
:10B7600017490DA802F08EFA28B123464FF4FC7257
:10B770000949144890E70320002103F0A5FC28B1F3
:10B7800023464FF4007204490F4885E7207085E78F
:10B79000FD49060C3551060C0052060C754A060C84
:10B7A000D557060C0F57060C0258060C3F58060CCE
:10B7B000EA50060C7058060C9D58060CEC58060C06
:10B7C0003E59060C6859060CBB4A060C70B5044677
:10B7D000234B8CB003AA03F120061546186859685C
:10B7E000083303C5B3422A46F7D11B8821222B8098
:10B7F0000023042002930093002103AB03F0F6FB27
:10B80000034640B1234640F2132216491648F9F781
:10B8100099FD0CB070BD02AACDE9000200210246DC
:10B82000042003F001FC28B1234640F21A220D49FE
:10B830000E48ECE7029B2BB123464FF408720949EE
:10B840000B48E4E70420002103F03EFC28B1234626
:10B850004FF40A7203490748D9E72070D9E700BFBF
:10B86000FD49060C0052060C754A060CA859060C38
:10B87000E259060CBB4A060C1FB500230446002102
:10B88000012001AACDE90133039303F0F3FB40B19A
:10B8900023464FF40E7211491148F9F753FD04B0D5
:10B8A00010BD029B242B05D0234640F23E220B49BB
:10B8B0000C48F2E7019B242B05D0234640F243229B
:10B8C00006490948E9E7039B012B05D023464FF4BD
:10B8D000127202490548E0E72070E0E70052060CCA
:10B8E000265A060C525A060C745A060C9A5A060C22
:10B8F000002370B504468EB0CDE902330493294B82
:10B9000005AA03F12006154618685968083303C5CF
:10B91000B3422A46F7D11B8821222B800023022024
:10B920000093002105AB03F061FB40B1234640F2D8
:10B930005A221D491D48F9F705FD0EB070BD0220C1
:10B94000002102AA03F096FB28B1234640F26122AF
:10B9500015491748EFE7039B212B05D0234640F2FA
:10B96000672211491348E6E7029B212B05D02346A5
:10B970004FF41B720C491048DDE7049B2BB12346A2
:10B9800040F2712208490D48D5E70220002103F05A
:10B990009BFB28B123464FF41E7203490848CAE7AF
:10B9A0002070CAE7FD49060C0052060C754A060CC9
:10B9B000BD5A060CE55A060C025B060C235B060C0E
:10B9C000BB4A060C1FB5002304460021032001AA30
:10B9D000CDE90133039303F04DFB8C3008D02346AF
:10B9E0004FF4227219491A48F9F7ACFC04B010BDA3
:10B9F000029B2BB1234640F28E2214491548F3E7EF
:10BA00000020002101AA03F035FB873005D0234632
:10BA100040F295220D491048E6E7029B1BB12346F0
:10BA200040F29B22E9E7019B2BB123464FF4287299
:10BA300006490A48D8E7039B2BB1234640F2A522CA
:10BA400002490748D0E72370D0E700BF0052060C38
:10BA5000415B060C6C5B060C895B060CB65B060C46
:10BA6000D75B060C0023F0B504469BB0CDE9033349
:10BA70000593344B06AA03F1200615461868596849
:10BA8000083303C5B3422A46F7D10FAA16461B88CE
:10BA90002B802D4B03F12807154618685968083389
:10BAA00003C5BB422A46F7D11B8821222B800023E5
:10BAB000022002930093002106AB03F097FA40B1F5
:10BAC000234640F2BA2221492148F9F73BFC1BB03A
:10BAD000F0BD0220002103F0F7FA054628B1234605
:10BAE00040F2C12219491B48EFE70220002103AAB6
:10BAF00003F0C0FA8C3005D023464FF4327213495C
:10BB00001548E2E702ABCDE900632A462123022073
:10BB1000002103F089FA8C3005D0234640F2CF2271
:10BB20000A490E48D1E70220002103F0CDFA8C30FB
:10BB300005D0234640F2D62204490948C5E72570BE
:10BB4000C5E700BFFD49060C3551060C0052060C36
:10BB5000754A060CBB4A060CF55B060C225C060C0B
:10BB60004A5C060C10B500210446012003F0ACFA33
:10BB7000853008D02346BDE8104040F2E522034955
:10BB80000348F9F7DFBB0023237010BD0052060CF9
:10BB9000755C060C10B500210446002003F094FAF1
:10BBA000873008D02346BDE810404FF43D7203496A
:10BBB0000348F9F7C7BB0023237010BD0052060CE1
:10BBC000A35C060C70B5434A9AB0516804461068ED
:10BBD00003AB03C31189927A19809A703E4B06AA6F
:10BBE00003F12006154618685968083303C5B342A7
:10BBF0002A46F7D11B880FAA2B80384B03F1280661
:10BC0000154618685968083303C5B3422A46F7D168
:10BC10001B880B222B80002303200293009300211A
:10BC200003AB03F0E3F940B123464FF443722C49D0
:10BC30002C48F9F787FB1AB070BD00902122042030
:10BC4000002106AB03F0D2F928B1234640F21332AB
:10BC500023492548EDE70320002103F035FA024689
:10BC600028B123464FF447721D492048E1E702AB53
:10BC7000019310AB009304202123002103F0D4F999
:10BC800028B1234640F2263215491948D1E72A2225
:10BC900018490FA801F0F6FF28B123464FF44B7264
:10BCA0000F491548C5E7029B212B05D0234640F2DA
:10BCB00031320B491148BCE70420002103F004FA9B
:10BCC00028B123464FF44E7205490D48B1E7207064
:10BCD000B1E700BFC05D060CFD49060C3551060CEE
:10BCE0000052060CCE5C060CEC5C060C0A5D060CE1
:10BCF0002B5D060CEA50060C495D060C685D060CCF
:10BD00009F5D060CF0B505462F4B99B004AA03F1D0
:10BD10002006144618685968083303C4B342224603
:10BD2000F7D11B880DAA2380284B03F1280614465F
:10BD300018685968083303C4B3422246F7D11B88F8
:10BD4000212223800023022003930093002104ABCF
:10BD500003F04CF9044640B12B4640F24E321C49E8
:10BD60001C48F9F7EFFA19B0F0BD03AE0EAF3B195E
:10BD700000932246012302200021019603F054F98A
:10BD800028B12B464FF4567211491348E9E70134A4
:10BD9000212CECD12A2211490DA801F073FF28B102
:10BDA0002B4640F25F320A490D48DAE702200021B3
:10BDB00003F08AF928B12B4640F26632044909485B
:10BDC000CFE72870CFE700BFFD49060C3551060CC0
:10BDD0000052060C754A060CCB5D060CEA50060CA8
:10BDE000495D060CF05D060CF0B593B007AA154648
:10BDF0003D4B0446029303F5202303F605130393FA
:10BE00003A4B18689B880590ADF81830384B03F111
:10BE10002807164618685968083303C6BB423246DD
:10BE2000F7D11B880422338000230320049300935E
:10BE3000002102AB03F0DAF840B1234640F27D3234
:10BE40002C492D48F9F77EFA13B0F0BD009004227A
:10BE50000320002103AB03F0C9F828B123464FF4B7
:10BE6000617224492548EDE7062200900021032055
:10BE700005AB03F0BBF8024628B1234640F28B32F3
:10BE80001C491F48DEE704ABCDE90053032006231D
:10BE9000002103F0C9F828B1234640F29232154937
:10BEA0001848CFE70622284605A901F0EBFE28B185
:10BEB000234640F299320F491348C3E7049B062BEF
:10BEC00005D0234640F29E320A491048BAE70320C3
:10BED000002103F0F9F828B1234640F2A5320549C4
:10BEE0000B48AFE72070AFE74F4E4500565E060C9B
:10BEF0003551060C0052060C075E060C215E060C3E
:10BF00003C5E060CD650060C495D060C685D060CBE
:10BF1000F05D060C2DE9F04F002593B0444F0CAEB8
:10BF200004460FCF0FC697E80300083786E80300E2
:10BF300097E807002F4606AE86E8070005950DF145
:10BF40003009DFF8188156F804ABF9E80223002124
:10BF5000CDE9022340464FF40072CDE909770B97F3
:10BF600001F00EFFDDE902015246324B009703F06B
:10BF70003DF848B1234640F2C9322F492F48F9F71E
:10BF8000E1F913B0BDE8F08F09AADDE9020103F081
:10BF900071F828B123464FF4747227492848EEE718
:10BFA000DDF828B0D34505D0234640F2D6322249E9
:10BFB0002448E4E70B9A2AB1234640F2DB321E49BB
:10BFC0002148DCE705ABCDE90083DDE902015B46F2
:10BFD00003F02AF828B1234640F2E33216491B4801
:10BFE000CDE75A464046134901F04CFE28B123469E
:10BFF00040F2EA3210491648C1E7059B5B4505D07F
:10C00000234640F2EF320C491248B8E7DDE902015D
:10C0100003F05AF828B1234640F2F63206490E489A
:10C02000ADE70135EDB2032D8BD12070A9E700BF3C
:10C03000C07C060CBE7A060C0052060CB350060CEF
:10C04000BD5A060CE55A060C235B060C5C5E060C1A
:10C050007F5E060C685D060CBB4A060C1CF90330BB
:10C0600030B50025ADF5057D40F2012200210446E2
:10C0700003A801F085FE40F2012202200021009574
:10C0800003AB02F0B3FF873009D0234640F20542EC
:10C0900004490548F9F756F90DF5057D30BD2570C1
:10C0A000FAE700BF0052060CB05E060C70B50446FD
:10C0B000264A96B002AB02F120061D461068516870
:10C0C000083203C5B2422B46F7D112880BAB2A8047
:10C0D0001F4A02F128061D4610685168083203C540
:10C0E000B2422B46F7D10023128803202A80002178
:10C0F0002122009302AB02F079FF024640B12346B1
:10C1000040F2154213491448F9F71CF916B070BDF6
:10C110000CAB0190009303200123002102F084FF67
:10C12000873005D0234640F21B420A490B48EBE713
:10C130000320002102F0C8FF28B1234640F222422A
:10C1400004490748E0E72070E0E700BFFD49060C1E
:10C150003551060C0052060CED5E060CFF5E060C17
:10C16000BB4A060C1FB5002304460021032001AA88
:10C17000CDE90133039303F027F88C3008D0234630
:10C1800040F2D22218491948F9F7DCF804B010BD82
:10C19000029B2BB123464FF4367213491448F3E740
:10C1A000039B2BB1234640F2DD220F491148EBE7F8
:10C1B0000020002101AA03F007F8873005D02346AC
:10C1C0004FF4397208490C48DEE7029B1BB1234645
:10C1D00040F2EA22E1E7039B1BB1234640F2EF2243
:10C1E000E3E72370D2E700BF5C5F060C415B060CFF
:10C1F0006C5B060CD75B060C895B060C1FB5002335
:10C2000004460021012001AACDE90133039302F085
:10C21000DBFF40B1234640F283220D490D48F9F778
:10C2200091F804B010BD029B242B05D0234640F2A8
:10C23000892207490848F2E7039B012B05D02346D2
:10C2400040F28E2202490548E9E72070E9E700BF85
:10C250005C5F060C265A060C525A060C9A5A060CBB
:10C260001FB5002304461A460420002100930393BF
:10C2700002F066FF024638B12346F2220C490D480F
:10C28000F9F760F804B010BD03AB019302AB009363
:10C2900004200123002102F071FF039B184304D006
:10C2A0002346F92202490448EAE72070EAE700BF82
:10C2B0005C5F060C1555060CD650060C70B504468E
:10C2C000264B8EB003AA03F1280615461868596854
:10C2D000083303C5B3422A46F7D100221B8802AEB9
:10C2E0002B8004AD012302200021019600950292CB
:10C2F00002F044FF8C3008D023464FF4E572184911
:10C300001848F9F71FF80EB070BD2A22134903A888
:10C3100001F0B8FC024628B123464FF4E8721049F8
:10C320001148EEE7012300200021CDE9005602F07C
:10C3300025FF873005D023464FF4EC7208490B489F
:10C34000DFE72A22054903A801F09CFC18B1234627
:10C350004FF4EF72E3E72070D5E700BF3551060CCC
:10C360005C5F060C6857060C8C57060CB657060C1B
:10C3700070B50446284A98B003AB02F120061D466A
:10C3800010685168083203C5B2422B46F7D11288B3
:10C390000CAB2A80214A02F128061D46106851681C
:10C3A000083203C5B2422B46F7D1106812792860D3
:10C3B0002A710025212201200021009503AB02955E
:10C3C00002F0BEFE853008D0234640F21312144915
:10C3D0001448F8F7B7FF18B070BD02AB01930DAB6E
:10C3E00000932A4624230120002102F0C7FE28B131
:10C3F000234640F21B120A490B48EAE72D220B495B
:10C400000CA801F03FFC28B1234640F22112044958
:10C410000748DEE72070DEE7FD49060CFB55060CF9
:10C420005C5F060C4F55060CD650060C7755060C73
:10C43000A455060C2DE9F04F404E91B00AAD0446CC
:10C440000FCE0FC596E80300083685E8030096E88E
:10C4500007000026374604AD85E807000DF12809DE
:10C46000DFF8048155F804ABF9E802230021CDE997
:10C47000022340464FF40062CDE90777099701F0A7
:10C480007FFCDDE9020152462D4B009702F058FE79
:10C4900048B1234640F233422A492B48F8F752FF6D
:10C4A00011B0BDE8F08F07AADDE9020102F08CFEB1
:10C4B00028B1234640F23A4222492448EEE7DDF80B
:10C4C00020B0D34505D023464FF488621D4920484B
:10C4D000E4E7099A2AB1234640F2454219491D482A
:10C4E000DCE71D4BDDE90201CDE900835B4602F08C
:10C4F00045FE28B1234640F24D4212491748CDE788
:10C500005A4640460E4901F0BDFB28B1234640F291
:10C5100053420C491248C1E7DDE9020102F07EFEF8
:10C5200028B1234640F25A4206490E48B6E7013682
:10C53000F6B2032E94D12070B2E700BFE884060C57
:10C54000E47C060C5C5F060CB350060CBD5A060C6E
:10C55000E55A060C235B060C1CFB03305C5E060CE4
:10C560007F5E060CBB4A060C20FB0330F0B593B08F
:10C5700007AA1546394B0446029303F5202303F618
:10C5800005130393364B18689B880590ADF8183057
:10C59000344B03F12807164618685968083303C658
:10C5A000BB423246F7D11B8804223380002303208C
:10C5B00004930093002102AB02F0C2FD40B1234678
:10C5C00040F2D93228492948F8F7BCFE13B0F0BD33
:10C5D000009004220320002103AB02F0B1FD28B13A
:10C5E00023464FF4787220492148EDE70622009057
:10C5F0000021032005AB02F0A3FD024628B123462B
:10C6000040F2E73218491B48DEE704ABCDE900539E
:10C6100003200623002102F0B1FD28B1234640F299
:10C62000EE3211491448CFE70622284605A901F049
:10C6300029FB28B123464FF47D720B490F48C3E70D
:10C640000320002102F0EAFD28B1234640F2FB322C
:10C6500005490B48B8E72070B8E700BF4F4E4500CA
:10C66000565E060C3551060C5C5F060C075E060C28
:10C67000215E060C3C5E060CD650060C495D060C8D
:10C68000F05D060CF0B505462F4B99B004AA03F1F6
:10C690002006144618685968083303C4B34222467A
:10C6A000F7D11B880DAA2380284B03F128061446D6
:10C6B00018685968083303C4B3422246F7D11B886F
:10C6C000212223800023022003930093002104AB46
:10C6D00002F036FD044640B12B4640F2A7321C4919
:10C6E0001C48F8F72FFE19B0F0BD03AE0EAF3B1992
:10C6F00000932246012302200021019602F03EFD14
:10C7000028B12B4640F2B13211491348E9E7013410
:10C71000212CECD12A2211490DA801F0B3FA28B13D
:10C720002B4640F2B9320A490D48DAE702200021CF
:10C7300002F074FD28B12B464FF470720449094889
:10C74000CFE72870CFE700BFFD49060C3551060C36
:10C750005C5F060C754A060CCB5D060CEA50060CB5
:10C76000495D060CF05D060C70B53E4A9AB0516802
:10C770000446106803AB03C31189927A19809A703A
:10C78000394B06AA03F12006154618685968083384
:10C7900003C5B3422A46F7D11B880FAA2B80334B1F
:10C7A00003F12806154618685968083303C5B342D3
:10C7B0002A46F7D11B880B222B80002303200293EB
:10C7C0000093002103AB02F0BBFC40B123464FF4C1
:10C7D0005A7227492748F8F7B5FD1AB070BD009086
:10C7E00021220420002106AB02F0AAFC28B1234636
:10C7F00040F26F321E492048EDE70320002102F08D
:10C800000DFD024628B123464FF45E7218491B48BD
:10C81000E1E702AB019310AB009304202123002138
:10C8200002F0ACFC28B1234640F282321049144891
:10C83000D1E72A2213490FA801F024FA28B1234690
:10C8400040F287320A491048C5E70420002102F06F
:10C85000E5FC28B1234640F28E3205490B48BAE781
:10C860002070BAE7C05D060CFD49060C3551060C78
:10C870005C5F060CCE5C060CEC5C060C0A5D060CDC
:10C880002B5D060CEA50060C495D060C9F5D060CFC
:10C890000023F0B504469BB0CDE903330593344B38
:10C8A00006AA03F12006154618685968083303C51F
:10C8B000B3422A46F7D10FAA16461B882B802D4B70
:10C8C00003F12807154618685968083303C5BB42A9
:10C8D0002A46F7D11B8821222B80002302200293B5
:10C8E0000093002106AB02F02BFC40B123464FF42D
:10C8F000427221492148F8F725FD1BB0F0BD022006
:10C90000002102F08BFC054628B1234640F20F328D
:10C9100019491B48EFE70220002103AA02F054FC4A
:10C920008C3005D0234640F2163213491548E2E711
:10C9300002ABCDE900632A4621230220002102F048
:10C940001DFC8C3005D0234640F21D320A490E48AA
:10C95000D1E70220002102F061FC8C3005D0234693
:10C960004FF4497204490948C5E72570C5E700BF7F
:10C97000FD49060C3551060C5C5F060C754A060C29
:10C98000BB4A060CF55B060C225C060C4A5C060CE6
:10C99000002370B504468EB0CDE902330493254BD5
:10C9A00005AA03F12006154618685968083303C51F
:10C9B000B3422A46F7D11B8821222B800023022074
:10C9C0000093002105AB02F0BBFB40B123464FF4BE
:10C9D000297219491948F8F7B5FC0EB070BD02204C
:10C9E000002102AA02F0F0FB28B1234640F2AB225C
:10C9F00011491348EFE7039B212B05D0234640F252
:10CA0000B1220D490F48E6E7049B2BB1234640F2C3
:10CA1000B62209490C48DEE70220002102F0FEFBA5
:10CA200028B1234640F2BD2203490848D3E72070CD
:10CA3000D3E700BFFD49060C5C5F060C754A060C87
:10CA4000BD5A060CE55A060C235B060CBB4A060CC5
:10CA500070B504461F4A8CB003AB02F120061D4698
:10CA600010685168083203C5B2422B46F7D1002343
:10CA7000128804202A80002102930093212203AB14
:10CA800002F05EFB034640B1234640F261221249A8
:10CA90001248F8F757FC0CB070BD02AACDE90002AD
:10CAA00000210246042002F069FB28B123464FF41E
:10CAB0001A7209490A48ECE70420002102F0AEFB93
:10CAC00028B1234640F26F2203490648E1E720706F
:10CAD000E1E700BFFD49060C5C5F060C754A060CD9
:10CAE000A859060CBB4A060C70B50446394B98B0E1
:10CAF00004AA03F12006154618685968083303C5CF
:10CB0000B3422A46F7D11B880DAA2B80324B03F182
:10CB10002806154618685968083303C5B3422A46E3
:10CB2000F7D11B8821222B8000230420039300933C
:10CB3000002104AB02F004FB034640B123464FF44E
:10CB4000C67226492648F8F7FDFB18B070BD03AE43
:10CB50000EAD0246002104200196009502F00EFB66
:10CB600028B123464FF4CA721C491E48EBE72A221B
:10CB700019490DA801F086F8034628B123464FF461
:10CB8000CD7216491848DEE7052204200021CDE9C0
:10CB9000005602F0F3FA28B123464FF4D2720F493F
:10CBA0001248D0E72A220C490DA801F06BF818B101
:10CBB00023464FF4D572E4E70420002102F02EFB57
:10CBC00028B1234640F2B11204490948BBE720705E
:10CBD000BBE700BFFD49060C3551060C5C5F060C37
:10CBE000754A060CE856060C0F57060CD650060C74
:10CBF000BB4A060C1FB50022044600920220002109
:10CC000003AB8DF80C2002F09BFA024638B12346A4
:10CC10008C2216491648F8F795FB04B010BD009019
:10CC20000021022003AB02F08BFA024620B123461A
:10CC300093220E490F48EEE700900021002003AB3D
:10CC400002F07EFA873004D023469A2207490A4828
:10CC5000E1E70220002102F0E1FA20B12346A122FF
:10CC600002490648D7E72070D7E700BF5C5F060C93
:10CC7000B350060C4252060CB05F060CBB4A060CC1
:10CC8000F0B50446514B99B004AA03F120061546AD
:10CC900018685968083303C5B3422A46F7D11B8880
:10CCA0000DAA2B804A4B03F12806154618685968CF
:10CCB000083303C5B3422A46F7D11B8821222B80B3
:10CCC0000023032003930093002104AB02F038FA01
:10CCD00040B1234640F2F9123E493F48F8F732FB93
:10CCE00019B0F0BD03AE0EAD0123222203200021B6
:10CCF0000196009502F042FA873005D023464FF4A2
:10CD0000017234493548E9E72A2231490DA800F07B
:10CD1000B9FF024628B1234640F20A222D49304885
:10CD2000DCE7222303200021CDE9005602F026FA99
:10CD300028B1234640F2152226492A48CEE7039F10
:10CD4000212F05D0234640F21B2222492648C5E761
:10CD50002A2226490DA800F095FF18B1234640F27B
:10CD60002122DBE72A221A490DA800F0E4FF3B4606
:10CD7000012203200021CDE9005602F0FFF928B17D
:10CD8000234640F2312213491948A7E7039B202B81
:10CD900005D0234640F237220E4916489EE72A2244
:10CDA00015490DA800F06EFF18B1234640F23E224F
:10CDB000B4E70320002102F031FA28B1234640F203
:10CDC000452204490D4889E7207089E7FD49060C92
:10CDD0003551060C5C5F060C754A060CD557060CDF
:10CDE0000F57060C0258060C3F58060CEA50060C6A
:10CDF0009D58060CEC58060C3E59060CBB4A060C16
:10CE000070B50446484B98B004AA03F120061546B5
:10CE100018685968083303C5B3422A46F7D11B88FE
:10CE20000DAA2B80414B03F1280615461868596856
:10CE3000083303C5B3422A46F7D11B8821222B8031
:10CE40000023032003930093002104AB02F078F940
:10CE5000024640B1234640F23B1235493548F8F7C7
:10CE600071FA18B070BD03AE0EAD2123032000216E
:10CE70000196009502F082F928B1234640F2431250
:10CE80002B492D48EBE72A222C490DA800F0FAFE89
:10CE900028B1234640F2491225492948DFE72A22D2
:10CEA00022490DA800F047FF1D2302220320002184
:10CEB000CDE9005602F062F918B1234640F257124C
:10CEC000DEE704221F490DA800F0DCFE28B123464E
:10CED00040F25D1216491C48C1E71D2228460DF19B
:10CEE000120100F0CFFE28B123464FF4B272104970
:10CEF0001648B4E7042213490DF1550000F0C2FEB4
:10CF000028B1234640F26B1209491148A7E70320D4
:10CF1000002102F083F928B123464FF4B972044985
:10CF20000C489CE720709CE7FD49060C3551060C27
:10CF30005C5F060C754A060CD650060CEA50060CCF
:10CF40002856060C0F51060C8B56060CAF56060CD5
:10CF5000C356060CBB4A060C70B50446224A8CB078
:10CF600003AB02F120061D4610685168083203C564
:10CF7000B2422B46F7D10023128801202A800021DB
:10CF80000093212203AB02F0DBF880B901232422B5
:10CF9000009301200021154B02F0D2F860B1234626
:10CFA000C12213491348F8F7CDF90CB070BD853094
:10CFB00012D1114802F044FB4FF0004321220093AC
:10CFC0000320002103AB02F0BBF8863009D02346D2
:10CFD000D42207490948E6E72346CD2204490848F8
:10CFE000E1E700232370E0E7FD49060C8E53060CB1
:10CFF0005C5F060CB353060C2254060CEB54060C73
:10D00000C954060C10B500210446002002F006F9B0
:10D01000873008D02346BDE8104040F24A32034929
:10D020000348F8F78FB90023237010BD5C5F060C2E
:10D03000A35C060C10B500210446012002F0EEF8B6
:10D04000853008D02346BDE8104040F2373203490E
:10D050000348F8F777B90023237010BD5C5F060C16
:10D06000755C060C10B5044602F0EEF840B123469C
:10D07000BDE8104040F20B4202490348F8F762B99C
:10D08000207010BD5C5F060CDB5F060C03461422AB
:10D0900001490248F8F748B938C50330F55F060C76
:10D0A00070B50446354A9AB004AB02F120061D461D
:10D0B00010685168083203C5B2422B46F7D1106898
:10D0C000127928602A712E4A0EAB02F128061D46FD
:10D0D00010685168083203C5B2422B46F7D1106878
:10D0E000127928602A710025039501350F222946FF
:10D0F000244802F0A5FA00232422009302200021F4
:10D1000004AB02F01DF8024638B1234681221E49C5
:10D110001E48F8F717F91AB070BD03AB01930FABB7
:10D12000009302202423002102F028F820B1234696
:10D130008A2215491648ECE72D2216490EA800F060
:10D14000A1FD20B1234690220F491348E1E70220B8
:10D15000002102F063F8064620B1234697220A49CF
:10D160000E48D6E72D2206490EA800F0E4FD0F2D4B
:10D17000BBD10B4802F064FA2670CCE78E53060C44
:10D18000FB55060C4250060C1862060CB350060CF8
:10D19000D650060C7755060C1451060CBB4A060CEB
:10D1A0005F51060C70B50446354A9AB004AB02F1E3
:10D1B00020061D4610685168083203C5B2422B464E
:10D1C000F7D11068127928602A712E4A0EAB02F14D
:10D1D00028061D4610685168083203C5B2422B4626
:10D1E000F7D11068127928602A710025039501355E
:10D1F0000F222946244802F023FA00232422009318
:10D200000220002104AB01F09BFF024638B1234607
:10D2100049221E491E48F8F795F81AB070BD03ABB5
:10D2200001930FAB009302202423002101F0A6FFFD
:10D2300020B12346522215491648ECE72D22164903
:10D240000EA800F01FFD20B1234658220F491348B5
:10D25000E1E72D220B490EA800F06DFD0F2DC6D180
:10D260000F4802F0EDF90220002101F0D7FF20B1B4
:10D270002346652205490B48CDE72070CDE700BF66
:10D280008E53060CFB55060C4250060C1862060C19
:10D29000B350060CD650060C7755060C1451060CEC
:10D2A0005F51060CBB4A060C0346022201490248A4
:10D2B000F8F73AB828C603306E62060C70B504461B
:10D2C0003A4B8CB002AA03F120061546186859683B
:10D2D000083303C5B3422A46F7D118681B79286082
:10D2E0002B710023242200930220002102AB01F0C5
:10D2F00027FF40B1234640F2C2222D492D48F8F7BE
:10D3000021F80CB070BDF7F795FF28B1234640F225
:10D31000CB2227492848F2E7F7F78CFF18B12346BC
:10D3200040F2D122F5E70120F7F784FF054618B156
:10D33000234640F2D722ECE700F058FD843005D0B8
:10D34000234640F2E3221A491C48D8E72846F7F75B
:10D3500073FF28B123464FF43D7215491848CEE7B4
:10D36000F7F76AFF18B1234640F2FA22F5E70120E9
:10D37000F7F762FF18B123464FF44072EDE700F073
:10D3800035FD28B1234640F2073209490D48B6E77A
:10D390000220002101F042FF28B1234640F20E3264
:10D3A00003490948ABE72070ABE700BF8E53060C7A
:10D3B000BC62060CB350060C1463060C2E63060CFC
:10D3C0004563060C5F63060CBB4A060C70B5044649
:10D3D000334B8CB002AA03F1200615461868596831
:10D3E000083303C5B3422A46F7D118681B79286071
:10D3F0002B710023242200930220002102AB01F0B4
:10D400009FFE40B123464FF41B7226492648F7F78A
:10D4100099FF0CB070BDF7F70DFF28B1234640F21D
:10D42000752220492148F2E70220F7F705FF05465B
:10D4300028B1234640F27B221A491D48E7E700F055
:10D44000D5FC843005D0234640F28722154919487F
:10D45000DDE72846F7F7F0FE18B123464FF42672B1
:10D46000EAE70220F7F7E6FE18B1234640F29E22D3
:10D47000D7E700F0BBFC28B1234640F2A5220949BA
:10D480000D48C4E70220002101F0C8FE28B1234660
:10D490004FF42B7203490948B9E72070B9E700BF80
:10D4A0008E53060CBC62060CB350060C1463060CBB
:10D4B0004563060C8163060C5F63060CBB4A060CD1
:10D4C00070B50446394B8CB002AA03F1200615460C
:10D4D00018685968083303C5B3422A46F7D118685B
:10D4E0001B7928602B710023242200930220002145
:10D4F00002AB01F025FE38B12346E8222C492D4825
:10D50000F7F720FF0CB070BDF7F794FE20B123466B
:10D51000EF2227492848F3E70120F7F78BFE10B1E7
:10D520002346F522F5E70220F7F784FE054610B101
:10D530002346FB22EDE700F059FC843005D023465A
:10D5400040F207121A491D48DAE72846F7F774FE39
:10D5500028B123464FF48C7215491948D0E70120B1
:10D56000F7F76AFE18B123464FF48F72F4E70220F2
:10D57000F7F762FE18B123464FF49272ECE700F021
:10D5800035FC28B1234640F22B1209490D48B7E774
:10D590000220002101F042FE28B123464FF4997287
:10D5A00003490948ACE72070ACE700BF8E53060C76
:10D5B000BC62060CB350060C1463060C9F63060C89
:10D5C0004563060C5F63060CBB4A060C70B5044647
:10D5D000404B9AB004AA03F1200615461868596812
:10D5E000083303C5B3422A46F7D118681B7928606F
:10D5F0002B71394B0EAA03F1280615461868596895
:10D60000083303C5B3422A46F7D118681B7928604E
:10D610002B7100232422039300930220002104ABEA
:10D6200001F08EFD40B1234640F221222B492C48C7
:10D63000F7F788FE1AB070BD0120F7F7FDFD28B19D
:10D64000234640F22A2225492648F1E70220F7F72F
:10D65000F3FD18B123464FF40C72F4E70220F7F7FC
:10D66000EBFD18B1234640F23622ECE700F0BEFB9A
:10D67000024628B1234640F2412218491A48D7E70A
:10D6800003AB01930FAB009302202423002101F090
:10D6900075FD28B1234640F2492210491348C7E7D7
:10D6A0002D2213490EA800F0EDFA28B1234640F2CE
:10D6B0004F220A490F48BBE70220002101F0AEFDCE
:10D6C00028B1234640F2562204490B48B0E72070A7
:10D6D000B0E700BF8E53060CFB55060CBC62060C6F
:10D6E000B350060C4563060C5F63060CD650060C5F
:10D6F0007755060C1451060CBB4A060C70B504464F
:10D700003C4B9AB004AA03F12006154618685968E4
:10D71000083303C5B3422A46F7D118681B7928603D
:10D720002B71354B0EAA03F1280615461868596867
:10D73000083303C5B3422A46F7D118681B7928601D
:10D740002B7100232422039300930220002104ABB9
:10D7500001F0F6FC40B1234640F2D912274928488F
:10D76000F7F7F0FD1AB070BD0120F7F765FD28B19D
:10D7700023464FF4F17221492248F1E70220F7F7DE
:10D780005BFD18B123464FF4F472F4E700F02EFB72
:10D79000024628B1234640F2F31218491A48DFE73F
:10D7A00003AB01930FAB009302202423002101F06F
:10D7B000E5FC28B1234640F2FB1210491348CFE79D
:10D7C0002D2213490EA800F05DFA28B1234640F23D
:10D7D00001220A490F48C3E70220002101F01EFD83
:10D7E00028B123464FF4027204490B48B8E7207071
:10D7F000B8E700BF8E53060CFB55060CBC62060C46
:10D80000B350060C4563060C5F63060CD650060C3D
:10D810007755060C1451060CBB4A060C70B504462D
:10D82000374B9AB004AA03F12006154618685968C8
:10D83000083303C5B3422A46F7D118681B7928601C
:10D840002B71304B0EAA03F128061546186859684B
:10D85000083303C5B3422A46F7D118681B792860FC
:10D860002B7100232422039300930220002104AB98
:10D8700001F066FC40B1234640F29312224923484E
:10D88000F7F760FD1AB070BDF7F7D4FC28B1234656
:10D890004FF4CE721C491E48F2E700F0A7FA024688
:10D8A00028B123464FF4D47217491A48E8E703AB6E
:10D8B00001930FAB009302202423002101F05EFCB2
:10D8C00028B123464FF4D8720F491348D8E72D22C8
:10D8D00012490EA800F0D6F928B123464FF4DB72A6
:10D8E00009490F48CCE70220002101F097FC28B13C
:10D8F000234640F2BD1204490A48C1E72070C1E73F
:10D900008E53060CFB55060CBC62060CB350060C7D
:10D910001463060C5F63060CD650060C7755060C94
:10D920001451060CBB4A060C70B50446384B9AB02D
:10D9300004AA03F12006154618685968083303C580
:10D94000B3422A46F7D118681B7928602B71314BF6
:10D950000EAA03F12806154618685968083303C54E
:10D96000B3422A46F7D118681B7928602B7100232F
:10D970002422039300930220002104AB01F0E0FB7A
:10D9800040B1234640F24D1223492448F7F7DAFC10
:10D990001AB070BD0220F7F74FFC28B123464FF4B0
:10D9A000AB721D491E48F1E700F020FA024628B18B
:10D9B00023464FF4B17218491A48E7E703AB0193C5
:10D9C0000FAB009302202423002101F0D7FB28B1E4
:10D9D00023464FF4B57210491348D7E72D22134957
:10D9E0000EA800F04FF928B123464FF4B8720A4947
:10D9F0000F48CBE70220002101F010FC28B123469C
:10DA000040F2771204490B48C0E72070C0E700BF1E
:10DA10008E53060CFB55060CBC62060CB350060C6C
:10DA20004563060C5F63060CD650060C7755060C52
:10DA30001451060CBB4A060C70B50446544B9EB0FC
:10DA400008AA03F12006154618685968083303C56B
:10DA5000B3422A46F7D118681B7928602B714D4BC9
:10DA600012AA03F12806154618685968083303C539
:10DA7000B3422A46F7D118681B7928602B7100231E
:10DA80002422079300930220002108AB01F058FBE9
:10DA900038B12346782240494048F7F753FC1EB07E
:10DAA00070BD03A9F7F7C4FB20B123467F223A4992
:10DAB0003B48F2E7009024220220002108AB01F04D
:10DAC0003FFB10B123468622E5E704A9F7F7B0FB38
:10DAD00010B123469122EAE7039B049A0133934253
:10DAE00004D0234699222C492E48D6E7012005A9C7
:10DAF000F7F79EFB10B12346A022D8E7DDE9042307
:10DB00009A4204D02346A52223492748C5E702208C
:10DB100006A9F7F78DFB10B12346AC22C7E7DDE974
:10DB200005239A4204D02346B1221B491F48B4E77B
:10DB300000F05CF9024620B12346BD2216491C487C
:10DB4000ABE707AB019313AB009302202423002122
:10DB500001F014FB20B12346C5220F4915489CE76C
:10DB60002D22154912A800F08DF820B12346CB22B2
:10DB70000949124891E70220002101F04FFB20B132
:10DB80002346D22204490E4887E7207087E700BF6A
:10DB90008E53060CFB55060CBC62060CB350060CEB
:10DBA000CF63060CE463060C1564060C4364060C94
:10DBB0007164060CD650060C7755060C1451060CF1
:10DBC000BB4A060C70B50546144A8CB002AC02F193
:10DBD0002006234610685168083203C3B2421C462F
:10DBE000F7D110681860137923710024F7F714FB3C
:10DBF000242202200021009402AB01F0A1FA84301B
:10DC000008D02B4640F2293205490648F7F79AFB1F
:10DC10000CB070BDF7F706FB2C70F9E78E53060CBD
:10DC2000BC62060C8C64060C0346092201490248BA
:10DC3000F7F77ABB40C60330CE64060C03460122D8
:10DC400001490248F7F770BBACC603302C69060CDB
:10DC5000002210B5114604464FF0FF3001F04AFA99
:10DC6000032807D02346BDE8104016220349044884
:10DC7000F7F768BB0023237010BD00BFA569060C31
:10DC8000F169060C0346002030B5013A00D230BDE0
:10DC90001D780C78A54202D008B9281BF5E701339E
:10DCA0000131F2E7814270B41346054602D370BCDD
:10DCB00000F041B88218194483B9002418190328C8
:10DCC00016D86FF003009C084443234422440C44BC
:10DCD00000218B4214D1284670BC704742EA0100F3
:10DCE0008007EAD011F8010D013B02F8010DE3E7CE
:10DCF000601850F8046CA01840F8046C043CDDE790
:10DD0000601A10F8016C501A00F8016C0131E0E75C
:10DD100003460020884200D170471A5C002AFBD0DD
:10DD20000130F7E7034600201A5C02B97047013062
:10DD3000FAE703DF7047034670B56AB90024151986
:10DD4000032D13D822F0030421441C44002302F0C5
:10DD500003029A4210D170BD41EA0304A407EDD03A
:10DD600011F8014B013A03F8014BE6E70D1B2E6851
:10DD70001D1B2E60043CE2E7CD5CE5540133E8E76F
:10DD8000F0B505460C0444EA01640C4344EA01245E
:10DD900062B913465619032A0ED823F003022A4407
:10DDA00003F0030313449A420AD1F0BDAB07F0D04D
:10DDB00005F8011B013AEBE7B71A3C60043AEAE7C1
:10DDC00002F8011BEFE710B501390244904201D17E
:10DDD000002005E0037811F8014FA34201D0181B81
:10DDE00010BD0BB10130F1E71846F9E737B5012155
:10DDF0004FF2C000F6F7EEFA051E0DDD00231A46BD
:10DE00001946CDE9003301F037FA04462846F6F703
:10DE1000FDFA204603B030BD6FF08304F9E730B55A
:10DE200085B0CDE90212044601214FF2E000F6F779
:10DE3000D1FA051E0EDD00232146CDE9003302AAEA
:10DE4000012301F019FA04462846F6F7DFFA2046C6
:10DE500005B030BD6FF08304F9E700007FB5CDE970
:10DE60000423012304AACDE90201009240F2E93122
:10DE70000548019302AA01F0FFF910B9089B059A21
:10DE80001A6007B05DF804FB03010040002310B5E1
:10DE900088B0039302AB0493042303AA0C46CDE994
:10DEA00006230593029069B1012306AA019300920B
:10DEB00040F2EA31054804AA01F0DEF9039B236031
:10DEC00008B010BD6FF08600FAE700BF0301004004
:10DED00030B5382597B008AB04462A4600211846CD
:10DEE000FFF74EFF03AB069304234FF442720793F0
:10DEF0000123ADF8482006AACDE9040500920021CF
:10DF00000548019304AA099401F0B6F910B90398E1
:10DF100017B030BD0020FBE70001004030B53825C8
:10DF20009BB00CAB0C462A460021ADF80E001846FB
:10DF3000FFF726FF40F20952ADF8582005AA0692D5
:10DF40000422079201220DF10E030A93022301928B
:10DF500006AACDE9080500920021064808AA0D94FA
:10DF60000B9301F089F910B905981BB030BD002062
:10DF7000FBE700BF000100402DE9F0414FF03808F9
:10DF800098B01C460AAB07460E461546002142468D
:10DF90001846FFF7F5FE1823CDE90736042303934F
:10DFA000012340F20322019302ABCDE90408ADF84E
:10DFB000502000930021032304AA044806970995E2
:10DFC000029401F059F918B0BDE8F0810001004059
:10DFD00010B592B004463422002105A8FFF7D0FE08
:10DFE0004FF40173ADF8383004AB002102933823AD
:10DFF000CDE90011039302AA01230348049401F020
:10E000003BF912B010BD00BF0001004030B595B023
:10E0100005460C463422002107A8FFF7B1FE4FF455
:10E020000073ADF8403006AB02933823CDE90334DA
:10E0300018230593012304AA00920021019302AA48
:10E040000248069501F018F915B030BD00010040F6
:10E05000F0B595B007460E4615460021342207A8B4
:10E060001C46FFF78DFE40F20523ADF8403006ABAD
:10E0700002933823CDE90336012304AA01930092C9
:10E08000002102AA04480697059501F0F5F8059BC2
:10E09000236015B0F0BD00BF00010040F0B595B0A1
:10E0A00007460E4615460021342207A81C46FFF7F6
:10E0B00067FE40F20623ADF8403006AB02933823EA
:10E0C000CDE90336012304AA01930092002102AA9C
:10E0D00004480697059501F0CFF8059B236015B01D
:10E0E000F0BD00BF00010040F0B53827064695B0EE
:10E0F00006AB0D46144600213A461846FFF740FE8F
:10E1000032680021089240F20552CDE90207ADF8CD
:10E1100040200223CDE9001102AA0348CDE90454AE
:10E1200001F0AAF815B0F0BD0001004070B504463A
:10E1300094B00E46154600212C2209A8FFF720FEB8
:10E14000236804AA089340F20253ADF8403006ABAE
:10E1500002933823CDE9033404230593012300926D
:10E160000021019302AA0348CDE9066501F084F875
:10E1700014B070BD0001004070B5044694B00E4666
:10E18000154600212C2209A8FFF7FAFD236804AAEE
:10E19000089340F20353ADF8403006AB02933823A6
:10E1A000CDE9033404230593012300920021019358
:10E1B00002AA0348CDE9066501F05EF814B070BD0F
:10E1C000000100402DE9F0414FF03808074696B0B5
:10E1D0001C4608AB0E461546002142461846FFF77E
:10E1E000CFFD1C9B3A68039301230A9240F206522A
:10E1F000019302ABCDE90408ADF84820009304AACE
:10E20000022300210548CDE90665029401F034F8A7
:10E210001D9B039A1A6016B0BDE8F0810001004012
:10E2200030B5382595B0044606AB2A46002118467D
:10E23000FFF7A6FD04232268059308924FF4A1621C
:10E240000123ADF8402004AACDE902050092002187
:10E25000019302AA0248049401F00EF815B030BDF3
:10E26000000100402DE9F0414FF0380896B01D46FE
:10E2700008AB04460F461646002142461846FFF7F3
:10E280007FFD04232268CDE9053702230A9240F27C
:10E290000752019304ABCDE90208ADF84820009382
:10E2A0000021012302AA05480494079600F0E4FF28
:10E2B000079B2B6016B0BDE8F08100BF0001004055
:10E2C00070B5382694B0044606AB0D4632460021A0
:10E2D0001846FFF755FD042322680593089240F283
:10E2E00002320123ADF8402004AACDE902060092D3
:10E2F0000021019302AA03480795049400F0BCFF93
:10E3000014B070BD00010040F0B53827064695B046
:10E3100006AB0D46144600213A461846FFF730FD7D
:10E3200032680021089240F20332CDE90207ADF8CD
:10E3300040200223CDE9001102AA0348CDE904548C
:10E3400000F09AFF15B0F0BD000100402DE9F0414A
:10E350004FF0380896B01D4608AB04460F461646E7
:10E36000002142461846FFF70BFD04232268CDE941
:10E37000053702230A9240F20532019304ABCDE93E
:10E380000208ADF8482000930021012302AA0548A5
:10E390000494079600F070FF079B2B6016B0BDE851
:10E3A000F08100BF00010040F0B5382797B008ABFE
:10E3B00004460E46154600213A461846FFF7E0FC93
:10E3C00004232268039301230A9240F20632019348
:10E3D00002ABCDE90407ADF84820009300210223E9
:10E3E00004AA0448CDE90665029400F045FF17B081
:10E3F000F0BD00BF000100402DE9F0414FF03808AA
:10E4000096B01C4608AB07460E461546002142460C
:10E410001846FFF7B5FC1C9B4FF440720393012391
:10E42000019302ABCDE90408ADF84820009304AA9B
:10E43000022300210648CDE906650997029400F001
:10E440001BFF1D9B039A1A6016B0BDE8F08100BF48
:10E45000000100402DE9F0414FF0380896B01C460D
:10E4600008AB07460E461546002142461846FFF700
:10E4700087FC002140F201321C9BCDE90208ADF877
:10E4800048200793CDE90011032302AA0448CDE9EF
:10E4900004650997069400F0EFFE16B0BDE8F08120
:10E4A0000001004070B5044694B00E4615460021A8
:10E4B0002C2209A8FFF764FC236804AA089340F201
:10E4C0000343ADF8403006AB02933823CDE9033463
:10E4D00004230593012300920021019302AA03481B
:10E4E000CDE9066500F0C8FE14B070BD0001004023
:10E4F000F0B53827064695B006AB0D461446002108
:10E500003A461846FFF73CFC32680021089240F278
:10E510000442CDE90207ADF840200223CDE9001105
:10E5200002AA0348CDE9045400F0A6FE15B0F0BDE0
:10E5300000010040F0B5382797B008AB04460E46FE
:10E54000154600213A461846FFF71AFC04232268B4
:10E55000039301230A9240F20642019302ABCDE9F4
:10E560000407ADF8482000930021022304AA0448C0
:10E57000CDE90665029400F07FFE17B0F0BD00BF44
:10E58000000100402DE9F0431446302299B0804646
:10E59000DDE920690F460DEB020000211D46FFF763
:10E5A000EFFB4FF4C063CDE90A87ADF850303EB9B8
:10E5B000B9F1000F04D06FF0860019B0BDE8F08308
:10E5C000229B102D0693239BCDF82490CDE907368E
:10E5D000249B0293259B0393EDD834B122460DF181
:10E5E0003B0361198A4215D113950AAB0493382372
:10E5F00005930123002E019302AB009304AA0CBFE4
:10E60000022303230021064800F036FE269B039ACE
:10E610001A60D2E712F8010B03F8010FE2E700BF1E
:10E62000000100402DE9F0431446302299B08046A5
:10E63000DDE920690F460DEB020000211D46FFF7C2
:10E640009FFB40F20163CDE90A87ADF850303EB937
:10E65000B9F1000F04D06FF0860019B0BDE8F08367
:10E66000229B102D0693239BCDF82490CDE90736ED
:10E67000249B0293259B0393EDD834B122460DF1E0
:10E680003B0361198A4215D113950AAB04933823D1
:10E6900005930123002E019302AB009304AA0CBF43
:10E6A000022303230021064800F0E6FD269B039A7F
:10E6B0001A60D2E712F8010B03F8010FE2E700BF7E
:10E6C0000001004070B5044694B00E461546002186
:10E6D0002C2209A8FFF754FB236804AA089340F2F0
:10E6E0000263ADF8403006AB02933823CDE9033422
:10E6F00004230593012300920021019302AA0348F9
:10E70000CDE9066500F0B8FD14B070BD0001004011
:10E7100070B5044694B00E46154600212C2209A877
:10E72000FFF72EFB236804AA089340F20363ADF8B9
:10E73000403006AB02933823CDE90334042305931C
:10E74000012300920021019302AA0348CDE9066546
:10E7500000F092FD14B070BD00010040F0B5382704
:10E76000064695B006AB0D46144600213A461846BB
:10E77000FFF706FB32680021089240F20562CDE9FE
:10E780000207ADF840200223CDE9001102AA034898
:10E79000CDE9045400F070FD15B0F0BD000100405B
:10E7A000F0B5382706460D4693B004AB1446002159
:10E7B0003A461846FFF7E4FA32680021CDE906250B
:10E7C00040F20662CDE90207ADF838200123CDE919
:10E7D000001102AA0248089400F04EFD13B0F0BDEB
:10E7E0000001004070B5064694B006AB18460C46D2
:10E7F000154600213822FFF7C3FA32680346089213
:10E8000040F20762ADF8402004B98DB900210293AF
:10E810003823002CCDE90334CDE900110CBF0123CE
:10E820000223054802AA059500F026FD14B070BD2C
:10E830006FF08600FAE700BF00010040F0B5074620
:10E8400097B01E4608AB18460C46154600213822E4
:10E85000FFF796FA3A6803460A924FF4C162ADF8A0
:10E86000482004B9D5B904933823CDE905341C9B5D
:10E87000002C03934FF00103019302AB009304AA11
:10E880000CBF01230223002106480795029600F0E1
:10E89000F3FC1D9B039A1A6017B0F0BD6FF0860061
:10E8A000FAE700BF00010040F0B5074699B01E46E8
:10E8B0000AAB18460D46144600213822FFF760FACD
:10E8C0003A6803460C9240F20962ADF8502025B92F
:10E8D0001CB16FF0860019B0F0BD02933823CDE96A
:10E8E0000337042305931E9B099406931F9BCDE9D0
:10E8F0000735ADB1A4B1002EEBD0032404AB0093D7
:10E9000002AA012300210748019400F0B5FC032C62
:10E9100014BF0023099B079A3360209B1A60DAE733
:10E920000224EBE700010040F0B5074699B01C4611
:10E930000AAB18460E46154600213822FFF720FA8A
:10E940003A6803460C9240F20A62ADF8502026B9AC
:10E950001DB16FF0860019B0F0BD02933823039308
:10E960001E9B099504931F9BCDE905370423CDE930
:10E97000073696B18DB1002CEBD0022506AB009383
:10E98000002102230648019502AA00F075FC022D21
:10E9900014BF0023099B2360DDE70125EEE700BFDC
:10E9A0000001004030B5382595B0044606AB2A4634
:10E9B00000211846FFF7E4F9042322680593089222
:10E9C00040F20B620123ADF8402004AACDE9020514
:10E9D00000920021019302AA0248049400F04CFC2A
:10E9E00015B030BD00010040F0B597B007460E46A7
:10E9F0001546002130220AA81C46FFF7C1F94FF442
:10EA0000E063ADF8483008AB04933823CDE9053511
:10EA10001C9B04AA02931D9B0021039301230193D5
:10EA200002AB009305480223CDE90876079400F075
:10EA300023FC1E9B039A1A6017B0F0BD0001004032
:10EA4000F0B597B007460E461546002130220AA8B9
:10EA50001C46FFF795F940F20173ADF8483008AB5A
:10EA6000029338230021CDE903351C9BCDE9001129
:10EA700006931D9B02AA079304480323CDE9087659
:10EA8000059400F0F9FB17B0F0BD00BF0001004095
:10EA9000F0B597B007460E461546002130220AA869
:10EAA0001C46FFF76DF940F20273ADF8483008AB31
:10EAB00004933823CDE905351C9B04AA02931D9BC2
:10EAC000002103930123019302AB00930548022325
:10EAD000CDE90876079400F0CFFB1E9B039A1A60DD
:10EAE00017B0F0BD00010040F0B597B007460E46E4
:10EAF0001546002130220AA81C46FFF741F940F2D2
:10EB00000373ADF8483008AB029338230021CDE9F8
:10EB100003351C9BCDE9001106931D9B02AA0793A8
:10EB200004480323CDE90876059400F0A5FB17B04F
:10EB3000F0BD00BF000100402DE9F0431646302231
:10EB400099B08046DDE920490F460DEB0200002117
:10EB50001D46FFF715F94FF40063CDE90A87ADF8BC
:10EB6000503014B9B9F1000F21D10AAB0493382306
:10EB7000CDE90536229B002C0293239B04AA039324
:10EB80004FF00103019302AB00934FF000010CBF63
:10EB9000022303230748CDE90754CDF8249000F061
:10EBA0006BFB249B039A1A6019B0BDE8F0836FF0E9
:10EBB0008600F9E7000100402DE9F04316463022B7
:10EBC00099B08046DDE920490F460DEB0200002197
:10EBD0001D46FFF7D5F840F60103CDE90A87ADF8E9
:10EBE000503014B9B9F1000F21D10AAB0493382386
:10EBF000CDE90536229B002C0293239B04AA0393A4
:10EC00004FF00103019302AB00934FF000010CBFE2
:10EC1000022303230748CDE90754CDF8249000F0E0
:10EC20002BFB249B039A1A6019B0BDE8F0836FF0A8
:10EC30008600F9E700010040F0B53827064695B098
:10EC400006AB0D46144600213A461846FFF798F8E1
:10EC500032680123089240F60812ADF8402004AA59
:10EC6000CDE9020700920021019302AA0348CDE9F1
:10EC7000045400F001FB15B0F0BD00BF00010040DE
:10EC800070B5054692B00C4616460021342205A800
:10EC9000FFF776F82B680021069340F60513ADF8D0
:10ECA000383004AB02933823CDE90011039302AA54
:10ECB000012304480496ADF83A4000F0DDFA12B0A2
:10ECC00070BD00BF0001004030B5382595B0044646
:10ECD00006AB2A4600211846FFF752F804232268A3
:10ECE0000593089240F60A120123ADF8402004AAC9
:10ECF000CDE9020500920021019302AA0248049482
:10ED000000F0BAFA15B030BD00010040F0B597B080
:10ED100007460E461546002130220AA81C46FFF77A
:10ED20002FF84FF48063ADF8483008AB04933823D4
:10ED3000CDE905351C9B04AA02931D9B002103937A
:10ED40000123019302AB009305480223CDE9087625
:10ED5000079400F091FA1E9B039A1A6017B0F0BD59
:10ED600000010040F0B597B007460E461546002159
:10ED700030220AA81C46FFF703F840F20143ADF821
:10ED8000483008AB029338230021CDE903351C9BA2
:10ED9000CDE9001106931D9B02AA079304480323A3
:10EDA000CDE90876059400F067FA17B0F0BD00BF12
:10EDB00000010040F0B597B007460E461546002109
:10EDC00030220AA81C46FEF7DBFF4FF4A063ADF823
:10EDD000483008AB04933823CDE905351C9B04AAC1
:10EDE00002931D9B002103930123019302AB009327
:10EDF00005480223CDE90876079400F03DFA1E9BF2
:10EE0000039A1A6017B0F0BD00010040F0B597B04A
:10EE100007460E461546002130220AA81C46FEF77A
:10EE2000AFFF40F20153ADF8483008AB04933823EC
:10EE3000CDE905351C9B04AA02931D9B0021039379
:10EE40000123019302AB009305480223CDE9087624
:10EE5000079400F011FA1E9B039A1A6017B0F0BDD8
:10EE600000010040F0B597B006460F461546002158
:10EE700030220AA81C46FEF783FF4FF41063ADF85A
:10EE8000483008AB04933823CDE905351C9B04AA10
:10EE900002931D9B002103930123019302AB009376
:10EEA00005480223CDE90876079400F0E5F91E9B9A
:10EEB000039A1A6017B0F0BD0001004070B5382603
:10EEC00094B0044606AB0D46324600211846FEF7C4
:10EED00057FF042322680593089240F6011201238C
:10EEE000ADF8402004AACDE902060092002101936A
:10EEF00002AA03480795049400F0BEF914B070BD4F
:10EF00000001004070B53826054692B004AB0C46AF
:10EF1000324600211846FEF733FF2A680021069288
:10EF200040F60312CDE90206ADF838200123CDE901
:10EF3000001102AA0248109400F09EF912B070BDB0
:10EF4000000100402DE9F0414FF03808074694B029
:10EF50001C4606AB0E461546002142461846FEF7F3
:10EF60000FFF3A680021089240F60412CDE902082A
:10EF7000ADF840200223CDE9001102AA0448CDE9F2
:10EF80000454ADF8426000F077F914B0BDE8F081A8
:10EF900000010040F0B5382797B008AB05460E4693
:10EFA000144600213A461846FEF7EAFE1823079356
:10EFB00004233268039301230A9240F60912019355
:10EFC00002ABCDE90407ADF84820009300210223ED
:10EFD00004AA03480695029400F04EF917B0F0BD5C
:10EFE0000001004018220021FEF7CABE00B58BB018
:10EFF000CDE9020102A904910821CDE905130CAB6A
:10F0000008930423099300230792CDE9003340F2CB
:10F01000E931032304AA034800F02EF90BB05DF890
:10F0200004FB00BF0201004010B58CB0CDE9020125
:10F0300002A908910821099105A90A9104210F9CB0
:10F040000B910E990592CDE9061374B1012301933A
:10F0500006AB009340F2EA310223054808AA00F00B
:10F060000BF9079B23600CB010BD6FF08600FAE728
:10F070000201004010B58CB0CDE902010021CDE9BC
:10F0800009110B9102A90591082109ABCDE90613DD
:10F090000C23144608938AB1012307AA0193009216
:10F0A00040F2EB31074805AA00F0E6F8099B23601F
:10F0B0000A9B63600B9BA3600CB010BD6FF08600D1
:10F0C000FAE700BF020100407FB502AB04930823BA
:10F0D00005930023CDE90201CDE900334FF47B71A4
:10F0E000012304AA024800F0C7F807B05DF804FB4A
:10F0F00002010040002300B589B0CDE9063303AB1F
:10F100000493042303900593A9B10B6806934B68FD
:10F1100007930223111E18BF01210848CDE90021E1
:10F1200040F2F53104AA00F0A7F80028B8BF01208A
:10F1300009B05DF804FB0123ECE700BF05010040C6
:10F1400000B58BB0CDE9020102A904910821CDE9F7
:10F1500005130CAB08930423099300230792CDE910
:10F16000003340F2E931032304AA034800F084F895
:10F170000BB05DF804FB00BF0101004010B58CB07E
:10F18000CDE9020102A908910821099105A90A9176
:10F1900004210F9C0B910E990592CDE9061374B1D1
:10F1A0000123019306AB009340F2EA3102230548A4
:10F1B00008AA00F061F8079B23600CB010BD6FF047
:10F1C0008600FAE70101004010B58CB0CDE90201DC
:10F1D0000021CDE909110B9102A90591082109AB84
:10F1E000CDE906130C23144608938AB1012307AA1C
:10F1F0000193009240F2EB31074805AA00F03CF879
:10F20000099B23600A9B63600B9BA3600CB010BD3D
:10F210006FF08600FAE700BF010100407FB502AB46
:10F220000493082305930023CDE90201CDE90033BF
:10F230004FF47B71012304AA024800F01DF807B0C7
:10F240005DF804FB010100407FB503AA049204228B
:10F25000059201220023019204AA009240F2ED31AE
:10F260001A460448039300F007F8039807B05DF8C6
:10F2700004FB00BF0101004070B5B1F5004F1D4611
:10F28000DDE9043403D2042D01D8042C01D9F5F7AB
:10F2900097F8240444EA05642143BDE87040F5F77B
:10F2A0005BB807B503468DF80720084601220DF12B
:10F2B0000701984703B05DF804FB2DE9F84F1D46A0
:10F2C000074688461646BDF828409DF82CA09DF8B4
:10F2D00030909DF834307AB333B113461D4613F89D
:10F2E000012B002AFAD1AD1BAC428ABF641B00245B
:10F2F000A4B2BAF1000F14D02A4631464046B847AE
:10F30000BAF1000F18D0002513E04A4641463846AE
:10F31000FFF7C7FF0BF1010B1FFA8BF39C42F4D8E8
:10F32000EAE7D346F8E74A4641463846FFF7B9FFD1
:10F330000135ABB29C42F6D8BDE8F88F2DE9F04F0D
:10F34000002489B09DF848C006469DF85800A445A1
:10F350000F469DF854100CBF4FF0200A4FF0300AB2
:10F36000A0429846CDE905440CBF612041209DF89C
:10F370005030CDF81B4019B1A242ACBF21465242D9
:10F380000DF11E04A1460A38B2FBF3FB03FB1B2B55
:10F390005FFA8BF5BBF1090F94BF30352D18A646E7
:10F3A000EDB2934204F1FF346570B2FBF3F518D966
:10F3B00031B1BCF1000F16D12D232370AEF1020440
:10F3C0000023CDE902A39DF84C303946CDE90083F6
:10F3D0003046A9EB0403621CFFF76FFF09B0BDE8DC
:10F3E000F08F2A46D0E72D2239463046FFF759FFE5
:10F3F000E6E700002DE9F04F89B01C469DF8483043
:10F4000006460F469246F3B112783C2A19D00A3AC2
:10F41000D2B2282A98BF624B4FF0010098BF53F830
:10F4200022204FF0000388BF0022CDE90230CDE951
:10F4300000333046FFF741FF202239463046FFF7C0
:10F4400030FF0AF1010A4FF00009CB46C8460025FB
:10F4500011E0BDB9252B00F09B800A2B06D10D22AF
:10F46000394630460793FFF71CFF079B1A4639467B
:10F470003046FFF716FF1AF8013B002BE9D109B01F
:10F48000BDE8F08F7A2B08D8682B0ED8302B74D0BB
:10F4900036D8252B76D02D2B7FD000230122CDE925
:10F4A0000033CDE902323F4A62E0693B112BF4D8C8
:10F4B00001A252F823F000BF23F5040C9BF4040CC6
:10F4C0009BF4040C77F4040C9BF4040C9BF4040CE4
:10F4D0009BF4040C9BF4040C9BF4040C9BF4040CB0
:10F4E0005FF5040C9BF4040C2DF5040C9BF4040C48
:10F4F0009BF4040C4DF5040C9BF4040C77F4040C01
:10F50000582B28D00BD8A3F13102082AC5D808EB14
:10F510008808303B03EB48031FFA83F8ABE7642B02
:10F52000BBD101230025CDE9033502E00025CDE95B
:10F5300003550A23CDE90193CDF800B0434639467F
:10F54000304654F8042BFFF7F9FE94E700250495A4
:10F5500010230395EEE7012300250493F8E7202309
:10F560000121CDE902310023CDE9008954F8042BB3
:10F5700039463046FFF7A1FE69E7B8F1000FC6D162
:10F58000AB4678E71A4639463046FFF78AFE5EE713
:10F59000A946AB46A84601256DE7A9466BE700BF23
:10F5A0000C85060C186A060C10B50446083000F0ED
:10F5B00057F80028C2BF63681B18636010BD0000C5
:10F5C00010B500248CB00B46009202A902460748F1
:10F5D0008DF808400394FFF70DFF02A89DF808106E
:10F5E000FFF7E2FF03980CB010BD00BFF1F5040C6B
:10F5F000F8B507460E4617F8081B05468B18202B52
:10F60000144609D9FFF7D0FF002326442B70202C85
:10F61000A6EB04010AD80E46287822463146384423
:10F62000FEF789FB2B7823442B70F8BD2022384647
:10F63000FEF781FB20212846FFF7B6FF203CE6E7D6
:10F640000FB407B504A951F8040B01220191FFF78B
:10F65000B7FF03B05DF804EB04B0704702DF7047FA
:10F66000FFF7FCBF73B50D46164604211A4603206A
:10F670001C46EDF715FFD0B92368069AD900B342AE
:10F68000118016D8012104200DF10702EDF708FFC3
:10F6900068B9079B084A02201A609DF80730089A4B
:10F6A00043F4E243138021682A46EDF7F9FE02B0E5
:10F6B00070BD43F65C20FAE709060006084610B55F
:10F6C0001146024600201C46EDF7EAFE024678B9D4
:10F6D0002146EDF7B1FE024650B923680299DB00DE
:10F6E0000B80039B034919604FF49051049B1980D0
:10F6F000104610BD09010008014B0360022070474D
:10F70000F085060C014B036002207047B085060CA3
:10F7100001680E4A0346914215D1C169A2F1102237
:10F72000A2F1EF1291420ED18268012A0BD8C26871
:10F7300012B101698A4206D0586928B19B691B1A27
:10F740005842584170470120704700BF55AA00FF3A
:10F750000E4B70B59E68B6B13046FFF7D9FF044630
:10F7600018B9F3687BB935690DB9204670BD2846D4
:10F77000FFF7CEFF28B9EB68B34204D12E462D69BE
:10F78000F2E70446F1E70124EFE700BF400404304C
:10F79000394A2DE9F0411468D4B19468C4B1002805
:10F7A00068D0002966D001FB00F5B5FBF0F0884277
:10F7B00060D1281D5ED8A9070DD025F003010431C2
:10F7C000D46803E06068884207D2A469002CF9D1AC
:10F7D0002046BDE8F0812946F2E7D4F80880B8F168
:10F7E000000F02D00120F4F78CFD401A232804F109
:10F7F0002006D4E9057C1BD80123A360AFB1C7F86C
:10F8000018C0A36903B15F610023C4E9053313691C
:10F81000DB0703D5FFF79CFF0028E3D12A46002130
:10F8200030463446FEF7ACFAD2E7C2F80CC0E8E73F
:10F8300001F1200E04EB0E032038C3E90108206912
:10F84000DFF83880DC60186144F80E80DFF830E0C3
:10F85000C3F81CE000B1C360C3E9057C47B1BB61DC
:10F86000986900B1436101202361C4E90110CBE72D
:10F87000D360F5E70024ABE74004043055AA00FF4D
:10F88000669911EEF8B5054600285DD0394F3B6802
:10F89000002B59D0BA68002A56D0834203D87A6820
:10F8A0001344984202D30120F4F72BFDA0F1200469
:10F8B0002046FFF72DFF0028F5D155F8183C012B05
:10F8C000F1D155F8146C45F8180CB6B1B368002B9B
:10F8D0003BD155F81C3C03F120027368134473605C
:10F8E00055F8103C336103B1DE6020462022002130
:10F8F000FEF746FA234634461E462069002830D0DB
:10F900008368002B2DD16368426820331344636001
:10F910000369D4E905212361CAB9F1B94269816952
:10F920006261A161DAB19461A26902B1546103B16B
:10F93000DC6020220021FEF723FA3B699B0703D5F8
:10F94000FFF706FF0028AED1F8BD0646D5E7916166
:10F95000A1690029E2D04A61E0E7F960F8E7FC60BC
:10F96000E2E7002EE9D1FB68A36103B15C61FC60B2
:10F97000E3E700BF4004043038B50D4614220021EF
:10F9800004461248FEF7FCF91149124800F03AF813
:10F99000232D1AD914F003031FBF043DED18C3F142
:10F9A0000403E4182A4600212046FEF7E9F9074B34
:10F9B000094AC3E900459C602260A2F11022203D63
:10F9C000A2F1EF126560E261DC6038BD40040430F2
:10F9D00085F8040C91F7040C55AA00FF002070472D
:10F9E0000FB4002004B0704770470000014B1B6843
:10F9F000184700BF68C70330014B1B68184700BF9A
:10FA000064C70330024B1860024B00201960704736
:10FA100068C7033064C70330014B1860002070478B
:10FA200060C7033010B50A46044619B1024B0021E5
:10FA30001B68984710BD00BF2086060C10B5044611
:10FA400008B1FFF7EFFF2046BDE81040FFF7D4BF35
:10FA500000F4E040B0F5805F04D0A0F500535842B8
:10FA60005841704701207047054B5A78022A04D14B
:10FA70001878C31F5842584170470020704700BF94
:10FA8000540404300E4B0340B3F1607F06D1B1F54E
:10FA9000885F0CBF00206FF086007047B3F1707F65
:10FAA0000BD101F4E043B3F5005F06D111F4E06F30
:10FAB00014BF00206FF0860070476FF0860070471B
:10FAC0000000C07F914270B506460C4647D07D4B82
:10FAD00021F4FF7121F00101994210D07A4924F0FC
:10FAE000FF038B420BD024F47F7020F00300A1F5BC
:10FAF0007061884203D001F5A0618B4231D1714B16
:10FB000022F4FF7121F00101994211D06E4922F0D7
:10FB1000FF038B420CD022F47F7020F00300A1F58C
:10FB20007061884204D001F5A0618B4240F0C6802C
:10FB300084EA0203FF2B00F2C18014F0FF0304D01B
:10FB4000624943F000738B4209D012F0FF0206D0E5
:10FB50005E4B42F0007199420CBF224600221046D3
:10FB600070BD04F0FE43B3F1A06F2AD102F0FE4352
:10FB7000B3F1A06F40F0A28084EA020333F47E1355
:10FB800040F09C802504C4F30543C2F3054102F410
:10FB900000400ED548B18B4238BF0B4624F47E128C
:10FBA00042EA034242F40042D9E78B4288BF002276
:10FBB000D5E7002800F082808B422CBF224600222D
:10FBC000CDE7B3F1407F79D102F0FE43B3F1407F3E
:10FBD00074D184EA020333F47E136FD13146204698
:10FBE000FFF750FF002869D114F47C1518D0C4F336
:10FBF000054512F47C1330D0C2F30543200402F40F
:10FC000000414BD5002945D0AB4238BF2B461B04E1
:10FC100003F47C1324F47E14234343F400429EE750
:10FC20002B4B2340B3F1607F0AD1E3B243F0007362
:10FC300003F17E43033B102BDBD82649CD5CD8E78C
:10FC4000B3F1707FD5D106F4E043B3F5005F02BF96
:10FC50000125C6F302239D40CBE71D491140B1F1B8
:10FC6000607F0AD1D1B241F0007101F17E410339C8
:10FC70001029C3D8184B5B5CC0E7B1F1707FBDD1D0
:10FC800006F4E041B1F5005F02BF0123C6F302268E
:10FC9000B340B3E79D4288BF002260E721B19D4297
:10FCA0002CBF224600225AE79D4209D12D0405F4BB
:10FCB0007C1524F47E1445EA040250E700224EE746
:10FCC0000A464CE70002000600130006FF0000028F
:10FCD0000000C07F3586060C3586060C8A42F8B5D2
:10FCE00006460D4600F0DE80724B22F4FF7121F0D3
:10FCF0000101994222F0FF070FD003F588539F427C
:10FD00000BD022F47F7121F00301A3F570639942B7
:10FD100003D003F5A0639F4227D1664B25F4FF7102
:10FD200021F00101994210D0634925F0FF038B4275
:10FD30000BD025F47F7020F00300A1F5706188429C
:10FD400003D001F5A0618B420FD115F0FF000BD05D
:10FD50005A4B40F00070984240F0A68082EA0500BD
:10FD6000FF288CBF00200120F8BD05F0FE43B3F151
:10FD7000A06F11D102F0FE43B3F1A06F74D182EAFB
:10FD8000050333F47E136FD12C046DD5C5F3054004
:10FD9000C2F305429042E4E7B3F1407F64D102F040
:10FDA000FE43B3F1407F5FD182EA050030F47E1458
:10FDB0005AD131462846FFF765FE002874D14049E4
:10FDC00012F47C1001EA020116D0B1F1607FC2F397
:10FDD000054335D1D1B241F0007101F17E410339C3
:10FDE000102901D8374C645C15F47C1F2ED1A34236
:10FDF00014BF00200120B7E7B1F1607F0AD1D3B270
:10FE000043F0007303F17E43033B102B50D82E497F
:10FE1000CB5CDFE7B1F1707F16D106F4E043B3F5B8
:10FE2000005F43D10123C6F302218B4006F4E04179
:10FE3000B1F5005FD8D10124C6F302218C40D3E78D
:10FE4000B1F1707FD0D1F1E70346CDE718B9C5F322
:10FE50000541A14226D0290406D5C5F305408342B9
:10FE600034BF002001207FE725F47F03B3F1106F3A
:10FE70000AD102F0FE43B3F1106F15D113481040C0
:10FE800040F01060A842B3E7114B9D4201D1AF4250
:10FE9000AEE7B2F1082F07D10E4B9D4204D1B6F563
:10FEA000105FA5E701205FE700205DE70346BDE79F
:10FEB00003468FE70002000600130006FF00000261
:10FEC0000000C07F3586060C3586060C0000FFF664
:10FED0000001000A0002C00310B521F0FF0310B3B7
:10FEE000244C21F4875222F01F02A24210D0224A51
:10FEF00093420DD021F4FF7222F00102B2F1062FDD
:10FF000006D004F5C064A34202D01C4B9A4207D12C
:10FF100011F0FF011ED01A4B41F0007199421FD120
:10FF20006FF086001BE0144A21F4FF7424F00104F2
:10FF30009442EDD002F588529342E9D021F47F74C7
:10FF400024F00304A2F570629442E1D00D4A93427A
:10FF500005D1DDE7002814BF6FF08600002010BD3A
:10FF600001F17E41083903298CBF6FF08500002024
:10FF7000F5E700BF000300060002000600040006CB
:10FF8000FF000002000900060B4B20F47E1098428F
:10FF900006D10739072934BF00206FF0860070476B
:10FFA000064B984205D1002914BF00206FF086004F
:10FFB00070476FF085007047000140050002400562
:10FFC00000F0FE43B3F1A06F2AD1174B20F4FF726B
:10FFD00022F001029A4210D0144A20F0FF0393420B
:10FFE0000BD020F47F7121F00301A2F570629142E1
:10FFF00003D002F5A06293420BD110F0FF0011D0A4
:020000040C05E9
:100000000B4B40F0007098420CBF6FF08600002050
:10001000704710F4004F14BF6FF086000020704747
:100020006FF08600704700BF000200060013000654
:10003000FF00000270B583780446013B012B0E4699
:1000400015460FD852B111460120FFF7CFFC606072
:1000500058B12A463146FDF76EFEA5600323002005
:10006000A37070BD6FF08800FBE76FF08C00F8E7BD
:1000700070B51C4640F2012399420546164624D02D
:10008000B1F5017F06D040F20113994217D06FF00D
:10009000860070BD837853BB6CB121460120FFF709
:1000A000A5FCE86010B96FF08C00F2E722463146FB
:1000B000FDF741FE2C6101230020AB70E9E72246E9
:1000C0003146BDE87040FFF7B5BF8378032B0ED1F2
:1000D0005CB121460120FFF789FC68610028E2D06D
:1000E00022463146FDF727FEAC610423E4E76FF0BA
:1000F0008800CEE738B5037904460D4663B9D4E9E4
:10010000050185E80300237F0020012B0BD0C5E902
:1001100000006FF0960005E0D0E9091203F0C0FE80
:100120000028ECD038BD02232377FBE737B504461F
:100130004868000A02D0084DA8420AD106980090EB
:1001400004F1080009F0C0FF08B90123236003B0DF
:1001500030BD6FF08600FAE70100800037B5054634
:100160000C46FFF781FC78B100230A46019329462B
:10017000074801AB11F05AFA20B9019BA34218BFFE
:100180006FF0930003B030BD6FF08800FAE700BF56
:100190005804043041680F4B0246994202D1037D56
:1001A000980710D5136873B1137DD9070BD513F0D9
:1001B00002000DD0D3684BB91369002B14BF6FF048
:1001C0008600002070476FF0880070476FF086004F
:1001D000704700BF000150053AB1002918BF002345
:1001E0002121D21A1844FDF7CBBD70472DE9F74302
:1001F000CDE90001DDE9000190461F460A9C03F0AD
:100200003BFC0546002844D1D8F80060B6F80090C1
:1002100009F4E043B3F5804FB36808BF27F0010746
:1002200037EA03032DD1A4B3254B24F4FF7222F047
:1002300001029A4210D0234A24F0FF0393420BD0CC
:1002400024F47F7121F00301A2F57062914203D082
:1002500002F5A062934220D114F0FF0304D01A4AA1
:1002600043F0007393421FD022464846F168FFF7DF
:1002700035FD074668B9224648463169FFF72EFD2D
:10028000D8B96FF0840500233046C8F8003003F079
:10029000DEFC284603B0BDE8F08304F0FE43B3F172
:1002A000407F04D12304DFD56FF08605EBE7B3F17F
:1002B000A06FF7D0044B9C42D5E73D46E9E700BF6D
:1002C0000002000600130006FF00000230B585B0F2
:1002D00002AC84E80300009394E803004FF48043E9
:1002E0001546FFF783FF044658B9286843681B0A80
:1002F00007D0054A934204D003F0A9FC2C606FF0AC
:100300008504204605B030BD0100800000F0FE43AA
:10031000B3F1106F02BF20F01F6020F4702040F096
:100320000060704738B500F0FE43B3F1407F0446EB
:100330000D4602D06FF0860038BDFFF7A3FB002802
:10034000F8D114F47C1F18D0C4F30543032B1370A9
:1003500022D9224A2240B2F1607F31D1E4B244F086
:10036000007404F17E44033C102CE3D81C4A125D57
:100370009342DFD8402BDFD90EE0184B2340B3F176
:10038000607F0FD1E3B243F0007303F17E43033B80
:10039000102B04D9002313706FF08500CCE71149AE
:1003A000CB5CD3E7B3F1707FF4D101F4E043B3F554
:1003B000005FEFD10123C1F302218B40DBB2C5E71F
:1003C000B2F1707FB6D105F4E042B2F5005FB1D171
:1003D0000122C5F30225AA40CAE700BF0000C07F82
:1003E0003586060C3586060C2DE9F0479946002324
:1003F0008AB006AC84E80300DDE913868DF823306B
:10040000169B0092002B94E8030015460CBF4FF496
:1004100000634FF4806309AA159FFFF7E7FE0446C7
:1004200020BBDDF824A02846BAF800100DF1230205
:10043000FFF778FF0446C8B99DF82300B04225D8DD
:10044000DAE90912DAF804301B0A02D0124CA3428E
:100450001FD1129BCDE90307CDE9009350462B46EF
:10046000CDF8088009F084FE044600B13E603246B3
:10047000214640463B68FFF7AFFE099803F0E7FBD3
:10048000002C18BF20460AB0BDE8F0876FF0890441
:10049000ECE76FF08604E9E7010080002DE9F34105
:1004A000D0F804804769044640460E4603F0D1FB6D
:1004B000054660BB5FFA88F31BB93FB16FF0860554
:1004C00025E06FF04043013F9F42F7D2A06820F43F
:1004D0007F4020F003000028F0D14FF6F8736288C7
:1004E0009A4218D8277907B901A8314603F082FA51
:1004F000054660B90FCCD6F800C066460FC694E832
:10050000070086E8070017B9019BCCF8143028468D
:1005100002B0BDE8F0816FF08505F8E7F0B58BB06B
:1005200005460C4617460021182204A81E46FDF772
:1005300027FC4FF6F8724FF48853B2EBC60F4FF614
:10054000FF72ADF80C304FEAC60338BF1346ADF862
:100550000E304FF4A0534FF4C0720021284605938B
:10056000FDF70EFCE1B241F000706B7900F17E40C6
:100570000338102843F001036B718CBF00230A4B32
:1005800041F0607198BF1B5C3A462B712846334698
:10059000009103A9FFF7CAFD044603A803F0AAF9D6
:1005A00020460BB0F0BD00BF3586060C40F67E73CA
:1005B00000F6FF729A426DD9434213F07F0306D0D2
:1005C000202BC3F1000037D16FF08500704710F188
:1005D000920F31DA10F5854F0DD026DC10F5A14FC2
:1005E000F2D016DC10F5C54F1CD010F5C14FEBD082
:1005F00010F5C74F2CD16FF09600704740F255139D
:10060000C34013F0010F0CBF6FF083006FF0860042
:10061000704710F5894F3BD010F5864FEBD010F5A1
:10062000994F15D16FF08600704710F5834F2CD08D
:100630000EDC10F5844FF4E710F11F0F16DA10F1FD
:10064000400F25D010F13F0F05DA68300828D5D9C2
:100650006FF08300704710F13D0F19D010F1220F99
:1006600014BF6FF083006FF0850070470E300E28C6
:10067000EED8012340F2151283401342D2D10E2846
:1006800014BF6FF08300002070476FF09200704736
:100690006FF09300704741F2052398421AD8B0F5E5
:1006A000905F09D241F2010398420CD0B0F5885F07
:1006B00009D06FF0850070472923A0F5905080B2D3
:1006C000C340DB07F5D511F0070F14BF6FF08600AC
:1006D00000207047B0F5105FEBD121F04003802B74
:1006E00006D0B1F5807F14BF6FF086000020704700
:1006F0000020704770B5446A05460E463CB901209B
:10070000FFF774F9686228B12046AE6270BD6FF0E1
:100710008A00FBE76FF08C00F8E7F8B50F4611464A
:1007200006461546FFF7E6FF044620B92A46394635
:10073000706AFDF700FB2046F8BD2DE9F14FDDF8AA
:1007400030A00546DDE90AB889461E4617460488EA
:10075000C2B32046FFF77CF988B1D1002046CAF821
:100760000010FFF798FF044628B949463046FDF7C8
:10077000E2FAC8F80070204601B0BDE8F08F6304CB
:1007800020D504F44F43B3F5824F0AD133462846AF
:10079000CDE90B8ACDF828B001B0BDE8F04F08F0E4
:1007A000C3BF44F2010324F440549C420AD13346AF
:1007B0002846CDE90B8ACDF828B001B0BDE8F04F4E
:1007C00009F0DEBD6FF08504D5E710B50446406A38
:1007D00010B1A16AFFF732F90020C4E9090010BD89
:1007E00038B50446FFF7F1FF237F012B0FD0023B02
:1007F000012B0FD8236A012B14BF6FF0960500253B
:100800002C2200212046FDF7BBFA284638BD236A7A
:10081000002BF1E76FF09605F2E708B1FFF7E0BFB4
:1008200070471FB50446CDE90001D8B1DDE90001EC
:1008300003AA03F021F90446A0B9039B1A7F022AF8
:1008400013D103221A771A79FF2A11D022B1D3E9E2
:10085000050103F02DFA0446039803F0E3F900289C
:1008600018BF0446204604B010BD6FF09604F3E7AD
:100870006FF08404F0E770B586B002AD85E8030040
:100880001046144603F036F80023009305AA95E8B5
:100890000300FFF7ABFC50B9059E35460FCD0FC4E2
:1008A00095E8070084E80700304603F0D0F906B069
:1008B00070BD70B5144602881D461046049EFFF7B1
:1008C000C7F868B944F2010322F44050984207D0B7
:1008D00002F44F42B2F5824F02D0B2F5844F0ED1EE
:1008E000B4420FD822462846FDF725FA0021321BD4
:1008F0002819FDF745FA0020059B1C6070BD6FF0BC
:100900008500FBE76FF08900F8E70000F0B587B0DD
:1009100002AC16461D4684E803000C9F2BB300234F
:100920003B60009394E80300012305AAFFF75EFCF7
:100930000446A0B905984468D0E90912240A02D0F7
:100940000B4B9C420ED13346CDE90057FFF7B1FF68
:100950000446059803F07BF9002C08BF04462046A6
:1009600007B0F0BD6FF08604F3E76FF08904F6E797
:10097000010080002DE9F04705880746DDE9088978
:1009800005F4E04EBEF5804F8C4614461E4644F2F8
:10099000010E25F4405A1BD1F24507D005F44F4310
:1009A000B3F5824F02D0B3F5844F19D1444526D810
:1009B000614622463046FDF7BEF90021A8EB04024D
:1009C0003019FDF7DDF90020C9F80040BDE8F087D7
:1009D000F24505D1CDE90889BDE8F04709F0F6BC3C
:1009E00005F44F45B5F5824F0CD1334622463846C3
:1009F000CDE90889BDE8F047614608F0C8BE6FF050
:100A00008900E3E76FF08500E0E7F0B587B002AC5E
:100A100016461D4684E803000C9F0BB300233B6081
:100A2000009394E8030005AAFFF7E0FB044688B9A9
:100A3000059803885B0410D5CDE900573346D0E90B
:100A4000091203F0EDFA0446059803F000F9002CB2
:100A500008BF0446204607B0F0BD6FF08604F3E7F8
:100A60006FF08904F6E700002DE9F0411E460023EF
:100A700086B005460F469046C6E900330493002A27
:100A800055D0B2F1005F55D204A9FFF707FD044627
:100A900080B90498836A8BB104986A684388120A03
:100AA0000593436A50F8281F12D0244CA2420FD05D
:100AB0006FF086040498FFF7B0FE2EE06B681B0A07
:100AC000F6D14146FFF716FE04460028E4D0F1E7D0
:100AD00005AACDE901020091424639462846FFF7B2
:100AE0002CFE04460028E5D10498059B4288C2B933
:100AF00043804FF6F872934216D82B8813B10288C0
:100B00009A42D5D16B8813B142889A42D0D13146EE
:100B1000FFF7F0FA04460028CCD1204606B0BDE825
:100B2000F0819A42C4D1E4E76FF08504C2E76FF028
:100B30008604F2E76FF08504EFE700BF0100800054
:100B40002DE9F04F154600271E468FB00DF1080C19
:100B500007AC8CE8030090460FCD0FC495E8070062
:100B6000C6E9007784E80700009702239CE80300A9
:100B700004AACDE904770697FFF738FB044640B98D
:100B8000B8F80030049C43B122889A4205D06FF037
:100B900086040598FFF741FE60E0B8F802206388FC
:100BA0000AB19342F3D12788DDF828A0D4F80C903D
:100BB00051464A463846ADF81E30ADF81C70FEF777
:100BC00081FF0546DDF82CB0D4F810805946424626
:100BD0003846FEF777FF2DB9BAF1000F02D0B9F110
:100BE000000FD4D128B9BBF1000F02D0B8F1000F2B
:100BF000CDD1A268099B0B90134005A907A8CDE9A8
:100C00000935FFF74BFC04460028C2D1DDE904306A
:100C10005A684168120AB2EB112F28D1089A120AB9
:100C20000ED006A907A803F0E5F904460028B0D1C4
:100C3000DDE90501FFF75EFD04460028A9D1A6E71E
:100C4000D3E90912FFF769FD04460028A1D1314616
:100C50000598FFF74FFA044600289AD1049802F04D
:100C6000F6FF002C18BF20460FB0BDE8F08F6FF0E4
:100C700085048EE710B50446006838B1012806D116
:100C800004F1080008F07EFF0023236010BD6FF020
:100C90008800F9E770B50E4601680546A1B906F06F
:100CA000FE43B3F1007F15D100F10804E022204695
:100CB000FDF766F82046314608F082FF044628B961
:100CC00001232B60204670BD6FF088042846FFF793
:100CD000D1FFF7E76FF08604F8E700002DE9F04157
:100CE0000C4606464FF404720021BAB01030FDF7EE
:100CF00047F8B4F1082F1CD0494A24F43F7323F07D
:100D00000303934224F0FF0717D0464B24F4FF72ED
:100D100022F001029A4210D0A3F500739F420CD03A
:100D2000414B9F4209D06FF0850528463AB0BDE897
:100D3000F0816FF06043B36054E014F0FF04F2D030
:100D400044F0007505F17E48A8F10303102BEAD8A2
:100D500001A252F823F000BF9D0D050CD90D050C22
:100D6000D90D050C270D050C270D050CC90D050C1B
:100D7000CD0D050CD10D050CD50D050CC90D050CBF
:100D8000CD0D050C270D050C270D050CC90D050C07
:100D9000CD0D050CD10D050CD50D050C1024E82248
:100DA00000216846FCF7ECFF29466846FFF772FF12
:100DB00005466846FFF75EFF002DB6D1184B9F42EF
:100DC0000CD1C4EB04240CE01C24E8E72024E6E763
:100DD0003024E4E74024E2E71424E0E7114B9F428B
:100DE00002D1B4600025A0E7104B9F42E9D0104B20
:100DF0009F4207D1A8F10908B8F1010F93D84FF02D
:100E0000FF3398E70B4B9F4206D1A8F10908B8F1D0
:100E1000010F88D830238EE7034B9F42EFD082E743
:100E20000001000800040008000180080005000817
:100E3000000200080003000838B50546006880B1CC
:100E400012B90024204638BD01280AD105F1080056
:100E500008F02CFF04460028F3D02846FFF70AFFCD
:100E6000F0E76FF08804F8E738B500241C60054609
:100E7000006870B1012809D105F1080008F034FFBD
:100E800004462846FFF7F6FE204638BD6FF088047A
:100E9000F7E76FF08804F7E70023F0B593B001930C
:100EA000036805460F46164643B3012B1AD140226C
:100EB00001AB02A9083008F017FF04462846FFF7E7
:100EC000D9FE24B9019BB3420FD06FF094044021A6
:100ED00002A8FEF7A7FD14B12846FFF7CBFE204677
:100EE00013B0F0BD6FF08804E8E73246384602A937
:100EF0000DF013F904460028E9D0E6E76FF0880406
:100F0000E5E770B40024DDE903652C6000F0FE44E1
:100F1000B4F1007F04D1CDE9036570BC08F026BFB1
:100F20006FF0860070BC704730B51D4600F0FE4380
:100F3000B3F1007F95B01DD103AB01934023009323
:100F400004AB08F013FF044628B9039A189B9A4291
:100F500008D06FF09404402104A8FEF763FD2046FA
:100F600015B030BD284604A90DF0D7F80446002876
:100F7000EFD1F0E76FF08604F1E7036870B504463F
:100F80000D46D3B10968C1B905F10806E022304623
:100F9000FCF7F6FE2368012B0CD104F10800314662
:100FA0002B6008F057FE044610B12846FFF762FE9A
:100FB000204670BD6FF08804F7E76FF08804F7E70C
:100FC00010B50446006858B101280AD104F10800A0
:100FD00008F070FF00232360A3886FF30803A38049
:100FE00010BD6FF08600F5E72DE9F0431F460023A2
:100FF00087B002AC84E8060001680546DDF8389049
:10100000059300294BD100F108084FF4BC7240460B
:10101000FCF7B6FEB9F1000F009794E803000CBF8F
:101020004FF400634FF4806305AAFFF7DFF804462E
:10103000B8B9059C384621882A1DFFF773F9064682
:1010400080BB6B7969F300036B71D4E90923B9F1B3
:10105000000F0BD0214628460097FFF767F804469B
:10106000A0B12846FFF7ACFF26460FE06168090AE9
:1010700002D00F48814217D121464046009709F01F
:1010800025F804460028ECD101232B60059802F0D6
:10109000DEFD002E18BF304607B0BDE8F0836FF0CC
:1010A0008804DEE70446DCE76FF08604D9E700BF7A
:1010B000010080001FB502AC84E806000122009206
:1010C00094E80600FFF790FF04B010BD1FB502AC16
:1010D00084E806000022009294E80600FFF784FFEF
:1010E00004B010BD38B50546006898B112B90024A7
:1010F000204638BD01280AD105F1080008F0E8FFB4
:1011000004460028F3D02846FFF75AFFF0E76FF0B7
:101110008604F8E76FF08804EAE72DE9F041054618
:1011200000680F461646984610B36A79D2071FD555
:101130002A79EAB1B2421ED801281FD105F1080070
:1011400008F0E6FF044618B10023C8F800602B71D0
:1011500037B1324621463846D8F80030FFF73CF820
:101160002846FFF72DFF002C18BF2046BDE8F08170
:101170006FF08804E8E76FF08904E5E76FF0860414
:10118000E2E700002DE9F0435FFA81F848F00078CB
:1011900008F17E43033B102B96BF364A0026D65CEF
:1011A00043780546FF2BE3B060D0013343700670EF
:1011B000D0E90123414602A8FFF7B0F90446002810
:1011C00044D16B78012B4AD1D5E9051202A8FFF76B
:1011D00089FF0446002839D1D5E9031202A8FFF798
:1011E00081FF044690BB01AF05F124093B4632461E
:1011F000494602A8FFF791FF3B6804469E4232D160
:1012000020BBD5E90123414602A8FFF787F9044630
:10121000E0B93246494602A8FFF764FF0446A8B980
:10122000D5E9051202A8FFF75DFF044670B9D5E9BC
:10123000031202A8FFF756FF044638B93B46324670
:1012400005F1640102A8FFF768FF044602A8FFF752
:10125000B7FE002C18BF204663B0BDE8F0833246CD
:1012600005F12401BAE76FF09604EFE76FF09600FE
:10127000F2E700BF3586060C2DE9F04F054616460D
:101280009A46ADF5017D20AF4FF4C0720891384603
:101290000021FCF775FD9DF885300DF1400843F005
:1012A00001038DF88530D5F8E03004221BBA4146A1
:1012B0000EA810938DF88460FCF73DFD05F118032E
:1012C0000993089B514600933846D5F8983005F1AC
:1012D0001802FEF72BFF044660BBD5E9041238461E
:1012E000FFF700FF044628BB042238460EA9FFF78B
:1012F000F9FE0446F0B90DF134094B46402241464F
:101300003846FFF70AFF0446A0B90D9B9E426ED1F6
:1013100001273246414605F19C00FCF70CFD05F122
:10132000980306940A93D5E902239742069A72EB32
:10133000030309D340210DEB0100FEF773FB2046A8
:101340000DF5017DBDE8F08FDAF80430D5F898206E
:101350001B0A02D02A498B424CD10DAB0DF140083B
:10136000CDE90363DDE908315046CDE90168CDF8E8
:10137000008008F0FDFE00283FD10DF13C0900F18E
:10138000040B5E450BD200F19B032B4410A986424F
:1013900024D8069B013743F100030693C3E70A9B59
:1013A00004225B44194648460793FCF7C4FCD9F86D
:1013B00000304146042248460B93FCF7BCFCD9F8A8
:1013C00000200B9B4946534007980422C9F800307F
:1013D000FCF7B1FC08F104085846D0E713F8012FD8
:1013E00010F801C0013082EA0C021A70CFE76FF0EA
:1013F00096049FE76FF086049CE704469AE700BFD7
:101400000100800038B50546006898B16C79E407A2
:1014100010D42C79944210D1012811D105F1080083
:1014200008F083FE04462846FFF7CAFD002C18BFCB
:10143000204638BD6FF08804F5E76FF09404F2E7BA
:101440006FF08604EFE710B588B006AC84E80300BF
:10145000012104910D9903910C9902910B9901912D
:101460000A99009194E80300FEF7BEFF08B010BD92
:1014700030B59BB006AC84E803000021049109A9B3
:101480000391402102911E990AAD0195009194E8C3
:101490000300FEF7A9FF044628B9099A209B9A4247
:1014A00008D06FF0940428464021FEF7BBFA20468E
:1014B0001BB030BD29461F980CF02FFE04460028B3
:1014C000F1D0EEE72DE9F74F47F2010BDDE90CCE45
:1014D000DDE90E89058806465D4517461C46DDF8A0
:1014E00040A001911BD123F4FF721B4B22F001029B
:1014F0009A4205D024F0FF0203F588539A4228D17E
:1015000023463A4630460199CDE90F9ACDE90DE8D8
:10151000CDF830C003B0BDE8F04F08F0B1BF05F41E
:101520004F45B5F5824F0FD16FF30804B4F1062F84
:101530000FD1CDE90F9ACDE90DE8CDF830C003B059
:10154000BDE8F04F08F092B96FF0850003B0BDE838
:10155000F08F6FF08600F9E7000200062DE9F041F8
:1015600017461C4623F4FF72244B22F001029A42D4
:1015700005460E4698B010D0214A24F0FF0393424E
:101580000BD024F47F7121F00301A2F57062914227
:1015900003D002F5A06293422CD1DDE91E1207AB05
:1015A0000193402314F0FF000DF1200818BF40F014
:1015B00000700093434608F0D9FBA8B96868079B00
:1015C000000A02D00F4A904211D1229A3146049269
:1015D000219A28460392209ACDF80080CDE9013265
:1015E00023463A46FFF76EFF18B0BDE8F0816FF072
:1015F0008600F9E76FF08500F6E700BF00020006FD
:1016000000130006010080002DE9F04F1C46002366
:101610008BB00DF1180888E80300DDE91767DDE9F4
:1016200015B9214610463B601546FEF755FC82462B
:10163000002837D1002E4AD0002D009408BF4FF467
:10164000805398E8030018BF4FF4806309AAFEF79F
:10165000CDFD8246C8B90998038803F4E043B3F589
:10166000E04F31D1D0E9091243681B0AF5B113B13B
:10167000184DAB4228D1149BCDE903670093CDE907
:1016800001B92346FFF76AFF824651463246484673
:101690003B68FEF7A1FD099802F0D9FABAF1000FF4
:1016A00008BF824650460BB0BDE8F08F13B1094D1C
:1016B000AB4209D1149BCDE903670093CDE901B991
:1016C0002346FFF7FFFEDFE76FF0860ADDE76FF0E6
:1016D000890AE7E70100800010B588B006AC84E80D
:1016E00003000D9904910C9903910B9902910A99A9
:1016F000CDE90031134694E803000122FFF784FF8F
:1017000008B010BD10B588B006AC84E803000D9990
:1017100004910C9903910B9902910A99CDE900313A
:10172000134694E803000022FFF76EFF08B010BDD7
:101730002DE9F74F44F2010ADDE90CCEDDE90E890F
:101740000588064625F4405BD34517461C460191A3
:1017500019D123F4FF72194B22F001029A4205D0ED
:1017600024F0FF0203F588539A4224D123463A46D7
:1017700030460199CDE90E89CDE90CCE03B0BDE824
:10178000F04F08F0F1BE05F44F45B5F5824F0DD18D
:101790006FF30804B4F1062F0DD1CDE90E89CDE920
:1017A0000CCE03B0BDE8F04F08F00AB96FF0850029
:1017B00003B0BDE8F08F6FF08600F9E70002000685
:1017C0002DE9F04117461C4623F4FF72234B22F00B
:1017D00001029A4205460E4696B010D0204A24F0E7
:1017E000FF0393420BD024F47F7121F00301A2F593
:1017F0007062914203D002F5A06293422AD1DDE9E2
:101800001C1205AB0193402314F0FF000DF11808E2
:1018100018BF40F000700093434608F0A7FA98B94B
:101820006868059B000A02D00E4A90420FD11F9AA9
:10183000314603921E9A2846CDE90132CDF8008048
:1018400023463A46FFF774FF16B0BDE8F0816FF00B
:101850008600F9E76FF08500F6E700BF000200069A
:101860000013000601008000F0B58BB004AC84E8E2
:10187000030008AF94E8030087E803001146012045
:1018800015461E46FEF728FB044618BB00954FF48C
:10189000006397E8030007AAFEF7A8FC0446C8B94E
:1018A00007984468D0E90912240A02D00C4B9C42E4
:1018B00013D1129B0393119B0293109BCDE90063FC
:1018C0002B46FFF77DFF0446079802F0C0F9002C75
:1018D00008BF044620460BB0F0BD6FF08604F3E766
:1018E00001008000F0B58BB004AC84E8030008AFC1
:1018F00094E8030087E803001146002015461E46C1
:10190000FEF7EAFA044618BB00954FF4005397E837
:10191000030007AAFEF76AFC0446C8B907984468A2
:10192000D0E90912240A02D00C4B9C4213D1129B1D
:101930000393119B0293109BCDE900632B46FFF7A5
:10194000F7FE0446079802F082F9002C08BF04460F
:1019500020460BB0F0BD6FF08604F3E70100800075
:101960002DE9F0411E4600238CB0DDF85C80154661
:10197000C8F80030234B22F0FF0208AC9A4284E8FA
:101980000300149F01D0002F38D1009594E8030084
:101990004FF480730BAAFEF729FC044638BB0B9862
:1019A000038803F4E043B3F5804F02D0B3F5E04F72
:1019B00021D1D0E909124468240A02D0124B9C427A
:1019C00019D1169BCDF818800593159BCDE90373AB
:1019D000139B0293129BCDE900632B4608F042FE55
:1019E00004460B9802F033F9002C08BF0446204649
:1019F0000CB0BDE8F0816FF08604F2E76FF086046A
:101A0000F5E700BF00030007010080002DE9F04169
:101A10001E4600238CB0DDF85C801546C8F8003007
:101A2000214B22F0FF0208AC9A4284E80300149F85
:101A300001D0002F35D1009594E803004FF40073D6
:101A40000BAAFEF7D3FB044620BB0B98038803F4D4
:101A5000E043B3F5E04F21D1D0E909124468240AEC
:101A600002D0124B9C4219D1169BCDF818800593D9
:101A7000159BCDE90373139B0293129BCDE9006381
:101A80002B4608F053FE04460B9802F0E0F8002CB9
:101A900008BF044620460CB0BDE8F0816FF0860414
:101AA000F2E76FF08604F5E700030007010080000D
:101AB000036810B5044653B1012B02D1083007F07A
:101AC0008FFC00232360237923F00303237100207C
:101AD00010BD00002DE9F04105461C46002386B0EC
:101AE0009DF9307002A880E806002A68012F05934E
:101AF00014BF4FF400734FF48073002A7AD104F0BE
:101B0000FE42B2F1806F06D06FF086042846FFF7E0
:101B1000CFFF26464DE0009405AA03C8FEF766FBFA
:101B20000646002869D12B79354A23F003039442F5
:101B300018BF43F001032B71059B1B8803F4E0429F
:101B4000B2F5005F3ED113F4E06F3BD02D4924F491
:101B500080728A420AD001F500718C4206D02A496F
:101B60008C4203D0A1F53F418A422BD1C3F302221C
:101B700001239340DBB205F108084C2200216B7170
:101B80004046FCF7FDF80599012F4868D1E9092383
:101B90004FEA102025D118B107F50007B842B3D19C
:101BA0004046009407F01CFB04460028AED10123F8
:101BB0002B60059802F04BF8002E18BF304606B097
:101BC000BDE8F08142F20402934202D10F4B9C42E5
:101BD00005D00F4B9C420CBF0D230023CBE70C23F9
:101BE000C9E710B10B4FB8428ED14046009407F0C0
:101BF000FFFAD9E76FF0880488E7044686E700BF5C
:101C0000004440040010C00400FF400400018004B0
:101C10000013C004010080001FB502AC84E8060078
:101C20000122009294E80600FFF754FF04B010BDB3
:101C30001FB502AC84E806000022009294E806007A
:101C4000FFF748FF04B010BD2DE9F04106680746D4
:101C50000D4698461EB3037903F00303012B2ED1E2
:101C6000467996422ED8102E30D831462846FEF7B7
:101C700075FA0446B0B93B68012B2BD13246294690
:101C800007F1080007F0BCFA044658B9C8F800602C
:101C90003B7943F002033B712046BDE8F0813546B5
:101CA0006FF0880400233846C8F80030FFF700FFC3
:101CB000002DF1D031462846FDF7B4FEECE70025B3
:101CC0002E46EDE700256FF08904EBE700256FF065
:101CD0008304E7E76FF08604E4E738B50468054657
:101CE000A4B1007900F0030001280FD1102A13D805
:101CF000012C11D105F1080007F082FA044638B929
:101D00002B7943F002032B71204638BD6FF0880415
:101D10002846FFF7CDFEF7E76FF08604F8E737B502
:101D200004680546B4B1007900F00300012811D021
:101D3000012C12D1079801900698009005F1080037
:101D400007F06CFA044610B12846FFF7B1FE2046B2
:101D500003B030BD6FF08804F6E76FF08604F3E758
:101D600070B5046805461E46C4B1007900F0030052
:101D7000012813D0012C14D105F1080007F0E8FA6E
:101D800004462846FFF794FE23465A421343DB17C6
:101D90003268204622EA0302326070BD6FF0880488
:101DA000EFE76FF08604ECE72DE9F047002490B0F0
:101DB0009A46DDE9196902F0FE4308ADB3F1806F80
:101DC000174685E80300DDF86C800B947AD1009209
:101DD00095E803004FF480730BAAFEF707FA054657
:101DE000002873D10B9B1B8803F4E042B2F5005F1F
:101DF0001CD113F4E06F19D0394927F480728A425C
:101E00000AD001F500718F4206D036498F4203D0C7
:101E1000A1F53F418A4209D10124C3F302239C402A
:101E2000102C0ED900266FF0830534E042F2040234
:101E3000934202D12C4B9F420DD02C4B9F420CD190
:101E40000D24A14544D321460CA8FEF787F9054689
:101E500020B100261FE00C24F3E700240B98D0E902
:101E600009126EB306EB040C4568A9EB04032D0AB6
:101E700003D0DFF87CE0754525D1CDE90538189B06
:101E8000CDF810C0CDE902A30CAB009301943B4602
:101E900007F0B5FA05460B9801F0D9FE0746DDB903
:101EA000D8B924B1224630460CA9FBF744FFD8F834
:101EB00000301C443846C8F8004010B0BDE8F08738
:101EC000B446D1E726466FF08605E4E72646E2E70A
:101ED00000266FF08905DEE72F460024EAE700BF01
:101EE0000010C00400FF4004000180040013C0047F
:101EF000010080002DE9F0411F4600238AB00993BC
:101F000002F0FE4306ADB3F1806F144685E803008E
:101F1000DDF84080139E14D06FF08605099801F01B
:101F200096FE002814BF014629460B465A42134329
:101F3000DB170846326822EA030232600AB0BDE8C5
:101F4000F081009295E803004FF4007309AAFEF7B0
:101F50004DF905460028E1D10998038803F4E042D1
:101F6000B2F5005F17D10122C3F3022113F4E06F31
:101F700002FA01F20FD0194D24F48071A94215D054
:101F800005F50075AC4211D0154DAC420ED0A5F54B
:101F90003F45A9420AD042F20402934202D1114BBA
:101FA0009C4219D0104B9C4202D10D224245B3D81D
:101FB000D0E9091243681B0A02D00C4DAB42ABD1E9
:101FC000129B04960393119B0097CDE9018323464E
:101FD00007F063FA0546A1E70C22E7E70010C0040A
:101FE00000FF4004000180040013C00401008000D1
:101FF0002DE9F0471F4600238EB0DDF874A00AAC2F
:1020000084E80300DDE91B861046CAF80030154657
:10201000DDF85890FDF7D4FF00283BD1009594E8F7
:1020200003004FF480730DAAFEF7E0F8044650BB9E
:1020300049462846FDF7A8FF044608BB0D984368AB
:10204000D0E909121B0A02D0144CA3421FD11A9BDB
:10205000CDE9076A0593199BCDF818800493189B66
:1020600000970393179BCDE901932B4606F0FCFEE6
:10207000044628B126B1324600214046FBF780FED7
:102080000D9801F0E4FD20460EB0BDE8F0876FF03A
:102090008604EFE76FF08604F5E700BF01008000DB
:1020A0002DE9F0471F4600238EB0DDF874A00AAC7E
:1020B00084E80300DDE91B861046CAF800301546A7
:1020C000DDF85890FDF77CFF00283BD1009594E89F
:1020D00003004FF400730DAAFEF788F8044650BBC6
:1020E00049462846FDF750FF044608BB0D98436853
:1020F000D0E909121B0A02D0144CA3421FD11A9B2B
:10210000CDE9076A0593199BCDF818800493189BB5
:1021100000970393179BCDE901932B4606F002FF2E
:10212000044628B126B1324600214046FBF728FE7E
:102130000D9801F08CFD20460EB0BDE8F0876FF0E1
:102140008604EFE76FF08604F5E700BF010080002A
:1021500038B5046805465CB1012C0BD1183006F087
:1021600069FE04464FF4D87200212846FBF708FEAA
:10217000204638BD6FF08604F4E700002DE9F041F9
:1021800086B002AC84E80C0000230C9E0546304665
:102190000F460593FDF714FFF0B16FF08604059824
:1021A00001F055FD002C7CD1404B26F47E169E425A
:1021B00073D003F580739E4271D0B6F1052F3C4B6E
:1021C00018BF002304466B602B7D67F304132B7547
:1021D000204606B0BDE8F0812B68002B5AD1297D3E
:1021E00011F00F0156D105F118084FF4CC7240469A
:1021F000FBF7C6FD002F009694E803000CBF4FF4D8
:1022000000734FF4807305AAFDF7F0FF0446002821
:10221000C5D1264826F47E128242C6F30741C6F392
:10222000054305D023498A421ED06FF08504B6E7E6
:10223000043B0C2BB1D8CA07AFD405994868D1E943
:102240000923000ADFB110B11B4CA042A5D1012027
:1022500028604046009606F02BFD044600289ED1DB
:10226000059B1B882B819AE7043BDBB20C2B94D88F
:1022700041F6117222FA03F3DB078ED5DDE710B1C8
:102280000D4CA04289D1012028604046009606F0FE
:102290001AFDE2E76FF0880481E7084B92E7084BEC
:1022A00090E72846FFF754FF92E700BF0001400582
:1022B00000051005000240050100800000015005E6
:1022C000000250051FB502AC84E80600009301210E
:1022D00094E80C00FFF752FF04B010BD1FB502AC2C
:1022E00084E806000093002194E80C00FFF746FF05
:1022F00004B010BD70B506680D4604461146AEB177
:10230000037DDB0712D44068FDF73EFEA0B9012E25
:1023100012D1294604F1180006F0E0FC054638B950
:10232000237D43F001032375284670BD6FF08805B7
:102330002046FFF70DFFF7E76FF08605F8E7FFF798
:10234000D9BF2DE9FF4100241C601F4603680646E3
:102350008846002B4BD0037D03F01103102B46D190
:10236000038903F4E041B1F5005F2AD103F4E06191
:10237000B1F5806F25D1436883F0AA6181F4807143
:1023800031F47E112BD083F0AA6383F4007333F40D
:102390007E1322D021466846FDF7E0FE054640BB8D
:1023A000224669463046FFF7A5FF054608BB224690
:1023B00069464046FBF7BFFC3C60284604B0BDE8D8
:1023C000F08142F204018B420FD1736883F0052340
:1023D00083F4801333F47E1307D10C2400E00D2422
:1023E0009442D7D96FF0890503E00024D2E76FF05B
:1023F00088053046FFF7ACFEDFE70000F8B503685C
:1024000004460E461746E3B1027D12F00E0F18D1B6
:102410004168104A914202D1B6F57F4F17D8012B7F
:1024200015D13A46314604F1180006F07BFC05460A
:1024300048B9237DC4E9036743F0020323752846A6
:10244000F8BD6FF088052046FFF782FEF7E76FF0D2
:102450008605F8E70001500538B50446006838B332
:10246000237D03F00905012D22D132B90025237DFA
:1024700043F004032375284638BD9B0714D5E36851
:10248000934205D26FF086052046FFF761FEF2E722
:102490009B1AE3600128F5D104F1180006F054FC02
:1024A00005460028E2D0EFE76568034B9D42F1D175
:1024B0006FF08805E8E700BF00015005F7B5044656
:1024C0000020099D2860266846B3207DC70725D5D2
:1024D00080071FD5E06828B16FF086052046FFF71A
:1024E00037FE14E020699042F6D3801A2061012E55
:1024F000F2D108980195009004F1180006F03EFC16
:1025000005460028EAD1237D43F0080323752846B9
:1025100003B0F0BD676803488742E8D16FF08805D3
:10252000DCE700BF000150052DE9F04F1E460023F7
:1025300085B0DDF840803360DDE90E97C8F80070A3
:1025400005468A469346FDF725FE044688B92B7D4D
:10255000DB061CD52B68012B1CD133465A4651464D
:10256000CDE90178CDF8009005F1180006F032FCB5
:1025700004463A4621464846D8F80030FDF72CFE7E
:102580002846FFF7E5FD204605B0BDE8F08F6FF067
:102590008804EEE76FF08604EBE72DE9F0471E466E
:1025A00000238AB03360054688469246FDF7F2FD67
:1025B000DDF84C90044620BB2B7DDB0628D42B682D
:1025C000012B28D105AB0293102306AF019352468D
:1025D00033464146009705F1180006F0FBFB044620
:1025E00058B9059B994506D14A46394612980BF0D1
:1025F00094FD044608B16FF0940410213846FDF7AD
:1026000011FA2846FFF7A4FD20460AB0BDE8F0877E
:102610006FF08804F5E76FF08604F2E738B50446FA
:102620000068FDF773FE002835D02B4920F49F6326
:1026300023F007038B4220F0FF0202D0274B9A427F
:102640000ED12069FDF7D8F904F1A000FEF7B8FC1F
:10265000054620464FF40871FDF7E4F9284638BDD9
:102660001F4B20F4FF7121F00101994215D16069DF
:1026700010B1A169FDF7E2F9E06910B1216AFDF737
:10268000DDF9606A10B1A16AFDF7D8F9E06A10B10E
:10269000216BFDF7D3F90025DBE7124B9A4203D0FB
:1026A00003F58073984204D1206A0028F3D0616A50
:1026B000EFE7B0F1082F0BD1D4E933131944D4F864
:1026C000C8300931194404F11000FDF7ABF9E2E715
:1026D0006FF08805BDE700BF000100080004000896
:1026E00000020008000180082DE9F04F044687B081
:1026F00000681F46DDE91085FDF708FE002800F0A0
:10270000B98040F20313994259D0B1F5827F09D2C2
:1027100040F20113994214D0B1F5817F4BD06FF094
:10272000860504E1B1F5017F06D8B1F5007FF6D941
:1027300041F201039F4244E040F206239942F7D060
:10274000EDE7B7F5905F3FD0002F3DD0B0F1082FF7
:10275000E5D1B7F5105FE2D194F8D530022B00F245
:10276000898040F20120814200F0828040F2062000
:10277000814200F0828040F201108142CFD1002BD3
:1027800078D1D2E90501128804F1C00585E803007B
:1027900002F4E041B1F5005F02BF0123C2F302225F
:1027A0009340C4F8C830012384F8D530002528466A
:1027B00007B0BDE8F08F41F203239F4204D0B7F584
:1027C000905F01D0002FAAD1B0F1082FC4D0AF4A3A
:1027D00020F49F6323F00703934220F0FF0703D008
:1027E000AB4B9F4240F0CE8040F20223C6B29942EA
:1027F000059546F000765BD040F20323994200F045
:10280000A08040F20113994289D1A24AA37E974247
:1028100003F0030362D16BBB06F17E42033A102A38
:102820009CBF9D4B9B5C9D427FF479AF2A464146FD
:1028300004F15B00FBF77FFA0222A37E06F17E46DD
:1028400062F301030022A376914B62769F42A6F1C8
:10285000030670D1102E98BF904B04F11B0098BF57
:102860009A5D04F15B01FBF766FA002323769DE78E
:10287000012B19D06FF0880559E0D4F8CC00022B59
:1028800000F1050004F1D006F4D1322D3FF647AF38
:1028900004F1100318442A464146FBF74CFA356010
:1028A00094F8D53001337FE7042004F1CC06ECE73F
:1028B000784B9F423FF433AFA37E9A07DAD12B4681
:1028C0004246314604F1A000FDF728FE054670BBE4
:1028D0000122A37E62F30103A37667E77BB96C4A0A
:1028E0009742C7D01A46314604F1A000FDF716FE04
:1028F0000546E0B90122A37E62F30103A376A37E1D
:1029000003F00303012BB5D104F1A0094146484669
:10291000059AFEF7E7FB054648B94022484605AB55
:1029200004F15B01FEF7F9FB0546002884D0204640
:10293000FFF774FE3BE7102E9CBF594B9A5D227641
:1029400034E7534B9F423FF4EAAE5249A37E8F4295
:1029500003F0030201D1002A8CD0032A8AD05B073E
:1029600088D4656155B129460120FDF73FF8206103
:10297000002836D04146059AFBF7DDF9A37E43F0E7
:102980000403A9E7474B9F4207D12B46424604F177
:102990001000FDF76DFB054656E0434B9F4240F0AB
:1029A000858040F20113994204F1100907D040F2EA
:1029B0000313994256D02B4642464846E9E7A37C8A
:1029C000022B05BF236B2F1DAF1CFF1818BF7F0004
:1029D000802D3FF6A4AE39460120FDF707F80646E4
:1029E00010B96FF08C05A2E7A37C00F1020A022B5C
:1029F0005FFA85FB2CD1236B1B0A0370236B43709A
:102A0000226B4AB15046E16AFBF795F9D4E90B0114
:102A1000FDF708F8236B9A445346002203F8022B73
:102A200041462A4618468AF801B00393FBF783F91A
:102A3000039B31465A194846921BFDF7FBFA39466B
:102A400005463046FCF7FAFF002D7FF470AFADE687
:102A5000002180F801B001702A465046FBF790F93A
:102A6000AA44D9E7A07C01287FF404AF4DB12946E0
:102A7000FCF7BCFFE0620028B3D02A464146FBF7D2
:102A80005AF902232563A37490E600BF00010008F1
:102A900000040008000500083586060C3586060C83
:102AA0003586060C0002000800030008354B9F42E3
:102AB00003D003F5807398425ED1B1F5817F2BD0AE
:102AC00040F2022399427FF42AAE237C012B20D1CD
:102AD00002232374002D3FF469AE616A012029446A
:102AE000FCF784FF064600283FF47BAF626A12B110
:102AF000216AFBF720F9606A2A4641463044FBF719
:102B00001AF9636A206A2B446362FCF775FF266238
:102B10004CE6022BDED0ADE6237C022B7FF4AAAE7E
:102B2000184B9F427FF4FBADC0B240F0007000F143
:102B30007E42033A102A04F1280320D812498E5C01
:102B4000B5420CD904F1A8020192802241460092BC
:102B50002A46FEF7D6F903230546237474E72DB9F8
:102B600035460323C4F8A85023741FE62A4641467D
:102B70001846FBF7E0F8F3E76FF0880517E6002D3D
:102B8000EFD0DFE7000180082486060C03681BB144
:102B9000836800200B6070476FF0880070470368FF
:102BA0009BB182688A420DD3B3F1082F02D08160B5
:102BB0000020704790F8D4303BB90123816080F841
:102BC000D430F5E76FF0860070476FF088007047EB
:102BD0002DE9F04F044600689BB0CDE9042128B9E7
:102BE0006FF0880318461BB0BDE8F08F049BA26805
:102BF0001BB9D2B96FF08E03F4E7049B934214D94A
:102C00000023A3606FF08E03256820460693FFF72C
:102C100005FDDDE905232560002AE3D02121049A82
:102C20000598FBF7ADF8069BDCE7FDF76FFB049B0F
:102C3000B0F1082FA2EB03030546A36040F0968095
:102C4000049BD4F8C8705E1E3E44B6FBF7F67E4384
:102C5000B74201D90023C5E794F8D530002B00F026
:102C60002381042B04F110052ED0D4E9333103EB7A
:102C7000010900234FF00108D20009F1050A12BA38
:102C80000A920AA9042205EB0A000993FBF753F8FC
:102C900009AB84F8D4800393D4F8C83009F109094A
:102CA000A944CDE90193CDF800A004F11403974A9B
:102CB000D4E93001FEF7C7FB03460028A4D1042362
:102CC000C4F8D88084F8D530B6FBF7F30693049B9C
:102CD000049AB3FBF7F307FB132B069B0026013B7B
:102CE00007933CE0059BD4F8C89006FB093A079B84
:102CF0009E4238D1BBF1000F35D0CB45D84633D0FA
:102D00000AAF00230893D4F8D83004221BBA09A9CB
:102D100028460993FBF70FF8D4F8C82008ABCDE993
:102D200002230197D4E933310B4409331344009350
:102D3000764A2B46D5E92C01FEF785FB0346002891
:102D40007FF462AFC14504D0424639465046FAF797
:102D5000F2FFD4F8D83001360133C4F8D830069BDE
:102D6000B342BFD176E7C8465746CAE7684A20F45F
:102D70009F6323F00703934220F0FF0602D0654BC8
:102D80009E427AD1EDB245F0007A0AF17E43033BD0
:102D9000102B96BF604A0027D75C5E4BF21A18BF13
:102DA0004FF0FF32D2B20692A27E02F00301012957
:102DB0007AD9520701D49E4276D1A37E43F0030311
:102DC000A376049B002B3FF445AF1E464FF0000B4B
:102DD000DDF8149004F11B0804F1A005217E48469B
:102DE0007A1AD2B2964238BFF2B241440792FAF749
:102DF000A2FF079A237EB61A1344914423763FF428
:102E000029AF637E069A93424ED0013363765146D2
:102E10003B46284684F818B004F15B02FDF77EFBC0
:102E2000034600287FF4F0AE637E012B1CD1D4E969
:102E300004122846FEF756F9034600287FF4E4AE54
:102E40000122284604F11901FEF74CF90346002837
:102E50007FF4DAAE0AAB402241462846FEF75DF920
:102E600003460028BAD0CFE63A4641462846FEF748
:102E700039F903460028DAD0C6E6284B20F4FF7261
:102E800022F001029A424DD1C3B243F0007303F124
:102E90007E43033B102B96BF214A0027D75CA37CBF
:102EA000042B04D0052B04D06FF08803ACE6052377
:102EB000A37404F1100804F17409DDE904A614E018
:102EC000514598BF8B46A7EB010188BF5FFA8AFB8B
:102ED000C9B230465A464944FAF72DFF237C5E4476
:102EE000A3EB0B03AAEB0B0A2374BAF1000F3FF418
:102EF000B1AE217C0029E3D129464046FEF742F9D4
:102F0000034600287FF480AEF3E700BF0002C00351
:102F100000010008000400083586060C00020008C5
:102F20003586060C394B9E4204D003F580739842D7
:102F30007FF456AE182200210BA8FAF721FF4FF6B6
:102F4000F871D4F8A820D300B1EBC20F4FF6FF728E
:102F500038BF1346ADF82A304FF480630C932B4BE7
:102F60009E4237D1EDB245F0607845F0007505F12D
:102F70007E45033D102D96BF254B00255D5D4FF42A
:102F80008853ADF82830237C032B29D0042B8BD118
:102F9000049B002B3FF45EAEDDE904674FF0000AAE
:102FA00004F1100904F1AC0B94F8EC1038466A1ADD
:102FB000D2B2B24288BFF2B259440692FAF7BBFECF
:102FC000069AB61A174410D194F8EC301A4484F8D3
:102FD000EC203FE64FF410531025DFF83880D0E79F
:102FE000042384F8EC502374D2E7D4F8F0302A4656
:102FF0000133C4F8F03041460AAB484684F8ECA0EF
:10300000FEF73AF903460028CED0FDE5000180081E
:103010003586060C0002C00303681943B1FA81F03B
:10302000400970472DE9F04F00230446A5B0104633
:103030002F9A0493C2E9003363888846002B00F07E
:1030400052812E99FFF7E8FF002800F04C81D8F854
:103050000030002B00F04A8198F80430DA0740F184
:103060004881204604A9FDF719FA824668B9049DF3
:1030700066882888F71D00F4E043FF08B3F5804F09
:103080000596069705D16FF0860A0498FDF7C5FBF3
:1030900075E0994C00EA0403B3F5824F40F0F880E4
:1030A000C0B23F2800F29E80012308A8079301F0D8
:1030B0001BF80AA801F018F828880440B4F5824FDC
:1030C00002D0B4F5884F5ED1C0B2314607F0AEFBF6
:1030D000044600287AD00CA803F069FD21460CA80C
:1030E00005F0F8FB002875D1DDF87090022209F197
:1030F000070619A90AA8F60801F073FB00286CD18D
:1031000031460120FCF772FC0446002867D04FF0DE
:10311000010B6FF0960A09F007090BFA09FB079AF1
:103120009ABB08A90122084601F043FB28B93246A0
:10313000214608A801F0A5F910B1FDF737FA82463B
:10314000BAF1000F04D020463146FCF777FC00248A
:1031500008A800F0CEFF0AA800F0CBFFBAF1000FDC
:1031600062D039462046FCF769FCBAF1000F8CD1D9
:103170002F990498FCF7BEFF8246002885D150465F
:1031800025B0BDE8F08F00209FE73246214640463B
:10319000FFF71EFD82460028D5D1B9F1000F04D0FB
:1031A00022780BF1FF33134023703246214608A8E2
:1031B00001F049F9824638B907AA08A90AA800F01F
:1031C00060FF82460028AAD05046B6E706466FF058
:1031D0006700B2E700242646AFE70024ADE76FF0B2
:1031E0008C00AAE7FF2E46D0B6F5E07F74D14FF0F1
:1031F000380949460120FCF7F9FB044600286FD046
:1032000001464A464046FFF7E3FC82460028A8D123
:10321000FF2E237832D123F007032370E37F03F0DE
:103220007F0343F04003E377059B6B806B681B0AC9
:1032300047D128460699FDF75DFA8246002890D1CD
:1032400029466A686B6A120A51F8280F02D02B4E81
:10325000B2423ED105AACDE9011200903A4621467C
:103260002846FDF76AFA82466988059A914218BF96
:103270006FF0860A75E74FF02009BAE723F00303E1
:10328000237094F8373063F07F0384F83730CBE74E
:10329000FCF7DEFB10B96FF0850AF6E673077FF4E2
:1032A000F2AE39460120FCF7A1FB044610B96FF0DD
:1032B0008C0AEAE601463A464046FFF789FC824618
:1032C0004CE7284606A900F095FE82460028B0D0BB
:1032D00047E76FF0860AC7E700246FF0860A40E7E9
:1032E0006FF08C0A3DE76FF0860A48E76FF0880AB6
:1032F00045E76FF0840A42E700CFFFFF010080003E
:10330000002307B501920093024AFFF78BFE03B03A
:103310005DF804FB4886060C38B5036805460C4684
:103320000BBB21F47F03B3F1106F19D001F0FE4302
:10333000B3F1106F11D10F4B0F4A234021F01F61E1
:1033400043F0106321F47021934241F000610DD1EC
:10335000FDF7C4FC00B92C6038BDB3F1006FF7D0A5
:103360006FF08600F8E76FF08800F5E76FF08500F2
:10337000F2E700BF0000FFF60000020907B5CDE943
:10338000002300231A46FFF7AFF903B05DF804FBF2
:1033900070B5054600681E46FCF7B8FFE8B1154B4E
:1033A00020F0FF049C4203D003F5807398421DD1A6
:1033B00040F20523994219D12C7C74B94FF0FF33A8
:1033C000934274EB06030ED352EA06030ED0012398
:1033D000C5E906262B74204670BD6FF08804284688
:1033E000FFF71CF9F7E76FF08504F8E76FF0860444
:1033F000F5E700BF0001800870B586B00E4602A94F
:1034000081E80C000546036805AA03C9FCF75EFFC6
:10341000044628B12846FFF701F9204606B070BDE2
:103420006FF48073F318012B98BF2B79059A9CBF1A
:1034300043F001032B71916A13880191516A284668
:1034400000913146FFF750F90446059800F0FFFB64
:10345000002C08BF0446E0E7F0B5DFF82CE0DDF80B
:1034600024C07345DDE90545DDE9076708D1CDE9ED
:10347000087CCDE906560594BDE8F04006F0FABA9E
:103480006FF08500F0BD00BF00000209F0B50446F2
:10349000164624F47F02B2F1106F084687B014D1AB
:1034A000D1E9091245682D0A02D0094FBD420CD15D
:1034B0000E9D009604950D9D03950C9DCDE901355B
:1034C0002346FFF7C9FF07B0F0BD6FF08500FAE7AC
:1034D000010080002DE9F0439BB00E4604A981E86D
:1034E0000C000368054603F0FE42B2F1106F46D1AE
:1034F00003C907AAFCF7EAFE044698BB4FF042084E
:1035000009AF014642463846DDF81C90FAF738FC10
:103510002B681C484946184008ABCDE90183DDE91A
:103520002223009740F010600894FFF7AFFF044695
:1035300050B9089B0246CDE9007331464FF49053D1
:103540002846FFF7D1F8044638460899FCF76AFA8E
:1035500064B12846FFF762F8079800F078FB002C6A
:1035600008BF044620461BB0BDE8F08340F20113BB
:103570009E4202BF2B7943F001032B71ECE76FF001
:103580008604EFE70000FFF62DE9F0430546994673
:10359000002389B0079305F0FE4304A8B3F1106F30
:1035A00080E80600DDE91167DDF84C8035D103C8FD
:1035B0002B4607AAFCF78AFE044680BB07990888B9
:1035C00020F0FF00B0F5E24F02D0B0F5E44F04D197
:1035D0004B880733B7EBD30F24D34A462846CDE9AF
:1035E0000178109B0096FFF751FF044666B900234F
:1035F000C8F80030079800F02AFB002C08BF0446EA
:10360000204609B0BDE8F0830028F3D039463046A3
:10361000FCF7A4FDC8F80070ECE76FF08604002EFC
:10362000E5D0F3E76FF08904F9E7FCF797BD2DE9E2
:10363000F04104880546DDE9066720461146DDF8BD
:1036400020801A46FCF704FA28B139463046BDE816
:10365000F041FCF783BD47F201039C4207D133469A
:103660002846CDE90678BDE8F04106F0CDBE04F469
:103670004F43B3F5824F0CD104F4E044B4F5E04F6E
:1036800007D143463A4631462846BDE8F04106F0A8
:10369000AFB86FF08500BDE8F08100002DE9F04F74
:1036A0001F46002387B0DDF840800493C8E900334B
:1036B000438805460E4691465BB1038803F4E04219
:1036C000B2F5804F05D047F20102934204D10B6856
:1036D00043B16FF086042BE039463046FFF79CFC7F
:1036E0000028F6D0284604A9FCF7D8FE0446002896
:1036F0007FD1049B9B6AFBB16B68049A1C0AD2F8C9
:1037000024A052F828BF78D1CDE901B23B464A4601
:1037100031462846CDF800A0FFF789FF044600286F
:1037200079D141460498FCF7E5FC0446002860D1B5
:10373000204607B0BDE8F08F6B681B0A52D12A887B
:1037400069881046FCF784F9C0B11046FCF7A3FF66
:10375000044600284DD147F201039A423BD1490863
:103760000131C90801EBC1013B310591DDE90401DB
:10377000FCF7C0FF04460028BED03AE044F2010343
:1037800022F4405098420ED102F4E043B3F5E04FEA
:1037900009D1A1F58063B3F5406F01D84B070CD078
:1037A0006FF0850425E002F44F43B3F5824FF7D163
:1037B00002F4E043B3F5E04FF2D147F201039A423D
:1037C000CDD0073122F0FF02C908B2F5824F04BF05
:1037D00049000131C9E744F201039A42F1D1C90815
:1037E0001031C2E7284605A900F004FC0446002871
:1037F000BCD00498FDF711F89AE739463046FFF738
:103800000BFC30B1064B9C423FF47EAF6FF0860458
:1038100001E06FF085040498FCF7D7FFE9E700BFEB
:1038200001008000002307B51A4600910249FFF706
:1038300035FF03B05DF804FB4886060C10B5114C4B
:103840002378580744BF03F0FB032370990705D57D
:1038500000F0B6F8237823F002032370637823B1D5
:10386000082200210848FAF78BFA002308210648AD
:103870006370FCF7D7F82378DA0744BF23F001031D
:10388000237010BD540404305804043038B5FCF7DC
:10389000EBF8D0B9154D2B78980707D400F088F8CD
:1038A0002B78044643F002032B70E0B9D90707D404
:1038B000E8F7C8F82B78044643F001032B7090B961
:1038C000697829B12B785A0709D50024204638BDDC
:1038D00008220748FAF754FA02236B70F2E743F024
:1038E00004032B70F1E7FFF7A9FFEFE7540404305E
:1038F000580404301C220021FAF742BA037F022B3D
:1039000006D1036A5A1C03D00133036200207047BA
:103910006FF096007047000073B502AB03E9030037
:1039200000F140431F2B15460A46014613D82C24AC
:103930001E4804FB0300037F022B22D143699942F6
:103940001FD183699A421CD104462046FFF7D6FF57
:1039500028BB2C6021E06FF040430138984213D21D
:10396000124B002418461E7F022E05D15E69B1421B
:1039700002D19E69B24215D00134202C03F12C03F0
:10398000F1D16FF08B0008E001F1004303F58033C3
:10399000B3F5704FE4D36FF0870002B070BD6FF0E5
:1039A0009600FAE72C2303FB0404CEE760040430FE
:1039B0000122024B002083F8802570476004043008
:1039C0002DE9F0410A4C002526464FF00108032757
:1039D0002046C4F8208027770135FCF701FF202D11
:1039E00004F12C04F4D1002386F88035BDE8F08181
:1039F00060040430F8B51E4D064695F880350F4634
:103A00007BB300242B462246197FD1B13CB9022951
:103A100005D1196A19B91979002918BF1C46013254
:103A2000202A03F12C03EFD114B96FF08C0006E0CB
:103A30002046FFF763FF2046FCF7D2FE10B10024BA
:103A40000DE01C46237F7BB90123237736B1094B58
:103A5000651BAD105D4305F18045356000203C607D
:103A6000F8BD6FF08800EAE76FF09600E7E700BF67
:103A700060040430A38B2EBA2DE9F0410027684B77
:103A800092B0176093F8803502AE154686E80300C1
:103A9000002B00F0C28096E80300FFF73DFF10F115
:103AA0008C0F044640F0A18029463846FFF7A2FF5C
:103AB0000446002840F0998096E8030001232F680F
:103AC0001C2207F1140888E803007B6021460BA83C
:103AD000FAF756F900230022CDE908237B69CDE9E6
:103AE000064403F1004303F58033B3F5704F0594AA
:103AF00022D298E8030008AB05AAE6F757F8044677
:103B0000B8B9D7E90523DDE90801CDE91023059B04
:103B10000BAA0C9313F0FF0308BF10930023CDE909
:103B2000003300F091FA10F18A0F044611D00028FA
:103B30004FD014F18C0F4ED100236FF040422E680D
:103B400008930B937369013B934252D36FF08B043C
:103B500041E006A90BA800F04DFA04460028E8D180
:103B600038460699FCF7C6FD04460028E1D1DDE998
:103B7000080107AB0193BB6A0BAA00937B6A00F0B4
:103B800063FA044618B13846FCF71FFED1E73C46FD
:103B9000079B0BAEBB620FCE0FC496E8070084E80C
:103BA000070028688368D90444BF43F480638360B6
:103BB0009A0444BF43F400638360037F012B04BF76
:103BC00002230377FFF79AFE044670B16FF0960464
:103BD00009E06FF096042868FCF702FE14F18C0FE0
:103BE00008BF6FF0870400232B60204612B0BDE8A9
:103BF000F08130460BAA08A900F0AAF9044628B9BA
:103C000030460B9A0899FCF788FD04460B990898F2
:103C100000F09CF9002CC4D0DDE76FF08804E4E7E5
:103C200060040430034668B1017F8A1E012A0BD864
:103C30000329026A03D1012A01D1FCF7D1BD1AB1CF
:103C4000013A1A62002070476FF096007047FFF744
:103C5000E9BFC0B2FF280CBF6FF08600002070479C
:103C60001FB5CDE9000103AADDE90001FFF754FE0D
:103C700078B9039803793BB1036A012B04D105B0ED
:103C80005DF804EBFCF7ACBD05B05DF804EBFFF7A5
:103C9000C9BF05B05DF804FB7FB503AACDE90001FB
:103CA000FBF7E8F98C3018BF012007B05DF804FB82
:103CB00030B587B003AA05460C46CDE90001FBF7F5
:103CC000D9F98C3002D1002007B030BD28462146FA
:103CD000FBF7FAF910B16FF09800F5E72846214696
:103CE00003AAFBF7C7F98C30EDD0F4E7F7B515461A
:103CF0000E4607460822184629491C46FAF71BF8C3
:103D0000042200230DEB020104F108000193FAF7ED
:103D100012F804226B680DEB020104F10C00019310
:103D2000FAF709F82B8801A9022204F11000ADF876
:103D30000430FAF700F86B8801A9022204F112009E
:103D4000ADF80430F9F7F7FF0422AB680DEB020180
:103D500004F114000193F9F7EEFF0422EB680DEB78
:103D6000020104F118000193F9F7E5FF04222B6921
:103D70000DEB020104F11C000193F9F7DCFF0422B2
:103D800004F120000DEB02010196F9F7D4FF324651
:103D9000394604F1240003B0BDE8F040F9F7CBBF89
:103DA0004C86060C2DE9F743232904460F4691461D
:103DB00098460A9E05D86FF09805284603B0BDE8DE
:103DC000F08308223549F9F75DFF05460028F2D156
:103DD000042204F108010DEB0200F9F7ACFF019B8E
:103DE000002BE8D1042204F120010DEB0200F9F7C9
:103DF000A2FF0199243F8F42C8F80010DBD3B1F530
:103E0000005FD8D2002938D1C9F80050042204F14B
:103E10000C010DEB0200F9F78EFF019B022273608B
:103E200004F1100101A8F9F786FFBDF80430022261
:103E3000338004F1120101A8F9F77DFF0422BDF8D7
:103E4000043004F1140173800DEB0200F9F773FFE5
:103E50000422019B04F11801B3600DEB0200F9F795
:103E60006AFF0422019B04F11C01F3600DEB0200C8
:103E7000F9F761FF019B33619FE70120FBF7B6FD76
:103E8000C9F8000030B1D8F8002004F12401F9F796
:103E900052FFBBE76FF08C058FE700BF4C86060C26
:103EA0002DE9F04106461446884688B0002944D0E2
:103EB000002A42D0B2F5005F42D202F1240739460F
:103EC0000120FBF793FD054600283CD0034632460F
:103ED00040462146FFF70AFFD6E9058631464046AF
:103EE000CDE90386FFF7D8FE012820D000233A460B
:103EF000009340462B463146FBF778F8D0B9404650
:103F0000314605AAFBF7B6F8044620B9069B9F4246
:103F100005D06FF0980440463146FBF7D5F8394696
:103F20002846FBF78BFD204608B0BDE8F0816FF016
:103F30008A04F4E76FF09804F1E76FF08604F2E783
:103F40006FF08D04EFE76FF08C04ECE7FBF776BDC4
:103F50002DE9F04F87B0D0E905BA0746894690466B
:103F60005846514603AAFBF785F8044610BB049E49
:103F700001203146FBF73AFD0546002837D0584668
:103F8000514603AA0294FBF775F8044670B902ABD8
:103F90000246CDE90053584633465146FBF744F8F4
:103FA000029B04469E4209D06FF098043146284691
:103FB000FBF744FD204607B0BDE8F08F0028F5D19F
:103FC00043464A46314628460097FFF7EBFE044633
:103FD0000028EBD1D9F8003033B1D8F80030002BED
:103FE00008BF6FF09104E1E76FF09104DEE76FF036
:103FF0008C04DFE70A460023416882B01360074B58
:10400000B3EB112F06D1D0E90501CDE9000102B0D3
:10401000E7F792BD6FF0860002B0704701008000A4
:10402000F0B44468DDE90456240A02D0054FBC42CE
:1040300004D1CDE90456F0BCFCF79CBC6FF08600BF
:10404000F0BC704701008000F0B45768074EDDE90E
:104050000445B6EB172F04D1CDE90445F0BCE7F7D2
:1040600099BD6FF08B00F0BC704700BF010080006D
:10407000013201310140C04310400843013800B211
:10408000704773B5C3881646CA889A4229D1848876
:10409000C4F3400463421C43E4178B88C3F340031A
:1040A0005D422B43DB1783EA0405036802A80093F3
:1040B0000B68019304F0010383F0010100EB81011F
:1040C00000EB830351F8081C53F8080C01F03BFC8B
:1040D00044402C404440002004F00104346002B00D
:1040E00070BD6FF08600FAE700220123C0E90023CB
:1040F000704710B5044648B1006818B1E1888900DE
:10410000FBF79CFC00220123C4E9002310BD42F20E
:104110001073994270B504460D4602D96FF08C00B9
:1041200070BDC3888B4201D30020F9E704212846E3
:10413000FBF75CFC06460028F0D0216841B1E2881C
:104140009200F9F7F8FDE18820688900FBF776FC1A
:10415000E5802660E8E7F8B50E46C98805461446AE
:10416000FFF7D5FF0746A8B963421C43E417204672
:10417000B5F90420B6F90410FFF77AFF2346E443AB
:10418000A880F2882868316801F0FBFBF388E88892
:10419000984201D83846F8BD296851F823202240BA
:1041A00041F823200133F3E7884270B506460D46F7
:1041B000144625D063421C43E417C988FFF7A7FFC4
:1041C00010B16FF08C0070BD2846F188FFF79FFF9B
:1041D0000028F6D1B6F90430B5F904101A46204685
:1041E000FFF746FFB0801946B5F904202046FFF7D7
:1041F0003FFF2346A880F2882968306801F0D5FB8C
:104200000020E0E738B504460D4619B9FFF771FF05
:10421000002038BDC2888A4207D100210068920080
:10422000F9F7AEFD0123A380F2E7FFF762FF29460D
:104230002046BDE83840FFF76ABF42F2107399424A
:1042400070B50A46054602D96FF08C0070BDC38870
:104250008B4207D8BDE87040FFF759BF296851F875
:10426000231011B9013B002BF8D15C1C944238BFDC
:10427000144604212046FBF7B9FB06460028E3D08C
:10428000296839B1A200F9F756FDE9882868890044
:10429000FBF7D4FB0020EC802E60D7E7884270B596
:1042A00005460E4609D0C98849B9C2882AB10123FA
:1042B000920083800068F9F763FD002070BD4C1EFA
:1042C00074B9EA88B6F904300134A242AB800ED248
:1042D00021462846FFF71BFF88B16FF08C00EDE701
:1042E000336853F82430002BEBD1013CE8E7286811
:1042F000121B0021920000EB8400F9F741FD3168A8
:104300002868A200F9F717FDD7E737B50C46054630
:10431000014608226846F9F70EFD21460822284684
:10432000F9F709FD082269462046F9F704FD03B0B4
:1043300030BD70B50C4601210546FFF7E8FE064684
:1043400088B9EA88014692002868F9F719FD84EADD
:10435000E472A2EBE472E40FC4EBC4342B68640093
:1043600001341A60AC80304670BDC388B1EB431F86
:104370003FBF03684A0953F8220001F01F013ABF0A
:10438000C84000F0010000207047012AF8B5064639
:104390000C4615464FEA51171DD8C388B1EB431F91
:1043A0000FD20122316804F01F0451F82730A240D7
:1043B00023EA020305FA04F4234341F827300020DE
:1043C000F8BD002AFBD0791CFFF7A1FE0028E8D039
:1043D0006FF08C00F4E76FF08600F1E70022C188EF
:1043E000914201D800207047036853F8223033B15E
:1043F00093FAA3F0B0FA80F000EB4210704701325C
:10440000EEE7C188006801F067BA08B5FFF7F9FF69
:104410000730C00808BD70B50E4612F0030118BF82
:10442000012101EB920105461446FFF7EBFE38B976
:1044300023463246E9882868BDE8704001F0D1BAC9
:104440006FF08C0070BD70B50E4612F0030118BFFE
:10445000012101EB920105461446FFF7D3FE38B95E
:1044600023463246E9882868BDE8704001F0DEBA8C
:104470006FF08C0070BD13460A46C188006801F0D9
:10448000FABA13460A46C188006801F026BB38B55F
:1044900004460D46FFF7B5FFE3882844B0EB431F01
:1044A00006D820682A46E18801F081FB002038BD4B
:1044B00010F01F0118BF012101EB50112046FFF73A
:1044C00026FE0028EDD06FF08C00F0E70A46C18888
:1044D00008B511B1006801F032FB002008BD10B52D
:1044E000C38823B9CA885AB9ABB1012017E0026862
:1044F00002EB830252F8042C002AF3D1013BF0E7CF
:104500000C6804EB820454F8044C0CB9013AEAE755
:104510009A42EAD30FD8013B5A1C01D1002010BDAA
:10452000026852F823400A6852F823209442DCD8EB
:1045300003F1FF33F0D24FF0FF30F0E730B5C3881E
:1045400023B9CA885AB9002B3DD136E0026802EB84
:10455000830252F8042C002AF3D1013BF0E70C68E7
:1045600004EB820555F8045C4DBB013AEAE7B1F96A
:10457000045003D2B1F90400404226E0B0F904200F
:10458000002A03DD002D0CDA01201EE0002D08DDDD
:104590003AB14FF0FF3018E003F1FF330BD2504235
:1045A00013E0013B016851F8235054F823108D4269
:1045B000F2D9104609E0591CF4D1002005E0002B87
:1045C000D8D09342D3D9B0F9040030BD1FB581EAE9
:1045D000E173A3EBE17301930123C90FC1EBC13177
:1045E00049000131ADF80C10ADF80E3002A901AB55
:1045F0000293FFF7A3FF05B05DF804FB90422DE99D
:10460000F04106460F46144602D0884206D127469E
:104610000123FC88B3804CB9002005E0FFF73EFE83
:104620000028F4D06FF08C00BDE8F0813B684FEAC1
:10463000840803EB840353F8043C0BB9013CEAE71C
:1046400021463046FFF763FD0028EBD1356823464D
:104650003A682946284601F0E0FA074605EB0803C8
:10466000002FD9D0F288651CA24208D829463046CE
:10467000FFF74DFD0028D5D1336803EB84031A689A
:104680002C46D2192CBF01270027003F18BF012755
:1046900043F8042BE4E72DE9F04105460E46904629
:1046A000D4886CBBF1882846FFF731FD0746002807
:1046B00042D1F288A2420BD9AE4209D031682868B3
:1046C000121B920001EB840100EB8400F9F733FB2D
:1046D000EA88F088824207D92B68121A00219200DA
:1046E00003EB8000F9F74CFBD8F800202346316833
:1046F000286801F0C4FA024698B90123AB800DE0A6
:10470000D8F8003003EB840353F8043C0BB9013CA8
:10471000C7E7F188A142C6D26FF009073846BDE865
:10472000F0812968EB8801EB840108461B1B01F02E
:1047300083FD0028E1D0EFE76FF08C07EEE72DE96D
:10474000F843B2F904C0B1F90440054604FB0CFC7F
:1047500067467B430E4691461DD511463046FFF70E
:10476000BEFEB0F1FF3F80460CD04A463146284697
:10477000FFF791FF68B9B8F1000F08BF01240020CE
:10478000AC8006E032462846FFF785FF08B9644250
:10479000AC80BDE8F883FFF731FF0028EFD06FF061
:1047A0008C00F6E70123FFF7CABF4FF0FF33FFF796
:1047B000C6BF1FB582EAE273A3EBE2730193012344
:1047C000D20FC2EBC23252000132ADF80C20ADF86C
:1047D0000E3002AA01AB0293FFF7E4FF05B05DF8CB
:1047E00004FB1FB582EAE273A3EBE273019301239A
:1047F000D20FC2EBC23252000132ADF80C20ADF83C
:104800000E3002AA01AB0293FFF7CFFF05B05DF8AF
:1048100004FB2DE9F04701231446002286B08842AC
:1048200006460D46CDE90223CDE9042310D102A8A6
:10483000FFF734FD58B16FF08C0904A8FFF759FC5D
:1048400002A8FFF756FC484606B0BDE8F08702AD67
:10485000A64206D1314604A8FFF720FD0028EAD180
:1048600004ACEF884FBBB7FA87FAB4F806804FEA7A
:104870005A1AB8F1000F29D108EB07013046FFF7AB
:1048800046FCB8F1000F08BF4AF0010A01460028B3
:10489000D1D13046FFF74DFD81460028CBD1CDF870
:1048A00000803A4623682968306801F0C4FABAF1FA
:1048B000000F15D00123B380BFE72B6803EB8703FC
:1048C00053F8043C002BCED1013FCBE7236803EB28
:1048D000880353F8043C002BCED108F1FF38C8E719
:1048E000AB88A28853439BB2E5E72DE9F341044628
:1048F0000F461546CE8836B13B6803EB860353F866
:10490000043C3BB145B90021204602B0BDE8F0416E
:10491000FFF70FBD013EEEE72046711CFFF7F7FBE6
:1049200028B16FF08C08404602B0BDE8F0813946EE
:104930002046FFF7B3FC80460028F2D1013D0095E8
:1049400033463A68E188206801F0CAF9EBE70000D5
:104950002DE9F04F99B0CDE90210002118460192DF
:104960000593FFF733FE002800F0E5814FF00109C1
:104970008D4B05991493019815ABADF83090ADF8B7
:104980003890CDF84090CDF848901393FFF7A7FDED
:1049900001301ED1039B33B9029B9BB900231846FB
:1049A00019B0BDE8F08F00210398FFF7C2FC002882
:1049B000F2D00024A046A2462746264600946FF077
:1049C0008C03D4E0DDE90110FFF768FC0028F0D18A
:1049D000E4E7002501990BA80B95ADF83250FFF7DD
:1049E0005DFC0B9E0446BDF83270002840F09C81AF
:1049F0000D90ADF83A0005990DA8FFF74FFCDDF8D2
:104A000034A00546BDF83A80002840F09281019B11
:104A10000F90D9880FA80231ADF83890ADF83090DA
:104A2000FFF775FB044618B10F9B2C460093C6E7B1
:104A300001460FA8FFF77DFC0F9B00930028BED115
:104A4000019B1190D98811A80231FFF760FB119CDE
:104A500083460028B3D10DA8FFF7D3FC00F01F0058
:104A60001F286FD0C0F11F0319460BA80493FFF74E
:104A70000EFD0B9EBDF832700028A0D104990DA840
:104A8000FFF705FDDDF834A0BDF83A80002896D187
:104A9000C1463D46A7EB080B4FEA4B1319460DA83C
:104AA000CDF834A0ADF83A800793FFF7F0FCDDF8BD
:104AB00034A0BDF83A80002881D1009B03EB8B0B1A
:104AC0000DA90BA80B96ADF83270CDF834A0ADF857
:104AD0003A80FFF733FD002839DA09F1FF330799EF
:104AE0000DA80693FFF7F2FC09F1FF330AEB8303ED
:104AF000079309F18043023B0AEB830305F1FF3B77
:104B000005F180450993013D009BA5EB090503EBE9
:104B10008505069B9B4549D8039B6BB118460FA999
:104B2000FFF7BCFB00287FF44AAF019B059A9B88E6
:104B300092885343039A9380029B002B40F0D780C6
:104B4000002314E0C1463D46CDF810B0A2E7DBF8E3
:104B500000300BA90133CBF8003008460DAAFFF74F
:104B600024FE0B9E0346BDF832700028A8D00BA887
:104B700001930B96ADF83270FFF7BBFA0DA8CDF894
:104B800034A0ADF83A80FFF7B4FA009B0FA80F935A
:104B9000FFF7AFFA11A81194FFF7ABFA0C2115A893
:104BA000FAF740FF019BFAE601000300079B56F865
:104BB0002B101A684FEA8B09A9F1040033189142AF
:104BC00008934AD2002330580CF03EFF002914BF4E
:104BD0004FF0FF330346BBF1010F2B600EBF0023E4
:104BE000B14459F8083C1593089B1B68169306EBD3
:104BF0008B031B6817932B6801332B602B680021F4
:104C0000013B2B6011A81194FFF793FB119C002826
:104C10007FF4D5AE069B1BB3099B1B682360079BE3
:104C200011A91B68084663602A68FFF75EFE119CA5
:104C300000287FF4C4AE13A911A8FFF77FFC002859
:104C4000DCDC2A680DA911A8CDF834A0ADF83A80B3
:104C5000FFF74BFE30B1119CB1E64FF0FF33BAE7DE
:104C6000069BDBE76FF00703009A4FEAC50902FBDA
:104C7000039911A84946FFF70AFC119C00287FF40C
:104C80009EAE0BA9084611AA0B96ADF83270FFF73D
:104C90008CFD0B9E0346BDF8327000287FF467AF91
:104CA00001460BA8FFF792FC00281CDA0DA911A8F9
:104CB000FFF7F4FA0028CED1494611A8FFF7E7FB29
:104CC000119C00287FF47BAE0BA9084611AAFFF7C0
:104CD00069FD0B9E0346BDF8327000287FF447AF94
:104CE0002B68013B2B600BF1FF3B043D11E704995E
:104CF0000BA80B96ADF83270FFF7E8FB019B0BA9F0
:104D00009B880298ADF83030FFF7C8FA01460028BA
:104D10007FF455AE0298FFF759FC00287FF410AFDE
:104D20000123029A93800BE72C46A846AA460095D9
:104D300045E6009443E66FF00B0330E670B5044699
:104D40000D46104600211646FFF740FC002824DBE4
:104D50002A46334621460020FFF7FAFD054638B1C2
:104D6000284670BD324621462046FFF71BFD90B90C
:104D700000212046FFF72AFC0028F3DB31462046BD
:104D8000FFF7DCFB0028EBDB324621462046FFF72D
:104D90000CFD0028F2D00546E2E76FF00905DFE7D9
:104DA0002DE9F04F8BB00646DDE914578B462846B7
:104DB000002191460793FFF709FC002805DC6FF0FE
:104DC000860420460BB0BDE8F08F2B681B68D9071E
:104DD000F5D500214846FFF7F9FB0028EFDB4846F0
:104DE000FFF70FFBB0F5005FE9D82846FFF709FB96
:104DF000B0F5005FE3D8B9F8061031B901213046AB
:104E00000BB0BDE8F04FFFF794BAE88801F0E8F97D
:104E100004210690FAF7EAFD8046002800F0988009
:104E200000220123CDE9082317B13B68002B68D18C
:104E30000DF1200A2946504601F047F904460028A2
:104E400066D11FB19AE8030087E80300594630464F
:104E5000FFF724FA002859D1012329463046B380B0
:104E6000FFF76CFB002867DA3046E988FFF74FF957
:104E7000044600284AD1286800F0FEFF089BCDF8C0
:104E80000880CDE900033168EB882A68824608462D
:104E900001F0F2F9EB883168D9F80000B9F806C0E2
:104EA0000593DDE9073EB3F12A3F2A68059BCDE96A
:104EB000000CCDE902E8084647D101F0ACF9CDE994
:104EC00000A83168EB8808462A6801F0E1F9BBF9CF
:104ED00004A0BAF1FF3F1BD1D9F800301B68DB07F3
:104EE00016D5F188306801F0BBF901225146FFF771
:104EF000BFF83246B08029463046FFF753FC0446DF
:104F000006E03846E988FFF702F978B16FF08C04C3
:104F1000069B40469900FAF791FD1FB13B68002BB4
:104F20007FF44FAF08A8FFF7E4F84AE70AAB97E829
:104F3000030003E9030089E72A4631463046FFF7BC
:104F4000FDFE044600288FD0E2E701F054F9B6E7F1
:104F50006FF08C0435E7002AF0B52CD02EDB012A47
:104F60000AD0CB882BB1022A0F6807D13B6803F027
:104F7000010303600020F0BD0023FAE707EB83067E
:104F8000002356F8044D250C45EA0343B3FBF2F524
:104F900002FB1533A4B244EA0344B4FBF2F3B74274
:104FA00002FB1343EDD1B1F904100029E1DA002B23
:104FB000DFD0D31ADDE76FF00B00DCE76FF00900FC
:104FC000D9E700000368F7B51B680446DB0703D484
:104FD0006FF00D0003B0F0BD032500260C4F2A46EC
:104FE000214601A8FFF7B7FF0028F3D1019B3BB989
:104FF00029462046FFF7EAFA0028E9D10120E9E72F
:1050000017F8013B0136A72E1D44E8D1E2E700BFA7
:105010005486060C13B5049CCDE900340023FFF739
:10502000BFFE02B010BD13B5049CCDE900344FF0B3
:105030002A33FFF7B5FE02B010BD2DE9F047002678
:105040000D1E88B00746314610460CBF4FF00409CC
:105050004FF0050990461C460596FFF7B7FAB04297
:1050600013DB21464046FFF769FAB0420DDC3146BA
:105070002046FFF77AF90128014606D1002D79D0A4
:105080002046FFF7A3FA002850D16FF086066DE0A6
:10509000002D3ED1E08849468000FAF7A7FC814602
:1050A000002859D0002D3BD02968D8F80020002ACC
:1050B00038D10DF1140CB8F80630E088834233D2B1
:1050C000002A08BF0123CDE901092268009238684F
:1050D000624601F0EDF80123BB8005B1AB80FA8890
:1050E000E3889A4207D93868D21A0021920000EB6F
:1050F0008300F8F745FE9DB3EA88E3889A422FD9EA
:105100002868D21A0021920000EB8300F8F738FEDD
:1051100026E02846E188FEF7FAFF0028BAD01BE017
:105120002946C2E79446C6E70346CCE7A045ACD083
:10513000A542AAD0BC42A8D00DF1180A002F08BF82
:105140005746002201233846E188CDE90623FEF7C1
:10515000DEFF064600289BD04FF000096FF08C065A
:105160005046FEF7C6FF4846FAF746FC304608B000
:10517000BDE8F087A045DEE72DE9F04F01240025CA
:1051800085B0804668461646CDE90054ADF80C401F
:10519000FFF784F8DDF80090BDF8067000287AD19A
:1051A00031460290ADF80E0002A8FFF777F8029E94
:1051B000BDF80E5000286FD1A5422946684638BF79
:1051C0002146ADF80C40ADF80440FEF7A0FFDDF835
:1051D0000090BDF8067000285ED1394602A8FEF79F
:1051E00096FF029E0446BDF80E50002854D1394661
:1051F000484601F035F82346984217D102A94046A7
:10520000FFF74CF8002847D100246846CDF80090FD
:10521000ADF80670FEF76DFF02A80296ADF80E50CD
:10522000FEF767FF204605B0BDE8F08F29463046FF
:1052300001F016F82346984201D16946DFE7684637
:10524000FFF7CCF8834602A8FFF7C8F88246594614
:105250006846FFF73BF9514602A8FFF737F93A468F
:105260004946304600F06FFB3A4603463146484611
:1052700000F09BFB21466A46404602ABFFF7DDFE8D
:1052800004460028C1D1D3455946404628BF51465F
:10529000FFF7FDF8B6E72E466FF08C04B5E7F7B5DB
:1052A0000C4611F0030118BF012101EB94010546E2
:1052B00016461F46FEF7A6FF48B934B1009733469D
:1052C0002246E988286800F01AFF03B0F0BD6FF0AD
:1052D0008C00FAE72DE9F04F91B00024CDE90312DC
:1052E00001220146064606A8CDE90642CDE908425C
:1052F000CDE90A42CDE90E420593ADF83420FFF71F
:1053000070FA0746002840F0B68006A8FFF766F856
:1053100006A9824608A8FEF7C1FF0446002840F00F
:10532000AC80514608A8FFF7D1F82546A046039B5C
:10533000984516D1002706A8FEF7DBFE08A8FEF761
:10534000D8FE0AA8FEF7D5FE0CA80C95ADF836409D
:10535000FEF7CFFE0EA8FEF7CCFE384611B0BDE832
:10536000F08F4FF020094FF0FF3BDDE90423F18877
:105370000CA889000C95ADF83640FFF790FF0C9D06
:105380000746BDF836400028D5D10CA8FFF739F8FC
:10539000074606A8FFF735F887420ED9631E04F1C9
:1053A0008042013AA0EB4310013855F822300BFA45
:1053B00000F023EA000345F82230B9F1010961D079
:1053C00006A90CA8FFF7BAF80028CEDA01210CA82C
:1053D000FFF7FCF80028C8DD0EAB0CA900930846C7
:1053E000334608AAFFF716FE0C9D0746BDF8364067
:1053F0000028A0D106A90CA8FFF7A0F8E8B1012168
:105400000CA8FFF7E3F8C0B14FF00109D14507D26E
:1054100006A90CA80C95ADF83640FFF78FF878B9BF
:1054200006A90CA80C95ADF83640FFF787F848BBE5
:1054300001210CA8FFF7CAF820B308F1010876E7AC
:105440000CAA11460AA8FFF7E4F9C0B932460AA926
:105450000CA8FFF773FC0C9D0746BDF836400028EA
:105460007FF469AF01210CA8FFF7B0F80028D7D06E
:1054700009F10109CAE725465DE73C463D466FF064
:105480008C0758E76FF00D0755E7F7B50E1E044679
:1054900015461F4614DB1046FFF798F800280FDD6D
:1054A0002046E988FEF7AEFE68B9089B3146CDE993
:1054B0000073E3882A68206800F050FE03B0F0BD56
:1054C0006FF08600FAE76FF08C00F7E7F0B5002385
:1054D000012685B0054668461746CDE90036CDE978
:1054E0000236FFF72BFC0446A0B93B466A466946E4
:1054F00002A8FFF7A2FD044660B9314602A8FFF7F3
:1055000065F880B969462846FEF7C8FE041E18BF34
:105510006FF08C046846FEF7ECFD02A8FEF7E9FD8B
:10552000204605B0F0BD6FF00D04F3E72DE9FF4113
:10553000154600234FF001080A4607460E46684606
:105540002946CDE90038CDE90238FFF7F7FB0446DC
:1055500038BB33466A46694602A8FFF76EFD04462B
:10556000F8B9414602A8FFF731F820BB2A46694640
:105570006846FFF74EF908BB424669466846FFF7A2
:1055800030F9044668B9014633466A4602A8FFF777
:10559000DFF9044628B92946384602AAFFF705F97B
:1055A00004466846FEF7A5FD02A8FEF7A2FD2046C8
:1055B00004B0BDE8F0816FF00D04F2E76FF08C04E9
:1055C000EFE7F7B501271E46C3880C46ADF8063055
:1055D0000368002168461546ADF804700093FEF795
:1055E000F5FFC0B139466846FEF7F0FF98B10221D9
:1055F0006846FEF7EBFF28B16846FFF7E3FC18B1F9
:1056000000EAE07003B0F0BD33462A462146684602
:10561000FFF760FEF6E76FF00D00F3E72DE9F04FBE
:105620001F4641F6FD730C46033987B09942054683
:10563000DDF8409000F2E48001230021CDE904135D
:1056400014F01F0318BF0123900703EB54134FD42A
:1056500040F213518C4268D840F251318C4266D8E6
:1056600040F289218C4266D8B4F5AF7F6BD2F92C19
:105670005FD8962C34BF1B2612264FEA830A4FEAC6
:10568000431BC4EB4313009302F00103AAF1040887
:1056900001934B463A4651462846FFF700FE034623
:1056A000E8B92B68584A53F808309342F1D95C4561
:1056B00003D228460099FEF709FF2A68136843F0D1
:1056C000010111600199002943D14B463A46314608
:1056D0002846FFF776FF10F10E0F0346D9D004A835
:1056E0000093FEF706FD009B184607B0BDE8F08F5B
:1056F00040F2A9518C421ED840F27D418C421CD808
:10570000B4F57A7F1BD240F251318C4219D840F265
:10571000ED218C4217D8B4F5FA7F16D2F92C16D8A1
:10572000962C34BF33262826A7E70226A5E70326B2
:10573000A3E70C26A1E704269FE705269DE706269A
:105740009BE7072699E7082697E70D2695E71C268D
:1057500093E743F0030313602946032203A8FFF7EE
:10576000FAFB03460028BAD1039B002B41D1082243
:1057700029462846FFF71DF803460028AFD12946E1
:1057800004A8FEF78BFD002837D1012104A8FEF7FD
:105790009DFE2846FFF716FC0346A8B904A8FFF7AC
:1057A00011FC034680B94B463A4631462846FFF77E
:1057B00091FD034640B94B463A46314604A8FFF7EF
:1057C00089FD034600288AD013F10E0F87D10C22E1
:1057D00029462846FEF7EDFF034600287FF47FAFF9
:1057E00004A906220846FEF7E4FF03460028D0D0AD
:1057F00075E7012BC3D10422BAE76FF08C036EE783
:105800006FF0860370E700BF33F304B52DE9F04174
:10581000804610460F461546FEF7F7FD012838BFB3
:105820000120D8F800100646B94204D26FF089046E
:105830002046BDE8F081CA1B8242F7D3091A02460E
:10584000C8F800102846FEF71CFE04460028EFD1D9
:10585000B5F90430012B0ED1D8F8003093F90020AF
:10586000002A08DADA1B002AE0DD5A1EC8F80020F8
:10587000013603F8010C32463946404608F0D7FBA2
:10588000041ED5DB02223946404608F0F4FB031E15
:10589000AABFA2191C469C18CAE737B502231546B1
:1058A00001AA044608F074FB40B9019A2846216811
:1058B000FEF7C9FD2368019A1344236003B030BD8D
:1058C00043421843C017704790EA0103401A9843B7
:1058D00019400843C01770470139002901DA002038
:1058E000704750F82130002BF6D0B3FA83F0013125
:1058F000C0EB4110704739B101F18041013900EB33
:1059000081018142034600D270471B680A681BBAB6
:1059100012BA40F8042B41F80439F2E770B50E468C
:1059200001463068FFF7D0FF0024C14301259542AE
:1059300002D344EA010070BD56F82500FFF7C0FF0E
:1059400001350443F3E72DE9F843002405460E46EC
:1059500027462346013A02D23846BDE8F88356F876
:10596000229055F8228048464146FFF7ADFF494650
:1059700004434046FFF7A8FF20EA04031F43044303
:10598000E8E78842F0B503D000250438AA4200D1E8
:10599000F0BD1E4650F8047F51F825403440F643D0
:1059A0003E40264306600135F0E78842F0B504D05A
:1059B000002704380439BA4200D1F0BD1E4650F821
:1059C000044F51F8045F3540F64326402E430660ED
:1059D0001D460E682C40ED43354025430D600137D0
:1059E000E9E770B51C4613F0030318BF012303EB6E
:1059F00094038B420546164615D808B9002070BDA1
:105A00008A000021F8F7BCF90023A342F6D0F15C2C
:105A1000DA0023F0030002F0180291402A58013303
:105A20000A432A50F1E76FF08900E8E72DE9F041D9
:105A30001C4613F0030318BF012303EB94038B42AE
:105A400006460D46904613D879B18F003A4600219C
:105A5000F8F796F92CB1381B224641463044F8F746
:105A60006AF929463046FFF746FF0020BDE8F0817D
:105A70006FF08900FAE7B3EB810FF8B516464FEAED
:105A8000810415D81946A14207D31F4600218F4231
:105A900010D19C4218D30020F8BD21F003054559D0
:105AA00001F00302D200D540EDB29DB90131EAE721
:105AB0002746EBE721F00302825801F00305ED00D1
:105AC000EA4072540131E2E700211A1B3019F8F75D
:105AD00057F9E0E76FF08900DEE7B3EB810F70B5AF
:105AE00004464FEA8105104619D95A1B8618002131
:105AF000F8F746F930462B460021C2188B4210D1E8
:105B0000002070BD22F00301615802F00306F60088
:105B1000F140C9B281B90132AA42F3D3ECE71A4687
:105B2000FAE721F00300205801F00305ED00E840FA
:105B300002F8010D0131E1E76FF08900E1E7530957
:105B40008B42F0B402F01F0401D805D13CB3F0BC85
:105B50008A000021F8F714B91F2A22D834B1002294
:105B600000EB8101C4F1200681420FD1F0BC7047E7
:105B700052F8047B45F8047FB242F9D10022CB1AD7
:105B80008B42EBD240F823200133F9E751F8045D52
:105B900025FA04F313430B6005FA06F2E4E71F2A23
:105BA000E4D900EB8302051F00EB8106E4E71F2A1E
:105BB000F0B54FEA521402F01F0512D96FF0030638
:105BC0000B4606FB04069C4203F1FF3212D3631A14
:105BD0008C4288BF002300220B4400EB83038342E6
:105BE0000ED135B1002200EB8400C5F120078C42B4
:105BF00009D3F0BD56F8223040F822301346E2E7D0
:105C000043F8042DEBE70668013406FA05F3134365
:105C100040F8043B26FA07F2E9E7F0B50024844691
:105C200020469C4200D1F0BD51F8245052F8247017
:105C30002E182CBF01250025BF194CF8247045F102
:105C400000000134EDE7F8B504461846FFF738FECA
:105C5000002784463846231F974200D1F8BD53F8E9
:105C6000046F51F8274036182CBF012500250CEA97
:105C70000404A41945F100001C600137ECE72DE98C
:105C8000F74F00259246804689462C462A464FF01B
:105C9000010B9D4203D1204603B0BDE8F08F59F8B7
:105CA0002560214630460193FFF70EFE5946074610
:105CB0003940FF4317400F435AF82510361B304632
:105CC00000915C46FFF700FE0440C04310402043B3
:105CD0000099019B761A48F82560C4190135D8E768
:105CE0002DE9FF418B4228BF0B46CDE90020002261
:105CF000A1EB030803924FEAD30C03F00707BCF1B2
:105D0000010C0AD2013F70D2002401250398B8F19A
:105D1000000F7ED104B0BDE8F08100980199039A8C
:105D20000A9B50F8044B4FF000050E68E3FB042576
:105D3000B41845F1000241F8044B50F8044B4FF001
:105D400000050E68E3FB0425B41845F1000241F894
:105D5000044B50F8044B4FF000050E68E3FB04259C
:105D6000B41845F1000241F8044B50F8044B4FF0D1
:105D700000050E68E3FB0425B41845F1000241F864
:105D8000044B50F8044B4FF000050E68E3FB04256C
:105D9000B41845F1000241F8044B50F8044B4FF0A1
:105DA00000050E68E3FB0425B41845F1000241F834
:105DB000044B50F8044B4FF000050E68E3FB04253C
:105DC000B41845F1000241F8044B50F8044B4FF071
:105DD00000050E68E3FB0425B41845F1000241F804
:105DE000044B03920191009089E700980199039A6E
:105DF0000A9B50F8044B4FF000050E68E3FB0425A6
:105E0000B41845F1000241F8044B0392019100904F
:105E100078E7019A1368184442F8040B0399FFF7D6
:105E200053FD2B460340C04320401843039001928A
:105E300008F1FF386AE72DE9F347DDF828901546A9
:105E40004A440F4692000021064698460024F7F780
:105E500097FF05F1010A4C4502D102B0BDE8F08779
:105E600058F8243006EB840000933A462B465146FE
:105E7000FFF736FF0134EEE70068831C5B0003F098
:105E80000803034403FB00F2C2F10202534303FB85
:105E900000F2C2F10202534358430238584370479C
:105EA0002DE9F04F87B0139D00242E460493109BDC
:105EB00091460293DDE911834FEAC80283468A4680
:105EC0002846002104320593F7F75AFF08F1020330
:105ED0000393444516D105EB840523462946029ACF
:105EE000584655F82470FFF7CAFE7840FFF7E8FCE3
:105EF0002A4600235946A600109607B0BDE8F04F89
:105F000008F055B95AF82430D9F8002037683046DF
:105F100002FB0377059A0399574300934A46049B73
:105F2000FFF7DEFEDDE90221304643460097FFF72A
:105F3000D7FE04360134CCE72DE9F04F8DB01D4675
:105F4000189B8346B3F12A3F8A46179F1A9E0592F3
:105F500040F08D8039461698FFF7BEFC012838BF07
:105F60000120470900F01F047B01502B34BF01239F
:105F70000323012B0A930CBF022308230B930A9BD4
:105F8000059805FA03F306EB8303069303EB8503F9
:105F90000793FFF771FF4FEA8508424600210890FA
:105FA0003046F7F7EDFE01233360079B314603933C
:105FB000089B3046CDE90153059B199A009306EBE7
:105FC00008092B46FFF76CFF514642464846F7F753
:105FD000B2FE0223494609930B9B099A934248D18A
:105FE000424631465846F7F7A6FE4FF00009CA462A
:105FF000079B5A460393089B5946CDE90153059BDD
:10600000584600932B46FFF74BFF002C47D11F2427
:10601000013F169B0AF1010A53F82730E34003F0D1
:10602000010343EA49090A9B534503D0002CDFD101
:10603000002FDDD1189BB3F12A3F32D1424609FB34
:1060400008610698F7F777FE079B59460393089B6C
:106050005846CDE90153059B069A00932B46FFF75E
:106060001FFF002CC1D1BFB90DB0BDE8F08F0024D7
:106070007AE7079B01EB080A0393089B4A46CDE9A0
:106080000153059B504600932B46FFF709FF099BE0
:106090005146013309939FE7A146A246A8E7013C78
:1060A000B7E731464FF0000A50464B465840FFF7DD
:1060B00007FC2A46C3430698FFF763FC099B0AF1D5
:1060C000010A53454144EFD1BEE738B50D460121E1
:1060D0000446FEF72EF988B9E98820468901FEF7C3
:1060E000D6F958B92A4621462046FEF727FE28B998
:1060F0002046E988BDE83840FEF79FB838BD2DE955
:10610000F04712F0030418BF012404EB92048C4200
:106110000646884617461D464FEA840AC2EB8409A4
:1061200019D84A460021F7F72BFEA8EB04020021FC
:10613000920006EB0A00F7F723FE3A46089806EBB2
:106140000901A847054618B921463046FFF7D3FB99
:106150002846BDE8F0876FF08605F9E72DE9F04F96
:1061600085B01F460646039190464FF0FF3300234B
:1061700039461046FFF7B0FBC41D282C34BF4FF042
:10618000FA0A4FF01E0A4FEAD40B24F00704241A2F
:106190000F9B5A460093394630460E9BFFF7AFFFE0
:1061A0000546B0B9224639463046FFF7C8FCBAF179
:1061B000010A12D03A4631460398FFF7AFFB414639
:1061C00081463046FFF7BFFB2A4609EA00039A42A0
:1061D000DED0284605B0BDE8F08F6FF00D05F8E77A
:1061E0004901502934BF0122032201239340033384
:1061F00058430130704710B586B00B9C04940A9C3C
:10620000039400240294099C0194089C0094FFF7D5
:1062100093FE06B010BD10B586B00B9C04940A9C8A
:1062200003944FF02A340294099C0194089C009432
:10623000FFF782FE06B010BD70B50646002410467A
:106240009C4200D170BD51F82420151A34BF0122A0
:106250000022101E46F8245018BF01200134EFE739
:10626000034600EB810100208B4201D1FFF728BBE0
:1062700053F8042B1043F7E71FB5089C00920394D2
:10628000069C079ACDE90134FFF70AFE04B010BD61
:1062900030B51C46012387B00B9D009203950A9DE3
:1062A00005AACDE901450593FFF7FAFD07B030BD1A
:1062B0002DE9F04F0F4689B0DDE913499A4609EB05
:1062C0008403019309EBC40380461146A6000293A0
:1062D00003EB8405002F3AD005EB060BA24528BF3F
:1062E000A2464FEA8A031A4648460393F7F723FD6E
:1062F000039BA4EB0A0209EB030000219200F7F7CD
:106300003FFD129B984504D0324619464046F7F7A8
:1063100012FD67B1324600213846F7F731FD3246AB
:1063200000215846F7F72CFD0123CBF80030A2449A
:106330004FEA4A130793331FEB1806930023039386
:10634000039A079B934204D809B0BDE8F08FBB467F
:10635000C4E7D9F80000414600F00100FFF7B0FAA9
:106360000246D8F8000000F00100FFF7A9FA22EA7F
:10637000000302EA000A04934A4623460198FFF705
:106380007EFCDDE901103246F7F7D5FC534649465D
:1063900022460298FFF7F5FA32462846F7F7CBFC7B
:1063A000224641462846049BFFF7EBFA534628460F
:1063B0000199FFF7E6FA012221462846FFF7BFFBC5
:1063C000324602994846F7F7B6FC3246294640461F
:1063D000F7F7B1FC224649464046FFF7B4FA224699
:1063E0000346059041464846FFF7DFFA002F48D0A4
:1063F00023465A4639460198FFF741FC2246034698
:1064000012990198FFF71FFCDDE901103246F7F7FA
:1064100092FC5346594622460298FFF7B2FA32469A
:106420002846F7F788FC224639462846049BFFF7A2
:10643000A8FA534628460199FFF7A3FA2B68129948
:1064400003F001032846FFF7FEFB824601222146A6
:106450002846FFF774FB069B069A1B68029943EADD
:10646000CA73136058463246F7F765FC3246294630
:106470003846F7F760FC224639465846059BFFF739
:1064800094FA039B01335AE738B500EBC104A042EC
:1064900000D138BD00F10805FDF726FE2846F6E7D5
:1064A00038B500EBC104A04200D138BD00F10805A9
:1064B000FDF71FFE2846F6E770B50C460646114666
:1064C00020461A46FEF7A5F90546A8B9B36C33B9BC
:1064D00021462046321DBDE87040FEF72FBCB4F9BE
:1064E0000430002B0ADB2046FDF78BFFF36BB0EB8B
:1064F000430F0AD96FF08605284670BD0146204635
:10650000FEF764F80028EED0F4E72046B36C984715
:1065100005460028F0D10436B4F90430002B04DA23
:1065200000212046FEF752F868B931462046FEF7B2
:1065300005F80028E0DB324621462046FEF7ABF89E
:106540000028F2D006E0324621462046FEF72AF91E
:106550000028E1D00546CFE72DE9F34101F1100510
:1065600006460F4628460021FEF730F80446A0B341
:106570006846FDF7B9FD2A4669460020331DFEF73F
:106580005CFD044630BB07F108086B4642464146B5
:106590003046FFF791FF0446E0B96B466A4669460C
:1065A0003046FFF789FF0446A0B96B463A463946A4
:1065B0003046FFF781FF044660B96B4642464146CC
:1065C0003046FFF779FF044620B901212846FDF740
:1065D000B0FE04466846FDF78CFD204602B0BDE8DB
:1065E000F0812DE9F04F012A80460E46914685B094
:1065F00005D8096805B0BDE8F04FFFF7ADBF082129
:106600001046F9F7F3F90746002800F0AA8002A81F
:10661000FDF76AFD49463846FFF736FF31683846D0
:106620001031FDF73BFE0446002846D1B24607F183
:1066300008014FEAC90507EBC90B5AF8043F404669
:106640001033A1F108020191FFF736FF0446A0BB09
:10665000019908315945F0D1A5F108023A44114693
:1066600008F10403FEF7E9FC044630BB103D09F1D4
:10667000FF3A06EB89063D44BAF1000F2BD005F135
:10668000080B2B465A46404602A9FFF715FF044661
:1066900098B956F8043C5A46294640461033FFF74D
:1066A0000BFF044648B956F8042C40460832114600
:1066B00002ABFFF701FF044690B102A8FDF719FDF8
:1066C00038464946FFF7ECFE3846F9F795F920467B
:1066D00005B0BDE8F08F394602A8FDF7DFFDE0E721
:1066E00002AB1A4619464046FFF7E6FE044600286C
:1066F000E3D156F8042C4046114602ABFFF7DCFE0E
:1067000004460028D9D156F8042C404608321146D8
:1067100002ABFFF7D1FE04460028CED1B8F80A102C
:1067200056F8040CFDF789FD04460028C5D156F83B
:10673000040CB8F80A100830FDF77FFD0446002865
:10674000BBD156F8040D01211030FDF7F2FD0446CF
:106750000028B2D1083DBAF1000FAED00AF1FF3ADD
:106760008AE76FF08C04B2E7F7B50D4604460835AA
:1067700068461646FDF7B8FC00212846FDF726FFBF
:10678000211D07462A466846FEF70FF8044648B919
:10679000002F0CBF002206F0010269462846FDF7D3
:1067A000DAFC04466846FDF7A4FC204603B0F0BDC1
:1067B0002DE9F74F06460C461F4615464FF0000BD5
:1067C0009DF8308001F1080AC8F345095FFA8BF2A1
:1067D000A2EB09035A425A41294620460192FDF78D
:1067E000BAFCD8B95046019A05F10801FDF7B3FC8F
:1067F000A0B90BF1010BBB4505F11805E6D1214607
:1068000030464FEAD812FFF7AFFF38B9012104F143
:10681000100003B0BDE8F04FFDF78BBD03B0BDE83D
:10682000F08F70B50C460646114620461A46FDF715
:10683000BCFF054648B90436B4F90430002B04DA2D
:1068400000212046FDF7C2FE08B9284670BD324639
:1068500021462046FDF7A6FF0028EDD00546F4E7C7
:1068600070B50C460546114620461A46FDF79AFFBC
:10687000064630B9043529462046FDF75FFE00285C
:1068800001DA304670BD2A4621462046FDF703FF57
:106890000028F0D00646F4E738B50C46051D294619
:1068A0002046FDF74BFE002801DA002006E02A46CC
:1068B00021462046FDF7EFFE0028F0D038BD10B588
:1068C0000446FDF716FC04F10800FDF712FC04F184
:1068D0001000BDE81040FDF70CBC38B50C4605466D
:1068E00001212046FDF7D3FD28B921462846BDE801
:1068F0003840FFF7D1BF38BD2DE9F04113460546BA
:106900000C461646FFF7D8FD40BBEB6843BB03229D
:1069100021462046FDF765FF00BB2F1DB4F904306A
:10692000002B04DA00212046FDF750FE78B93346EB
:10693000224621462846FFF7BFFD78B92246214668
:10694000284605F11403BDE8F041FFF789BF3A4638
:1069500021462046FDF726FF0028DFD0BDE8F08164
:1069600022462146284605F10C03FFF779FF00284F
:10697000DDD0F3E72DE9F84F1E4603F10805C368A3
:1069800004468A469046002B40F0C08002F1100376
:106990001A462946FFF790FD002840F0EF8006F1E7
:1069A00010072B46424639462046FFF759FF00287C
:1069B00040F0E48006F118092B464246494620463D
:1069C000FFF72FFF002840F0D9804B463A46294672
:1069D0002046FFF771FD002840F0D08003222946B1
:1069E0003046FDF782FF002840F0C880314620463F
:1069F000FFF752FF002840F0C18008F1080B06F1B4
:106A000010075B465A4639462046FFF755FD0028D9
:106A100040F0B48039462046FFF75FFF002840F081
:106A2000AD803B46424629462046FFF745FD0028FB
:106A300040F0A48029462046FFF74FFF002840F091
:106A40009D8006F118093B463A4649462046FFF725
:106A500033FD002840F0928049462046FFF73DFF75
:106A6000002840F08B803346324639462046FFF7F7
:106A700023FD002840F082802B463A4639462046C6
:106A8000FFF7CFFE002879D12B463A4639462046FB
:106A9000FFF7C7FE002871D13B462A46294620460B
:106AA000FFF7BFFE002869D133462A462946204613
:106AB000FFF702FD002861D14B462A4629462046B1
:106AC000FFF7AFFE002859D15A464946204608F143
:106AD0001003FFF7F1FC002850D149462046FFF78C
:106AE000FCFE00284AD139465046FDF7D7FB002866
:106AF00044D129460AF10800FDF7D0FBF0BB494616
:106B00000AF11000BDE8F84FFDF7C8BB134629464F
:106B1000FFF7D2FC90BB032229463046FDF7E5FE85
:106B200060BB31462046FFF7B7FE38BB04F10C07C7
:106B300001463846FDF74AFD00283FF45EAF08F1F4
:106B400010031A4629462046FFF7B6FCB0B906F1F5
:106B500010092B462A4649462046FFF7ADFC68B986
:106B60003B464A4629462046FFF7A6FC30B92B464D
:106B7000324631462046FFF773FE3BE7BDE8F88F0B
:106B80000346C06920B15B6A002B14BF01200220BC
:106B9000704710B50446FDF7A7FA04F10800FDF7A9
:106BA000A3FA04F11000BDE81040FDF79DBA38B516
:106BB0000025044600F8045BFDF796FA04F10C008A
:106BC000FDF792FA04F11400FDF78EFA04F11C00AF
:106BD000FFF7DFFF04F13400FDF786FAC4E90F5533
:106BE000C4E91155C4E91355C4E91555E56538BD27
:106BF00010B50446FFF7DBFF04F16000FDF774FAFF
:106C000004F16800BDE81040FFF7C3BF08B1FFF70B
:106C100056BE704770B5044658B3436C012B11D073
:106C20000C30FDF766FA04F11400FDF762FA04F186
:106C30001C00FFF7EBFF04F13400FDF75AFA201DAA
:106C4000FDF757FAA36D8BB92046BDE8704060216F
:106C5000F8F7E8BE06FB0500FFF7D8FF0135D4E9D9
:106C60001603AB42F6D8F8F7C7FEEDE70025182665
:106C7000F5E770BD10B5044658B1FFF7CBFF04F13E
:106C80006000FDF736FA04F16800BDE81040FFF738
:106C9000BDBF10BD38B504460D46FDF7FFFA70B90B
:106CA00005F1080104F10800FDF7F8FA38B905F11B
:106CB000100104F11000BDE83840FDF7EFBA38BD0F
:106CC00010B501210446FDF734FB60B9012104F140
:106CD0000800FDF72EFB30B9014604F11000BDE8B5
:106CE0001040FDF726BB10BD2DE9F14F9A461B69F8
:106CF00004460E4691460A9D23B96FF0860001B006
:106D0000BDE8F08F02F1100700213846FDF75EFC68
:106D100030B95146304601B0BDE8F04FFFF7BABF79
:106D20000AF1100800214046FDF750FC08B9494619
:106D3000F0E701214046FDF749FC0028DDD13B4644
:106D40003A4629462046FFF7B7FB0028D7D105F180
:106D500008083B462A4641462046FFF7ADFB00287F
:106D6000CDD153462A4629462046FFF7A5FB0028E9
:106D7000C5D14246414620460AF10803FFF79CFB75
:106D80000028BCD14B462A4629462046FFF749FD3C
:106D90000028B4D109F1080B5B4642464146204623
:106DA000FFF73FFD0028AAD100212846FDF70EFC81
:106DB000014690B94046FDF709FC40B92B464A46CA
:106DC0003146204601B0BDE8F04FFFF7D3BD304655
:106DD00001B0BDE8F04FFFF773BF2B463A4620469F
:106DE00006F11001FFF768FB002888D105F11007B4
:106DF0002B462A4639462046FFF75EFB00287FF4E3
:106E00007EAF05F1180A2B463A4651462046FFF759
:106E100053FB00287FF473AF4B463A463946204671
:106E2000FFF74AFB00287FF46AAF39462846FDF792
:106E300035FA00287FF463AF29462046FFF74DFD61
:106E400000287FF45CAF4346424631462046FFF7B8
:106E500033FB00287FF453AF2B46324631462046A1
:106E6000FFF7DFFC00287FF44AAF53463246314635
:106E70002046FFF7D6FC00287FF441AF33463A4660
:106E800039462046FFF7CDFC00287FF438AF434653
:106E90003A4639462046FFF70FFB00287FF42FAF14
:106EA0005B46524651462046FFF706FB00287FF41A
:106EB00026AF53463A46204606F1080101B0BDE828
:106EC000F04FFFF7AEBC2DE9F04F0546DBB0039362
:106ED0009DF890310AA80E46174604939DF894A198
:106EE000DDF8988105F1340BFDF7FEF810A8FDF7E9
:106EF000FBF800215846FDF738FA012805D06FF05D
:106F0000860420465BB0BDE8F08F00213846FDF7CF
:106F10002CFA3946B0FA80F90AA8FDF7BFF94FEA12
:106F200059190446002852D13A46594610A8FDF78F
:106F30003CFC044600284AD14A4610A90AA8FDF79D
:106F40000AF90446002842D1014608F1010218A8B6
:106F500018AFF6F715FF3A462346984500F0AF8084
:106F600019464FF0000B0AA8CDE906320591FDF74E
:106F7000FCF9079A00FA0BFC107805990BF1010B4C
:106F800040EA0C00DA45069B10704144EBD801330F
:106F90000132E2E7787897F800A080EA0201CB435B
:106FA00003F0010E43F300030AEA0303104001EA71
:106FB0000302594007F8011F17F8013C024343EA56
:106FC000CE1307F8013C0CF1010CE045E2D210AF02
:106FD0003846FDF78EF80AA8FDF78BF8002C90D103
:106FE0000AA8FFF7D6FD04213846FFF74DFA18AB83
:106FF00013F80830314600932846DDE90323FFF7F4
:10700000D7FB0446002841D1679B002B60D008A81D
:10701000FDF76AF8689B022100932A1D679B08A868
:10702000FEF733FA834648BB06F1100211462846A4
:1070300008ABFFF741FA834600BB06F1080A524647
:107040005146284608ABFFF737FA8346B0B908AB7C
:107050001A4619462846FFF72FFA834670B932467A
:107060003146284608ABFFF727FA834630B9524627
:107070005146284608ABFFF71FFA834608A8FDF7DC
:1070800038F81BF10E0F1ED16FF093040AA8FFF71A
:1070900016FC042110A8FFF703FA002C7FF431AF8F
:1070A0004A4631462846FFF75FFB044600287FF436
:1070B00028AF31462846FFF74FFA044621E7002261
:1070C0004FF0010C81E7BBF1000F01D05C46DDE71A
:1070D0000DF1600AB8F1000FD8D03B463246314678
:1070E000284608F1FF38FFF745FC90B918F80A3038
:1070F000284600930AA9DDE90323FFF759FB40B9AD
:1071000032463146284600970AABFFF7EDFD0028CE
:10711000E0D00446BAE7002108B51030FDF756FA72
:10712000B0FA80F0400908BD2DE9F84F012A8346E6
:10713000DDE90A690F46924698465ED80430FDF7AD
:1071400064F905465846FFF71BFD022824D14D453A
:10715000C8F8005004D96FF089042046BDE8F88FC4
:107160002A4631463846FDF786F904460028F4D110
:107170005846FFF705FD01288346EED1002107F1AF
:107180001000FDF723FA044648B9B9F1000FE2D028
:107190003070C8F800B0E0E76FF08504E8E7BAF1B6
:1071A000000F19D16B0001334B45C8F80030D2D81D
:1071B000314604232A46384601F8013BFDF761F9C0
:1071C00004460028C9D12A46691C314407F1080049
:1071D000BDE8F84FFDF755B96B1C4B45C8F80030BA
:1071E000B9D8002107F10800FDF7BFF83146023099
:1071F00001F8010B2A463846EAE76FF08604ACE74F
:107200002DE9F04F07460D4690461E4687B02BB934
:107210006FF08604204607B0BDE8F08F00F1040A45
:107220005046FDF7F2F881463846FFF7A9FC0228E0
:1072300033D14E45ECD1324641462846FDF7EBF8B6
:1072400004460028E6D105F10800FCF752FF3B7820
:10725000072B18D0012105F11000FDF76AF804464C
:107260000028D7D13846FFF78BFC01288346D1D1BF
:1072700098F80030A3B9012ECAD1284607B0BDE85E
:10728000F04FFFF71DBDF100224628460139FDF7FA
:107290007CF804460028DDD0BCE76FF08504E1E708
:1072A00009F10103B3420393B2D84A46284608F1D4
:1072B0000101FDF7C8F804460028ABD1594605F195
:1072C0001000FDF736F804460028A3D198F800B066
:1072D000039BBBF1040F0ED14FEA49020132B242C7
:1072E00096D14A4608EB030105F1080007B0BDE856
:1072F000F04FFDF7A8B8ABF10202012A88D8B342DB
:1073000086D101465046FDF730F80128014605F1C7
:10731000080602D06FF085047CE75046FDF725F89B
:107320000128F7D104A8FCF7DFFE2A46314638468B
:10733000FFF7E2FA044618BB0122514604A8FDF704
:1073400038FA0446E0B9022104A8FDF7BFF8044664
:10735000B0B9009053463146304604AAFDF75AFEB4
:10736000044668B901463046FCF7FFFF0BF0010BFD
:10737000834505D0324651463046FDF716FA04469D
:1073800004A8FCF7B6FE45E7F0B50E460546012118
:1073900085B006F11000FDF719F9044618B14D4CFF
:1073A000204605B0F0BD2846FFF7EAFB022850D181
:1073B0003046FDF72AF82B6C0733B0EBD30FEED82D
:1073C00021463046FDF702F90028E8DB02A82F78B5
:1073D000FCF78AFE314602A8FCF760FF0446B0B90C
:1073E0000435294602A8FDF7A9F8002807DA01218B
:1073F00002A8FDF7EBF800280DDC364C07E002A9E7
:107400002A460846FDF7D1F904460028E9D002A82B
:10741000FCF76FFEC4E7072F0ED002A90122084631
:10742000FDF7C7F904460028F1D1294602A8FDF767
:1074300085F80028EBD1E0E7274902A8FDF77EF8A0
:107440000028DAD0254902A8FDF778F80028E4D111
:10745000D3E701283BD121463046FDF7B7F8002895
:107460009DDB06F1080721463846FDF7AFF80028F6
:1074700095DB2C1D21463046FDF760F800288EDA9A
:1074800021463846FDF75AF8002888DA6846FCF7A6
:107490002BFE02A8FCF728FE3B463A4669462846E2
:1074A000FFF70AF8044670B93246284602A9FFF7EA
:1074B00023FA044638B9684602A9FDF73FF8054BA0
:1074C000041E18BF1C466846FCF713FE9FE76FF0CA
:1074D000860465E780B3FFFF0487060CFC86060C74
:1074E00070B50646FFF74CFB02280C4605461DD139
:1074F00000212046FCF739FF08B1164870BD012174
:107500002046FCF732FF0028F7D12046FCF779FF30
:10751000336C5A1C9042F0D1FE2B05D129462046EF
:10752000FCF723FF0028E8D10020E7E701280DD170
:1075300001462046FDF74AF80028DEDB204606F12A
:107540003401FCF7FBFF0028EEDBD6E76FF0860086
:10755000D4E700BF80B3FFFF2DE9F04F8B46A3B007
:107560001146044698460C92FFF7BAFF0646C8B982
:1075700041462046FFF708FF064698B92046FFF728
:10758000FFFA022840F0148213A8FFF702FB0FA8AD
:10759000FCF7AAFD04211AA8FEF776FF2C9B2BB955
:1075A0006FF08606304623B0BDE8F08F41460FA845
:1075B000FCF774FE0646002850D1414613A8FFF799
:1075C00069FB0646002849D101215846FCF7B1FE67
:1075D0000646002842D10BF1100501462846FCF76B
:1075E000A8FE0646002839D10BF10800FCF781FD02
:1075F00004F10409494613A8FCF7A0FF002825DA86
:1076000011A8FCF771FD2D9B4A46009302212C9B8B
:1076100011A8FDF73AFF064670B913AA1146204695
:1076200011ABFEF749FF064630B917AA11462046AE
:1076300011ABFEF741FF064611A8FCF75AFD16F103
:107640000E0F40F0B2806FF0930607E013A94A4690
:107650000846FDF720F806460028CBD013A8FFF710
:107660002EF90FA8FCF745FD04211AA8FEF718FF14
:10767000002E97D12046FFF783FA0128074691D1C3
:10768000236C1821052B34BF022204220892013AF0
:107690000A9200FA02F20B929DF82C20013B07920D
:1076A000089A0B981344B3FBF2F30993F8F79EF989
:1076B0000546002800F0E3814FF000094FF0180A5A
:1076C0000AFB0950FFF765FA09F10109079A5FFA09
:1076D00089F39A42F4D81C22002113A8F6F750FB34
:1076E00004211AA8FEF7D0FE41462846FFF7D2FA39
:1076F0000646002840F07681DDE9092380464FF0F8
:10770000180953430D930D9B984540F054810DF19A
:107710004C094946012300224FF0180C0CFB035082
:107720005B0041F8040B0798DBB2984202F10102BA
:10773000F4D8204613A9FEF754FF0646002840F06F
:1077400051811823BA4603FB0753D0460AF1FF3A8A
:10775000B8F1000F40F08281079B7F00FFB2BB426F
:10776000EFD818230A9905F118028B402B4449F8E9
:10777000042B18329A42FAD10B9B20465A1E13A9A9
:10778000FEF72FFF0646002840F02C8105F1100778
:107790003846FCF7AEFC08F10108079A5FFA88F357
:1077A000934207F11807F3D31CE1002E7FF456AF84
:1077B000D4F840A0BAF1FF3F19D14B462A462946DA
:1077C0000020FDF73AFC064600287FF447AF2B4621
:1077D0005A4659462046FEF76FFE064600287FF4BB
:1077E0003DAF01212846FCF7A4FD064636E7514689
:1077F0000C98FCF7BAFDC7B23A46584613A9FCF7F5
:10780000D3FC064600287FF429AF3A46284617A93C
:10781000FCF7CAFC064600287FF420AF2B465A46E8
:1078200020461AA9FFF71CF8064600287FF416AF79
:107830002B465A4620461CA9FEF7F3FF06460028B1
:107840007FF40CAF204617AB13AA1EA9FFF708F868
:10785000064600287FF402AF204617AB13AA20A9E2
:10786000FEF7DFFF064600287FF4F8AE20AA114697
:1078700020461AABFEF720FE064600287FF4EEAE47
:107880001EAA114620461CABFEF716FE064600282F
:107890007FF4E4AE1AAB1A4619462046FEF70CFEFA
:1078A000064600287FF4DAAE1CAB1A46194620467D
:1078B000FEF702FE064600287FF4D0AE5946204669
:1078C0001CAB1AAAFEF7F8FD064600287FF4C6AEE8
:1078D0001AAA114620461CABFEF7A3FF0646002855
:1078E0007FF4BCAE294620461AAB04F10C02FEF729
:1078F000E3FD064600287FF4B1AE2B46294620461C
:107900001CAAFEF7ADFF064600287FF4A7AE20466E
:107910001EAB20AA13A9FEF7A3FF064600287FF49A
:107920009DAE13AB1A4619462046FEF7C5FD064626
:1079300000287FF493AE20461EAB20AA17A9FEF7BD
:1079400070FF064600287FF489AE17AB1A46194629
:107950002046FEF7B1FD064600287FF47FAE17AB48
:10796000194620460FAAFEF7A7FD064600287FF419
:1079700075AE2B46294620461AAAFEF79DFD0646FF
:1079800000287FF46BAE3A46584613A9FCF70CFC6E
:10799000064600287FF462AE3A46284617A9FCF74F
:1079A00003FC0AF1FF3A064600283FF403AF55E610
:1079B0006FF086065EE6099B0122B8FBF3F302FA3C
:1079C00003F1099AC9B202FB138309FB015A002B88
:1079D00037D05246514620461AABFEF7CBFF06463B
:1079E000002838D004211AA8FEF75AFD86B92D9B2D
:1079F000594604932C9B20460393099B0C9A0293AF
:107A0000089B0193079B00932B46FFF75CFA064601
:107A1000A36D9D420ED06DB10024182707FB0450C2
:107A2000FFF7F4F80134079AE3B29A42F6D82846F1
:107A3000F7F7E2FF002E3FF4B5AD5846FFF7E6F842
:107A4000B0E54908504609FB0151FFF723F9064606
:107A50000028BED0C6E708F1010854E6182202FB50
:107A60000AF11AAA009220466A1819440D93FFF7EA
:107A70003BF90D9B064600283FF467AEB2E76FF076
:107A80008C06C5E7F0B5144685B0074602A80D463A
:107A90001E46FCF729FB00212046FCF797FD78B92C
:107AA00031463846FFF770FC044618B92846FFF700
:107AB00007F9044602A8FCF71CFB204605B0F0BD00
:107AC00001212046FCF782FD58B931463846FFF7C0
:107AD0005BFC04460028EDD131462846FFF7DAF872
:107AE000E7E74FF0FF312046FCF770FD18BB314649
:107AF0003846FFF749FC04460028DBD131462846CA
:107B0000FFF7C8F804460028D4D1083501462846B6
:107B1000FCF75CFD2A460646391D02A8FCF745FE27
:107B200004460028C6D1321E18BF0122284602A9E9
:107B3000FCF711FBBDE700232246CDE900332946BF
:107B400033463846FFF708FDB3E72DE9F04190B022
:107B500005469846FFF714F801280E46144630D122
:107B600002A808AFFFF715F804213846FEF78CFC91
:107B700022464346284602A9FFF784FF0446A8B9D7
:107B8000DDE9162331462846FFF77CFF044668B935
:107B9000334631462846009702AAFFF7A5F8044667
:107BA00020B931462846FEF7D7FC04463846042162
:107BB000FEF776FC02A8FEF782FE204610B0BDE874
:107BC000F0816FF08504F8E730B4DDE9024524B1B7
:107BD000CDE9024530BCFFF7BFBC6FF0860030BC7A
:107BE00070471FB500240294079C0194069C0094E2
:107BF000FFF7EAFF04B010BDF7B506460C4619467C
:107C0000FEF7BEFF022805462BD1366C0B46F7085F
:107C1000013739462046FDF742FB88BBC6EBC7015A
:107C200020460139FCF752FC50BB01223146204668
:107C3000FCF7ABFB20BB024601462046FCF7A5FB48
:107C4000F0B9024601212046FCF79FFBC0B9FE2E89
:107C500016D102462946204603B0BDE8F040FCF7A5
:107C600094BB01280ED11346009106F1340201465F
:107C70002046FDF70AFC10F10E0F08BF6FF09300CD
:107C800003B0F0BD6FF08600FAE700002DE9F7437E
:107C90000C4680460146204617461E4600F01AFE56
:107CA000054600287BD12046FEF76AFF0228814660
:107CB00054D1B8F1070F30D1202E72D104F16008F1
:107CC000324639464046FCF7A6FB0246F0B901466B
:107CD0004046FCF75AFB0246C0B901214046FCF77A
:107CE00054FB024690B949464046FCF74EFB02461B
:107CF00060B9FF214046FCF748FB024630B901223B
:107D0000FE214046FCF741FB024648B304F1600007
:107D10000192FCF7EEF9019A38E0B8F1090F1DD194
:107D2000382E3ED104F16008324639464046FCF711
:107D300072FB02460028E9D101464046FCF725FBCC
:107D400002460028E2D101214046FCF71EFB024614
:107D50000028DBD1012240F2BF11D2E76FF0850588
:107D60002046FEF70DFF012804F1600812D13246CB
:107D700039464046FCF767FB02460028C6D141461B
:107D80002046FFF7ADFB02460028BFD1104603B0E6
:107D9000BDE8F083002DF2D06FF08502B6E7024611
:107DA000F4E7014AF2E700BF80B3FFFF70B5066C4D
:107DB0000D460736B3EBD60F114604464FEAD602FE
:107DC00004D200236FF089002B6070BDB0F86630DC
:107DD0002A608BB1FEF7D4FE022805D104F16000C1
:107DE000BDE87040FCF747BB012808D104F16000F2
:107DF000BDE87040FCF745BB6FF08600E5E76FF02B
:107E00009600E2E7F0B504685509231F1E4604EB0F
:107E1000850556F8047FFF43AE423760F9D153F829
:107E2000046F01361E600EB9AB42F8D14FF6FF73F6
:107E3000D2088380A3585B1AA350F0BDF0B5C38865
:107E400004460E2BA3B05CD901220E3B9BB20E2B35
:107E5000ADF80820ADF80A3055D813AE3C22002109
:107E600030460196F5F78CFFBDF80A202168920094
:107E700038313046F5F75FFF0E230021E2889A4241
:107E800036D801AD2A4621462046FCF78BFC68BB5C
:107E900095E8030003AF87E803003822314605A8C0
:107EA0000390F5F748FFE0213846FCF70FFBE8B9EF
:107EB0003A4621462046FCF775FCB8B90723BDF8C1
:107EC0000A209A4219D83A4629462846FCF76AFC05
:107ED00060B90F23E0212846ADF80A30FCF7D7FA45
:107EE00020B92A4621462046FCF75CFC23B0F0BDB1
:107EF000206840F823100133C1E746F8230001331E
:107F0000DFE70020F2E76FF08600EFE7F0B5C48806
:107F10000546082C8BB017D9083C082C17D80668E2
:107F2000A70020363A46314602A8F5F704FF3A4644
:107F300000213046F5F724FF26230093092123462C
:107F4000286802AAFDF7CCFE00200BB0F0BD6FF050
:107F50008600FAE710B5C2880446102A94B029D9E1
:107F6000103A92B2122A28BF122201232168ADF8DA
:107F7000062002A840319200ADF804300090F5F7D9
:107F8000DAFE09216846FCF7A1FA68B92268E1889F
:107F9000136CC3F3080313641123994206D86A468D
:107FA00021462046FCF72AFB14B010BD42F82300FE
:107FB0000133F2E70020F7E770B5C3880546072BC9
:107FC00090B071D9394A083B0392394A9BB2082BC9
:107FD00004924FF0010228BF082305AE0021ADF83E
:107FE000082030462C22ADF80A300196F5F7C8FE7D
:107FF000BDF80A202968920020313046F5F79BFE33
:10800000BDF80A30BDF8122000211344ADF80A3043
:108010000823EA8893423DD301A9084603AAFCF746
:10802000F8FB044698BB2946284601AAFCF7E6FA65
:10803000044660BBEB880146083B9BB2082B28BF77
:1080400008232C223046ADF80A30F5F799FEBDF82A
:108050000A202968920030462031F5F76CFEBDF801
:108060000A30BDF812201344ADF80A300823EA881C
:10807000934214D301A9084603AAFCF7CAFB04469D
:1080800028B92946284601AAFCF7B8FA0446204632
:1080900010B070BD286840F823100133BAE7296892
:1080A00041F823400133E3E70024F0E74C87060C56
:1080B000010002002DE9F74F19218046FCF727F84F
:1080C0000190002840F0F981D8F800301A68D3F800
:1080D00030C05E6D12EB0C012CBF012000201D6D25
:1080E0007118DA6D40F10000691840F100008A4211
:1080F00088BF0138C0B2891AFF281960596840F05A
:10810000E081B1FA81F04009404201395F6B9C6D1A
:10811000791840F1000E60184EF1000101F0FF01E6
:10812000101841F10001844588BF0139A0EB0C0E05
:10813000754588BF0139C8B249B2AEEB050E0029BA
:10814000C3F804E0D3F808E080F2C08148428645D5
:108150004FF0FF3028BF00208E44D3F8389019EB41
:108160000E0E40F10000C0B212EB0E0140F1000E05
:108170008F4288BFAEF1010EA1EB070A564588BFBA
:10818000AEF1010E5FFA8EF14FFA8EFEAAEB0600F9
:10819000BEF1000F9860D86880F29E81CEF1000198
:1081A00088424FF0FF3128BF00217044D3F83CE0F3
:1081B0001EEB000041F100011CEB000041F1000149
:1081C000281841F1000101F0FF01301841F10001D0
:1081D000814588BF0139A0EB090B5C4588BF013997
:1081E000ABEB040A524588BF0139C8B249B2AAEBC9
:1081F000020A0029C3F80CA0D3F810A080F2718104
:10820000484282454FF0FF3028BF00208A4416EBD9
:108210000A0A40F1000016EB0A0A40F10001186C4E
:1082200010EB0A0A41F1000117EB0A0A41F10001C3
:108230001CEB0A0C41F1000115EB0C0C41F10001A3
:1082400001F0FF0114EB0C0C41F10001E64588BF81
:108250000139ACEB0E0B5A4588BF0139ABEB020A72
:10826000524588BF01395FFA81FC49B2AAEB020A84
:108270000029C3F810A0D3F814A080F23881C1F10E
:10828000000CE2454FF0FF3C28BF4FF0000C8A4441
:1082900014EB0A0A4CF10001D3F844C014EB0A0AAB
:1082A00041F100011CEB0A0A41F1000119EB0A0A35
:1082B00041F1000117EB0A0741F1000AF7194AF1F1
:1082C000000A0AF0FF0AD7194AF1000AB84288BF2B
:1082D000AAF1010A5FFA8AFB4FFA8AFA3F1ABAF149
:1082E000000F99695F6180F20A81CAF10007B94203
:1082F0004FF0FF3728BF002751445118D3F848A04A
:1083000047F10007511847F100071AEB010147F147
:1083100000071EEB010147F1000719EB010147F1CE
:10832000000707F0FF07611847F100078C4588BF79
:10833000013F5FFA87F97FB2A1EB0C01002F996131
:10834000D96980F2E280C7F1000949454FF0FF3951
:1083500028BF4FF000093944DF6C791849F1000952
:10836000411849F100091EEB010149F1000909F02A
:10837000FF09511849F100098A4588BFA9F101098F
:108380005FFA89FE4FFA89F9A1EB0A01B9F1000FF2
:10839000D961196A80F2C180C9F1000E71454FF0B0
:1083A000FF3E28BF4FF0000E494469184EF1000E01
:1083B0001CEB01014EF1000E0EF0FF0E41184EF1C4
:1083C000000E8F4288BFAEF1010E5FFA8EF04FFAB9
:1083D0008EFEC91BBEF1000F1962596A80F2A5809A
:1083E000CEF1000081424FF0FF3028BF00207144E1
:1083F000711840F100001AEB010140F1000000F09B
:10840000FF001CEB010140F1000C8D4288BFACF174
:10841000010C5FFA8CF04FFA8CFC491BBCF1000F89
:108420005962996A80F28680CCF1000081424FF057
:10843000FF3028BF00206144611840F10000791826
:1084400040F1000000F0FF001AEB010A40F10001CA
:10845000564588BF01395FFA81FC49B2AAEB06068E
:1084600000299E62DE6A6ADA484286424FF0FF3097
:1084700028BF00200E44921940F10001AD1841F1CF
:10848000000101F0FF017F1941F10001BC4288BFEA
:10849000013949B221EAE1723F1B1A6300240C2220
:1084A000B8F80600DF62013290424ED8002904DAA3
:1084B0004FF4C0724046FFF7A5FC019803B0BDE839
:1084C000F08F09182CBF012000201FE61EEB000EC4
:1084D0002CBF0120002040E640182CBF01210021C4
:1084E00064E61AEB000A2CBF012000208FE61AEB8D
:1084F0000C0A2CBF4FF0010C4FF0000CC8E611EB3A
:108500000B012CBF01270027F7E611EB09012CBF57
:108510004FF001094FF000091EE711EB0E012CBFCF
:108520004FF0010E4FF0000E3FE709182CBF01205D
:1085300000205DE709182CBF012000207CE716EB26
:108540000C062CBF0120002095E743F82240AAE743
:108550002DE9F74F11210090FBF7D9FD019000287C
:1085600040F08481009B18680368D0F820C0D0F8E0
:10857000248013EB0C032CBF01220022C76A18EBE6
:10858000030942F100024F4588BF013A056BA9EB90
:10859000070E754588BF013A446BAEEB0506B44241
:1085A00088BF013A836B311B8B4288BF013AC91ADD
:1085B0005FFA82FE002A4668016080F25B815142C8
:1085C0008E424FF0FF3128BF0021164418EB0606FB
:1085D000D0F828E041F10001C9B21EEB060641F1D6
:1085E0000001B54288BF0139A6EB050B5C4588BF89
:1085F0000139ABEB040A534588BF0139C26BAAEBC2
:1086000003094A4588BF01394FFA81FA5FFA81FBB5
:10861000BAF1000FA9EB02018668416080F2308157
:10862000CAF100018E424FF0FF3128BF00215644AD
:108630001EEB060641F10001C9B2BE1941F100016D
:10864000B44288BF0139A6EB040A534588BF0139FB
:10865000AAEB03094A4588BF0139CEB249B2A9EB5A
:1086600002090029C0F80890D0F80C9080F20E8121
:10867000C1F1000AD1454FF0FF3A28BF4FF0000A80
:10868000894417EB09094AF1000117EB090641F18A
:108690000001AE1941F10001AE1941F1000101F0F4
:1086A000FF01A61941F10001B24288BF0139A6EBD2
:1086B000020AD44588BF0139AAEB0C09C84588BF16
:1086C0000139CEB249B2A9EB08090029C0F80C90D3
:1086D000D0F8109080F2E2804E42B1454FF0FF3664
:1086E00028BF0026894415EB090946F1000615EB61
:1086F000090946F1000614EB090946F1000614EBDE
:10870000090946F1000606F0FF0613EB090A46F1D7
:108710000009D04588BFA9F10109AAEB08018E45DF
:1087200088BFA9F101095FFA89FA4FFA89F9A1EB2B
:108730000E01B9F1000F0161416980F2B580C9F104
:108740000006B1424FF0FF3628BF002649446118A9
:1087500046F10006611846F10006591846F1000678
:10876000591846F1000606F0FF06511846F10009B7
:108770008E4588BFA9F10109A1EB0E0B5F4588BFAB
:10878000A9F101095FFA89FA4FFA89F9ABEB070100
:10879000B9F1000F4161816980F28C80C9F1000656
:1087A000B1424FF0FF3628BF00264944591846F120
:1087B0000006591846F10006511846F100065118F6
:1087C00046F100065B1846F1000101F0FF01E318D5
:1087D00041F100019C4588BF0139A3EB0C06B0456F
:1087E00094BF0B464B1E59B2A6EB080600298661C2
:1087F0005FFA83F9C66963DA4B429E424FF0FF335A
:1088000028BF00230E44961943F10001961941F147
:108810000001921941F1000101F0FF011CEB020C73
:1088200041F10001E64588BF0139ACEB0E06B742C5
:1088300088BF0139F31B9D4288BF01395A1B9442FE
:1088400088BF013949B221EAE1730362009B121B20
:10885000C2610024DA88082301339A4236D80029FD
:1088600004DA4FF480720098FFF7CCFA019803B055
:10887000BDE8F08F16EB0E062CBF01210021A5E606
:1088800016EB0B062CBF01210021D1E619EB0609DE
:108890002CBF4FF0010A4FF0000AF2E619EB06096F
:1088A0002CBF012600261EE711EB0A012CBF012672
:1088B00000264CE711EB0A012CBF0126002675E7C4
:1088C00016EB09062CBF012300239CE740F8234048
:1088D000C2E7000073B504460D46FEF79BF920463B
:1088E000FEF765F92570013D082D00F23181DFE8C2
:1088F00015F00900320044002F012F012F016F00F5
:108900005600C200954A964B6260964AA364626123
:10891000954A964B6263964AA360A361A363236260
:10892000A362944BE26163624FF001132363924BA5
:10893000201DE362FBF765FDE06304F13400FBF703
:1089400060FD012363640023C4E91633206400251D
:10895000284602B070BD894A894B6260894AA36487
:108960006261894A894B6263894AA360A361A363F8
:108970002362A362E261874BD5E7874A874B626037
:10898000874AA3646261874A874B6263874AA36010
:10899000A361A3632362A362E261854BC3E7854AB7
:1089A000854962604FF00112844BE1608449A36401
:1089B00061616E4B8349A360A36361632362824953
:1089C000A362824B2261A261E16163622263AEE72E
:1089D0007F4B8049A36404F10C00FBF7AAFC054619
:1089E000002840F0B180261D01213046FBF7A1FC94
:1089F0000546002840F0A880FF213046FBF747FDE0
:108A00000546002840F0A080132231463046FBF78F
:108A1000E8FE0546002840F097803046FBF7F1FC61
:108A200004F13406E063102230466B49FBF70BFD7E
:108A30000546002840F088800122FC213046FBF7E3
:108A4000A4FC054600287FD1092104F11C00FBF796
:108A500070FC0546002877D1012104F12C00FBF7BA
:108A600068FC054600286FD104F12400FBF741FBA8
:108A7000FE2323646BE7594B6846A364FBF734FB82
:108A800049F6AA0104F10C00FBF753FC0546002847
:108A900054D1261D01213046FBF74BFC054600282A
:108AA0004CD1E0213046FBF7F2FC0546002845D1C9
:108AB000012231463046FBF794FE054600283DD1A1
:108AC000E0213046FBF7E3FC0546B8BB0122314606
:108AD0003046FBF786FE054680BB3046FBF791FC2F
:108AE0000521E06304F11C00FBF723FC054628BBCD
:108AF000012104F12C00FBF71CFC0546F0B904F140
:108B0000240004F13406FBF7F4FA01224FF4DF717C
:108B10003046FBF73AFC054680B91C2268463049CE
:108B2000FBF791FC054648B96A4631463046FBF7EB
:108B30003CFE054610B940F2BF1323646846FBF7BC
:108B4000D8FA002D3FF404AF2046FEF763F8FFE6A5
:108B500000236FF085052370FAE600BFCC8A060C6F
:108B60005185050CAC8A060C4C8A060C01000800E5
:108B70008C8A060C6C8A060CEC8A060C1C8A060C85
:108B8000B580050CEC89060C5C89060C01000C0014
:108B9000BC89060C8C89060C1889060C557F050CBF
:108BA000D488060C0888060C010011009088060C79
:108BB0004C88060CE887060CE487060CB97F050C88
:108BC000E087060C8087060CC087060CA087060C81
:108BD0000D7F050C42DB01007087060C3D7E050C05
:108BE0005487060C2DE9F7431F4606460D4690466E
:108BF000384609880DF106030DF1070200F0F4F97B
:108C0000044650B9274A27F47E13934209D002F54F
:108C1000807293422AD06FF08504204603B0BDE8ED
:108C2000F083214B33602B8803F4E042B2F5005F00
:108C300002D06FF08604F0E703F4E063B3F5806FD1
:108C4000F7D106F10809484605F0CBFB42464846F5
:108C50006B889DF8061005F0C8FBF7F7A7FCF8B97C
:108C60002B88C7F30547B380F771D6E70F4B336006
:108C70002B8803F4E042B2F5005FDAD103F4E0633D
:108C8000B3F5806FD5D106F10809484606F086FF96
:108C9000424648466B889DF8061006F084FFDCE7E4
:108CA0000446BAE7000140050001500500025005E6
:108CB00010B5029B0446FFF795FF18B9A37943F05E
:108CC0000103A37110BD10B5029B0446FFF78AFF94
:108CD00018B9A37960F30003A37110BD134610B552
:108CE00002680E4CA2420AD184790A46083004F088
:108CF000010107F05FF8BDE81040F7F757BC084CDA
:108D0000A24207D184790A46083004F0010105F037
:108D10009FFBF0E76FF0850010BD00BF000250051B
:108D20000001500510B5074B04689C4207D1C37978
:108D3000083005F0C1FBBDE81040F7F737BC002054
:108D400010BD00BF0001500510B50368094CA342D7
:108D500006D1083007F0DBF8BDE81040F7F726BC75
:108D6000054CA34203D1083005F0C0FBF4E76FF0D7
:108D7000850010BD0002500500015005F0B50668E1
:108D8000124F85B0BE420A9D03920DD103ACCDE9CE
:108D90000054083007F082F9F7F708FC10B90B9B74
:108DA000039A1A6005B0F0BD094FBE4208D1AA422D
:108DB00009D803ACCDE90054083005F01CFCEBE702
:108DC0006FF08500EEE76FF08900EBE700025005D9
:108DD00000015005F7B5099F0446C0791D46B84209
:108DE000089E1DD82768DFF848C067450ED1CDE939
:108DF000006004F1080007F0F4F9F7F7D7FB18B9A1
:108E00002860E2790A9B1A6003B0F0BD074B9F42CD
:108E100009D10246314604F1080005F0EBFCECE70D
:108E20006FF08900F0E76FF08500EDE70001500575
:108E30000002500503680B4A10B59342044609D05E
:108E400002F58072934209D0A379002023F0010338
:108E5000A37110BD083005F0EEFAF5E7083007F011
:108E6000C5FAF1E7000150052DE9F04F07468846A5
:108E70009946EFB008AC4FF4CC72DDE97BABDDE98D
:108E80007D5600212046F4F77BFF39464B4642468B
:108E90002046FFF7A7FE0746F8B9E3797F9A5919EC
:108EA000914235D821681D48721981421CD1CDE903
:108EB00004237A9B29460093CDE902B6DDE97823A5
:108EC000CDF804A00AA805F00FFDF7F76FFB0746E1
:108ED00018B9E379809A2B4413602046FFF7AAFF64
:108EE00038466FB0BDE8F08F0D48814213D1CDE90F
:108EF00005327A9B2A460193799B01210093CDE9A3
:108F000003B6789BCDF808A00AA807F021FADCE7A1
:108F10006FF08907E1E76FF08507E1E70001500591
:108F2000000250052DE9F04F074688469946EDB0FE
:108F300006AC4FF4CC72DDE97A6500212046DDF8FD
:108F4000DCA1DDF8F0B1F4F71BFF39464B46424691
:108F50002046FFF747FE074600BBE379AB4235D812
:108F60007D9AE91A8A4234D320681D4F7218B8429C
:108F70001BD1CDE90423799BCDE9026B0193789B4A
:108F8000769A009308A8534605F0C4FCF7F70EFB49
:108F9000074618B9E379ED1A7E9B1D602046FFF75E
:108FA00049FF38466DB0BDE8F08F0E4FB84213D17F
:108FB000CDE90223799BCDE9046B0193789B769AE6
:108FC000009308A8534607F0EDF9DFE76FF0860736
:108FD000E4E76FF08907E1E76FF08507E1E700BF9D
:108FE000000150050002500510B500F0FE44B4F138
:108FF000A06F08BF20F47E1000F0FC44B4F1806F35
:1090000021D11C4CA04223D011D81B4CA0421DD012
:1090100007D820F48070A4F58064A04204D1022017
:1090200017E0164CA0421BD06FF0850017E0144CDF
:10903000A04217D004F58074A04215D0114CA04274
:10904000F2D1042005E0104CA042EDD1012000E057
:109050000320B1F5105F1070E6D13BB9002010BDC0
:109060000520F6E70820F4E70620F2E702221A704E
:10907000F4E700BF0011C004004440040010C00425
:10908000000140050012C0040002C00373B50026B1
:1090900015461C460DF106020DF107038DF8076019
:1090A000FFF7A2FF58B99DF8070004B120702946C8
:1090B0009DF8062002B0BDE8704005F0ADBC30461A
:1090C00002B070BD2DE9F84F0D461C46074600F171
:1090D0000808404691460E889DF928B005F0BAFC74
:1090E000B5F802A031460023524620463C60FFF707
:1090F000CDFF0146002864D0404605F0CBFC054674
:10910000002840D15B4652464946404605F0E2FC05
:109110000546C0BB2D4B9C420AD003F580739C4290
:1091200036D004F0FF43B3F1906F07D101230BE079
:109130000121404605F010FF002840D106F4E0432D
:10914000B3F5005F26D000237B7106F4E043B3F54E
:10915000005F25D116F4E06F22D01D4A24F48073FD
:1091600093420AD002F50072944206D0194A944202
:1091700003D0A2F53F42934212D10124C6F3022646
:10918000B440E4B23C712846BDE8F84FF7F70EBA98
:109190000146CEE70123C6F302229340DBB2D3E7B8
:1091A00042F204039E4202D10B4B9C4205D00B4B72
:1091B0009C420CBF0D240024E4E70C24E2E70546A2
:1091C000E1E76FF08500BDE8F88F00BF0040400484
:1091D0000010C00400FF4004000180040013C0041C
:1091E00010B40124019B01945DF8044BFFF76ABFA2
:1091F00010B40024019B01945DF8044BFFF762BF9B
:1092000008B50379934206D1083005F093FCBDE818
:109210000840F7F7CBB96FF0860008BD2DE9F04F95
:10922000144602689B4602F0FF4385B0B3F1906F8D
:109230000546DDE90E780E4600F08380C36A417969
:109240002344B3FBF1F34B43BB427CD83F4B9A42E0
:1092500061D182680023002A45D0177907F01F07E3
:109260000393C8F80030002C39D0E86A05F10809EA
:1092700030B3A7EB000AA24528BFA24614303146FE
:1092800052464844F4F757FDEB6AA4EB0A045344F2
:109290009F425644EB6213D103AB3A46009305F16B
:1092A0001C015B46484605F095FCF7F77FF9B8B915
:1092B000D8F80030039A1344C8F800309344E862A9
:1092C0000DF10C0AA74210D94CB1E86A22461430BD
:1092D00031464844F4F72FFDEB6A2344EB6200204B
:1092E00005B0BDE8F08F1F46BAE75B463A46314607
:1092F0004846CDF800A005F06DFCF7F757F90028B7
:10930000EED1039AD8F80030E41B13443E44934452
:10931000C8F80030D6E714B9C8F80040DFE75B466C
:1093200022463146CDF8008005F1080005F052FCD8
:10933000F7F73CF9D8F80030BB4288BF6FF09600D1
:10934000CEE7BC42E7D96FF08900C9E7004440048A
:10935000F0B504460F46002187B0164602A8102239
:109360001D460191F4F70CFDE36A2BB123681B4AFB
:1093700023F4806393422DD02A4601AB02A904F165
:10938000080005F061FDF7F711F90446D8B9102E71
:10939000344628BF102426B12246384602A9F4F7E5
:1093A000CAFC2B68224692EA0301D21A8A430B4078
:1093B0001A43D217019B8A2103F096031140D2432E
:1093C0001A400A43544202A81021F6F72BFB20460C
:1093D00007B0F0BD6FF08604F5E700BF0040400421
:1093E00008B5036803F0FE43B3F1806F04D1083081
:1093F00005F034FB002008BD6FF08800FBE72DE985
:10940000F04704469A460E46904698B04C22DDE955
:109410002457002105A8DDF88490F4F7B1FC21461B
:1094200043463246CDF800A005A8FFF7D9FE044612
:1094300068B9B9F1000F0ED1DDE9221203ABCDE915
:10944000007305A82B46FFF7E9FE044660B105A8A6
:10945000FFF7C6FF1DE04A46209905A8FFF7D0FE9A
:1094600004460028E8D0F2E7039A05B115442946DE
:1094700004ABBA1A05A8FFF76BFF04460028E6D133
:10948000DDE903321344269A05A81360FFF7A8FF0D
:109490000446204618B0BDE8F0872DE9F0470446A1
:1094A0009A468846914696B04C22DDE92057002125
:1094B00003A81E9EF4F764FC21464B464246CDF8B5
:1094C00000A003A8FFF794FE044640BB9DF81020BF
:1094D000F2B99DF810206EBB1F990DF108088A1A89
:1094E0002B463146CDE9007803A8FFF797FE0446E6
:1094F000A8B9029E05B135444346BA1B294603A8C4
:10950000FFF726FF029B229A33440446136006E0CD
:10951000314603A8FFF774FE04460028D9D003A8FB
:10952000FFF75EFF00280CBF20466FF0880016B0E2
:10953000BDE8F0871644CFE72DE9F04700F4E04A94
:10954000BAF5804F06460C4691469846089F17D1BB
:1095500000F44F43B3F5824F02D0B3F5884F02D1E8
:10956000F3B2412B0CD018F0010F06D04FEA58038C
:1095700044B1E21DB3EBD20F05D06FF0860665E073
:109580004346F5E7DC0080210120F6F72FFA054677
:10959000002800F08180FDF72BFB06F44F43B3F564
:1095A000824F02D0B3F5884F07D1F0B2302858D09F
:1095B0000DD8122815D017285BD06FF086042846E6
:1095C000FDF758FB2846F6F717FA26463EE04128F5
:1095D000F3D1B4F5807F51D0B4F5E07F0ED0FF2CED
:1095E0000BE040F209239C4208D035D8B4F5807FC7
:1095F00004D02ED824F02003C02BDED1214601F068
:1096000015F90146002842D02846FFF763F9F6F71E
:10961000CDFF064600283DD1BAF5804F30D105F187
:10962000680A43464A4651462846FDF7E9FDF6F7E3
:10963000BDFF04460028C2D151462846FDF7A4FECE
:10964000F6F7B4FF04460028B9D13D603046BDE8C6
:10965000F087B4F5C07FD0E7B4F5047FADD11C46E8
:10966000CCE724F08003B3F5807FC7D0B4F5007F4A
:10967000C3E7C02CC2D0B4F5807FBEE7FF24BDE7AE
:1096800043464A4629462878FEF700FBD8E76FF0A4
:10969000850494E7044692E76FF08C06D6E7000055
:1096A0002DE9F74300F4E040B0F5804F0D46164633
:1096B0001F46DDF828902CD101F168084046FDF7DF
:1096C0002AFD88B94B46002241462846CDE900676D
:1096D000FDF72AFDF6F76AFF0446B0B13A460021CD
:1096E0003046F4F74DFB10E0002301930D4B41464B
:1096F000009305F1600205F11C032846FEF771FA9C
:10970000F6F754FF04460028DCD0204603B0BDE83D
:10971000F08349462846FEF749FB03B0BDE8F04315
:10972000F6F744BFA9E2050C7FB51E46002303935C
:1097300003AB0093054613460A4641880088FFF7AD
:10974000FBFE0446B8B92888039900F44F43B3F5EB
:10975000824F02D0B3F5884F17D1C3B2412B14D139
:109760000C6C01340A9B32461C60099B0093089BD9
:10977000FFF796FF0446039D2846FDF77BFA28462F
:10978000F6F73AF9204604B070BD0C6CEAE77FB5F5
:109790001E460023039303AB0093054613460A4677
:1097A00041880088FFF7C8FE0446D0B9288800F435
:1097B0004F43B3F5824F02D0B3F5884F14D1C0B2F6
:1097C00040F48240039D099B324629460093089B42
:1097D000FFF766FF04462846FDF74CFA2846F6F7E1
:1097E0000BF9204604B070BD4FF48240EAE7000058
:1097F000F0B504881D4604F44F43B3F5824F844608
:109800000E461746A1B002D0B3F5884F26D1E0B27C
:10981000BCF8021001F00AF8044608B36846FDF7E8
:10982000E7F921466846FFF755F8044670B9034644
:109830000D4A684618A9FEF7DFF9044630B93B46E1
:10984000324629466846FEF7B1FA04466846FDF7F7
:1098500011FA2046F6F7AAFE21B0F0BD0020D7E7A6
:109860006FF08500F8E700BFA9E2050C2DE9F04F85
:109870001C4600238DB0079307AB00931346DDE928
:10988000169A0A4641880088DDF86080FFF754FE8A
:10989000834600285ED1079E08A8F56BFAF724FCE2
:1098A0000AA8FAF721FC0735199BED08B3EB450F21
:1098B0004FEA45075ED314F48072304906F1600325
:1098C0004ED02F4824F4875222F01F0282420CD03F
:1098D0002C4A24F47F7020F00300904205D024F03D
:1098E000FF0002F5A062904238D114F0FF0001D0D1
:1098F00040F000700022C0B2CDE90312CDE901A012
:10990000CDF8009030460AAA08A905F0DDFE04460D
:1099100068B92A46414608A8FAF7B3FD044630B9AB
:109920002A4608EB05010AA8FAF7ABFD044608A889
:10993000FAF7DFFB0AA8FAF7DCFB0CB91A9B1F60E9
:109940003046FDF797F93046F6F756F82046F6F719
:109950002DFE834658460DB0BDE8F08F5846C9E746
:10996000CDE902123046CDE9009A0AAA08A905F00D
:109970003BFECCE76FF08904D9E700BFA9E2050CF4
:10998000000300060004000637B500F16805044630
:109990002846FDF7C0FB58B100230193074B294629
:1099A0000093204604F11C0304F16002FEF719F94C
:1099B00003B0BDE83040F6F7F9BD00BFA9E2050CE1
:1099C000134600222DE9F04389B0039203AA0092C6
:1099D0000A4641880088DDF84890FFF7ADFD04464F
:1099E000002840D1039D04AFEA6B3846073206AE2B
:1099F0004FEAD208FAF778FB3046FAF775FB139B6B
:109A0000B3EB480F33D1424649463846FAF71BFDBF
:109A1000F6F7CCFD0446D0B9424609EB08013046C2
:109A2000FAF711FDF6F7C2FD044680B92846FFF7A4
:109A3000ABFF044658B9DDE9101205F1680328466A
:109A4000CDE9007605F0FDFEF6F7B0FD0446384698
:109A5000FAF74FFB3046FAF74CFB2846FDF70AF9B8
:109A60002846F5F7C9FF204609B0BDE8F0836FF03E
:109A70009404ECE72DE9F04F05469B4600238DB09A
:109A800006A8CDE90333DDE918780E469246DDF8E5
:109A90006890FDF77EF8288820F0FF03B3F5E24FC9
:109AA00066D1354C354B0BEA040444F010649C42FB
:109AB0005ED103AB0093324653466988FFF73CFD05
:109AC000044600284AD1039D059005A9287800F096
:109AD0008BFE04AB40F482400093059980B2DDE92F
:109AE0001623FFF729FD049E044620BB244B01905A
:109AF000009305F1600206F1680306A92846FEF707
:109B000070F8F6F753FD0446A8B9EB6B0733DB0892
:109B10009845C9F8003028D32846FDF731F80228C7
:109B20003946D9F8002006A81CD1FAF7A4FCF6F7AC
:109B30003DFD044618B141463846F5F773FF06A8C7
:109B4000FDF764F83046FDF795F83046F5F754FF19
:109B50002846FDF78FF82846F5F74EFF20460DB052
:109B6000BDE8F08FFAF78DFCE1E76FF08904E2E7DA
:109B70006FF08604F2E700BF0000FFF60000020964
:109B8000A9E2050C03680D4A10B59342044606D8B5
:109B9000023A93420CD873B16FF088000DE003F1E4
:109BA0007E430A3B012BF7D8083003F0ABFD02E0FF
:109BB000083002F039FF0020206010BD09000002CB
:109BC000036870B505460E46002B3FD101F17E4378
:109BD000083B032B2CD8DFE803F002131A2400F112
:109BE0000804204602F01CFF0121204602F026FF57
:109BF000044638BB2E602046BDE87040F6F7D6BC60
:109C000000F10804204602F00BFF0021EDE700F10F
:109C10000804204603F072FD0121204603F07CFD7C
:109C2000E6E700F10804204603F068FD0021F4E7B0
:109C300001F0FE46B6F1007F14BF6FF086006FF0B2
:109C4000850070BD2846FFF79DFFD4E76FF08800C0
:109C5000F7E7000038B5144A0368044693420D46FE
:109C600009D8023A93420ED8002B14BF6FF085003A
:109C70006FF0880038BD03F17E430A3B012B0CD9FD
:109C80006FF08500F6E700F1080105F1080002F029
:109C9000D0FE236800202B60ECE700F1080105F1FD
:109CA000080003F034FDF4E70900000210B5036872
:109CB0000C4CA34205D8023CA3420BD86FF088009D
:109CC00010BD03F17E430A3B012BF7D8083003F0A7
:109CD000BBFD02E0083002F0FFFEBDE81040F6F7E1
:109CE00065BC00BF090000022DE9F0411D46047863
:109CF000064644F0007404F17E44033C102C98BFE7
:109D0000184B0F4690468CBF00241C5D2A601AB188
:109D100021213846F4F734F844451FD83268124BF5
:109D20009A4205D8023B9A420DD86FF0880013E0A2
:109D300002F17E420A3A012AF7D8394606F10800B4
:109D400003F0D3FD04E0394606F1080002F004FFF9
:109D5000F6F72CFC00B92C60BDE8F0816FF08900AB
:109D6000FAE700BFF08A060C090000022DE9F04373
:109D70000446B9B00E46DDE9408900211746684621
:109D8000E0221D46F3F7FCFF21466846C9F8008033
:109D9000FFF716FF044668B93A4631466846FFF7B2
:109DA00085FF044630B94B46424629466846FFF7D0
:109DB0009BFF04466846FFF7E5FE002C18BF2046CF
:109DC00039B0BDE8F08300002DE9F047164602687F
:109DD000354B0D4622F47E119942804692B016D141
:109DE00002A9083005F02DFA044620B9324628466B
:109DF00002A9F3F7A0FF102102A8F5F713FE2046F1
:109E0000F6F7D4FB0446204612B0BDE8F087274B96
:109E10001340B3F1607F43D10022D0F808A0019233
:109E20005FFA8AF343F0007303F17E43033B102B88
:109E300098BF1F4A00F1100794BF12F80390914693
:109E40003846402201AB02A9F7F70EF80446002875
:109E5000D9D151463846F6F71DFF0446D8B94A46CF
:109E6000384608F1F801F6F7E7FF044698B9384696
:109E7000019A02A9F6F7E0FF044660B9402238468D
:109E800001AB02A9F6F7F0FF044620B93246284696
:109E900002A9F3F750FF019902A8F5F7C3FDB2E755
:109EA0006FF08804AFE700BF0002C0030000C07F6E
:109EB000018B060C026838B504464AB1104B22F4F7
:109EC0007E11994206D1083004F0C8FD00232360BA
:109ED000002014E00B4B1340B3F1607F08D18021C8
:109EE000F830F5F79FFD04F11000F6F7C3FEEDE73B
:109EF0004FF4BC720021F3F743FF6FF0880038BDC8
:109F00000002C0030000C07F2DE9F043D0F80080BC
:109F1000A5B0144605460E461A462C9FB8F1000F10
:109F200040F0C380624B27F47E199945076013D136
:109F300000F10807384604F08DFD31884346484655
:109F40007288FFF7A3F80146002851D16FF085040D
:109F50002846FFF7AFFF0BE0564B3B40B3F1607F65
:109F60000AD04FF4BC724146F3F70AFF6FF0850444
:109F7000204625B0BDE8F083FFB247F0007707F137
:109F80007E43033B102B039241D946468760002A4B
:109F900055D104AC23460399884577D1B04506D204
:109FA0003621A6EB080204EB0800F3F7E9FE039B59
:109FB00005F1F70203F1F701294491426ED1B34252
:109FC00006D205F1F8005C21F21A1844F3F7D8FE26
:109FD00005F1100839464046F6F75CFE04460028B5
:109FE00039D13246404604A9F6F726FF044632E04E
:109FF000384604F04FFD20B921463846728805F0F6
:10A000004DF8F6F7D3FA0446002CB1D0A0E72A4960
:10A01000C95C102B2DD8DFE803F00E0E0E2C2C0E91
:10A020000E233030302C2C2A27092E006826B1420E
:10A03000AF6002D98AE74026AF60B2421FD903ABB6
:10A040000193802321460093384604ABF6F759FF6D
:10A05000044600289DD0802104A8F5F7E3FCD3E74F
:10A06000164B8026AB60E8E7154BAB606EE7154BEF
:10A07000FBE70026DBE74826D9E78026D7E7002A5A
:10A0800087D0214604A8F3F756FE82E71A7808F134
:10A09000010882F0360203F8012B7DE714F8010B6A
:10A0A00080F06A0002F8010F87E76FF088045FE72D
:10A0B0000002C0030000C07F128B060C0A000002E1
:10A0C0001100000210000002FFF71EBFFFF71CBFC7
:10A0D00038B50468ACB10C4B24F47E159D4206D112
:10A0E000083005F001F8BDE83840F6F75FBA074BD5
:10A0F0002340B3F1607F04D1BDE838401030F6F75B
:10A100009BBE6FF0880038BD0002C0030000C07F16
:10A1100038B51C460368154623B1FFF755FE00B954
:10A12000256038BD6FF08800FBE770B503680E4608
:10A13000154690B0B3B1402A17D86946FFF744FEE0
:10A14000044640B92A466946304603F0E6FF041E3D
:10A1500018BF6FF0940440216846F5F763FC204671
:10A1600010B070BD6FF08804F9E76FF08604F6E771
:10A170002DE9F043984604460D461646E1B04FF4EB
:10A18000BC72002102A8DDF8A4916B9FF3F7F8FDE3
:10A190004FF4BC72002102A8F3F7F2FD21463346CA
:10A1A0002A46CDF8008002A8FFF7AEFE044648B963
:10A1B000B9F1000F0DD13A466A9902A8FFF704FEE3
:10A1C000044678B102A8FFF775FE204661B0BDE8ED
:10A1D000F0834A46689902A8FFF77AFF04460028F0
:10A1E000E9D0EFE76C9B1F60ECE7000038B50C4B43
:10A1F00020F0FF029A4212BF0024C4B244F000745F
:10A20000E4B220460D4603F0D3FC30B12246284686
:10A21000BDE83840012100F0A8BD6FF0850038BDD1
:10A220000003000738B503460C4620F4FF701949B7
:10A2300020F00100884215D0174823F0FF01814229
:10A2400010D023F47F7525F00305A0F570608542DA
:10A2500008D000F5A060814204D0002313706FF095
:10A26000850038BD13F0FF0018BF40F00070C0B289
:10A270001070084A934207D00028F0D003F098FCF1
:10A2800003F05AFDA04201D10020EAE76FF08600FA
:10A29000E7E700BF0002000600130006F8B5044619
:10A2A0000E46012074211D461746F5F79FFB2860D6
:10A2B00020B304F4E04400F04EFDB4F5E04F3A461C
:10A2C0003146286810D101F013FDF6F76FF9044606
:10A2D00040B9286800F05FFDC000B0F5805F06D986
:10A2E0006FF085042046F8BD00F07EFDEDE728689C
:10A2F0000430FAF786F84307F4D0F1E76FF08C04E6
:10A30000F0E773B50446164604F4E0441D46B4F580
:10A31000E04F134408460193314601AA0ED100F0E4
:10A3200070FC002804460CDA2A4600213046F3F778
:10A3300027FD2046F6F73AF902B070BD00F0E2FCC6
:10A34000EFE7B5EB400F0FD32D1A354402462946EF
:10A350003046F3F7F0FC224600212846F3F710FDC3
:10A36000069B00201C60E7E7A842F9D22D1A02469E
:10A3700071193046F3F796FC2A4600213019EDE7B3
:10A38000F0B51F46002385B00393064603AB008853
:10A39000FFF784FF039D044678B9284600F0FBFCD4
:10A3A0000C9BC10089B219600B9B3A460093294669
:10A3B0000A9B3088FFF7A5FF0446284601F05FFCA2
:10A3C0002846F5F719FB204605B0F0BD7FB51E46BF
:10A3D00000230088039303ABFFF760FF039D04464F
:10A3E00048B9099B32460093294644F20100089B74
:10A3F000FFF787FF0446284601F041FC2846F5F7A1
:10A40000FBFA204604B070BD70B505461E46A0B0EC
:10A4100072B1042A09D800240A4411F8013B8A4287
:10A4200043EA0424F9D1002C04DA6FF0850414E027
:10A430004FF0011403A800F08EFC009400226B88FA
:10A440000E4903A801F0D6FC044648B103A801F068
:10A4500016FC2046F6F7AAF80446204620B070BD48
:10A46000259B324600932888249B03A9FFF749FFC8
:10A47000044603A801F003FCEFE700BFA9E2050CC6
:10A480002DE9F0439946002387B00593008805AB7A
:10A49000DDF84080DDE90E76FFF700FF059D0446FC
:10A4A00070BB314648460DF11302FFF7BBFE044670
:10A4B00030BB284600F06FFC119B984248D8274BD0
:10A4C00029F0FF029A4225D122462146284600F073
:10A4D0004CFC044680B90246CDE9017828469DF837
:10A4E00013301F49009601F09FFA044620B9284610
:10A4F00000F051FC129B18602046F6F757F804460E
:10A50000284601F0BCFB2846F5F776FA204607B04E
:10A51000BDE8F083134B29F4875929F01F099945A9
:10A5200019D1012128469DF8132000F01EFC044695
:10A530000028E1D14FF0FF330246CDE9017308490D
:10A540000346CDF80C802846009601F0F5F9CCE7DB
:10A550006FF08904D4E76FF08604D1E700020006AB
:10A56000A9E2050C000300062DE9F04799460023F7
:10A5700086B00593008805ABDDF84080DDE90E76F6
:10A58000FFF78CFE059D044678B9314648460DF12B
:10A590001302FFF747FE044638B9284600F0FBFBDC
:10A5A000119B98420BD06FF09404284601F067FB92
:10A5B0002846F5F721FA204606B0BDE8F087264B7D
:10A5C00029F0FF0A9A4518D122462146284600F074
:10A5D000CCFB044648B93B46324628469DF813104A
:10A5E000CDF8008001F027FB044614F1960FDAD075
:10A5F0002046F5F7DBFF0446D7E7184B29F48759C7
:10A6000029F01F09994524D19DF8139001214A464C
:10A61000284600F0AAFB04460028E6D1104B9A45D4
:10A6200014D0284600F0B7FB0238801B03D4B04298
:10A63000A8BF304604463B46324649462846CDE947
:10A640000148CDF8009001F016FACDE74FF0FF3445
:10A65000F1E76FF08604A8E7000200060003000699
:10A66000001300062DE9F0431E4644F20103008862
:10A6700087B020F440549C42DDF84890DDE90E8715
:10A680004BD10023059305ABFFF708FE059D04465B
:10A69000C8B9284600F07FFB139B984237D8204B5F
:10A6A0009E421AD13B4622462846CDE900891D49E3
:10A6B00000F0BAFFF5F77AFF044620B9284600F00B
:10A6C0006AFB149B1860284601F0D9FA2846F5F772
:10A6D00093F9204607B0BDE8F083134B26F0FF0244
:10A6E0009A4217D129463046FFF780FDF5F75EFF05
:10A6F00004460028E7D1119B024600932846CDE985
:10A700000289109B0749019700F0C8FED2E76FF05D
:10A710008904D8E76FF08604D5E76FF08504D8E7A1
:10A7200000020007A9E2050C000300072DE9F0472D
:10A730001D4647F20103002488B00088169E984207
:10A74000109F3460DDE9148944D107AB0794FFF70B
:10A75000A5FDDDF81CA00446A0B9504600F01BFB87
:10A76000119B984233D11D4B9D4215D13346224651
:10A770005046CDE901891A49009701F0BBF8F5F779
:10A7800015FF0446504601F07AFA5046F5F734F9C1
:10A79000204608B0BDE8F087124B25F0FF029A4230
:10A7A00015D151462846FFF721FDF5F7FFFE044677
:10A7B0000028E7D1139B024600935046CDE9038958
:10A7C000CDE90167129B064900F049FFD7E76FF01A
:10A7D0008604D7E76FF08504DAE700BF00020007C0
:10A7E000A9E2050C000300070138082818D8DFE8A3
:10A7F00000F01A05091717170C0F14004FF4C07357
:10A80000122008E040F20923FAE7FF23412002E08A
:10A810004FF4807317200B6070474FF4E073F5E737
:10A8200000231846F7E74FF48073E9E7172817D09D
:10A8300041280DD0122819D1B1F5C07F18D040F2AF
:10A840000923994216D0A1F58072504250417047B9
:10A85000FF2911D0B1F5E07F14BF00200920704717
:10A86000A1F5807358425841C000704700207047DE
:10A870000220704703207047072070474342184367
:10A88000C017704708B503F093F9BDE8084003F01E
:10A8900053BA2DE9F04794B0054601A80E469046FC
:10A8A000994603F091F99DF8700003F081F907468D
:10A8B000002854D001A803F087F90022394601A8E6
:10A8C00003F0ABF9044670B9384603F035FA40227C
:10A8D0002146074604A8F3F753FA042221466846A6
:10A8E000F3F74EFA56B904A84021F5F79BF801A8F2
:10A8F00003F06EF9204614B0BDE8F087BE4201A80F
:10A90000B24628BFBA4603F0B4F930BB4A464146C6
:10A9100001A803F0C8F900BB042269460DEB020050
:10A9200003F0C1F9C8B904A901A803F0D0F9A0B98E
:10A9300004AA05EB0A018D4207D19DF80330A6EB6E
:10A940000A0601338DF80330CCE715F8010B12F835
:10A95000013B434005F8013CEDE70446C3E76FF0D7
:10A960008604C7E72DE9F0434FF0000987B007469A
:10A970009DF83C00884615461E46CDE9019903F036
:10A9800017F9044678B303A803F01EF921464A4696
:10A9900003A803F042F90446F0B903A803F069F9EB
:10A9A0000446C8B9082201A903A803F07CF90446AB
:10A9B00090B94246394603A803F075F9044658B9E0
:10A9C0003246294603A803F06EF9044620B90E99D1
:10A9D00003A803F07CF9044603A803F0F9F8204625
:10A9E00007B0BDE8F0836FF08604F8E72DE9F74F74
:10A9F0001E4600230D4691460746CDE90033DDF89B
:10AA0000308000283BD0FFF73DFF0446002866D089
:10AA10006A46384601A903F033FC00285FD1AC42F6
:10AA20005DD1009C2C4404F108037F2B57D804F11E
:10AA30000A0305F10A02934251D3B3424FD8341BA3
:10AA40000A3C0A2C4BD9C2464FF0000B01230AF8EE
:10AA500002BB033C2246FF21504688F80130F3F741
:10AA60008FF90AEB04000AF804B067B92A46494690
:10AA70000130F3F760F9002003B0BDE8F08F8E429B
:10AA80002DD3741ADDE7009AEFB2D3B203F10801B7
:10AA9000394430248170191D017106214470C4703D
:10AAA000C41D4171837101992046F3F744F90521D2
:10AAB000009AA318A15404229C189A70204683F887
:10AAC00001B0DF702A464946F3F735F92C4408EB0C
:10AAD0000603A342CFD031464046F4F7A3FF6FF000
:10AAE0008600C9E738B51546FAF7D7FE044638B9E7
:10AAF00001462846F9F76AFD002808BF6FF0860472
:10AB0000204638BD70B5044616461D46F9F74DFE81
:10AB1000D8B92146204605F13C02F9F77AFEA0B9E2
:10AB20002146204605F11C02FAF708F968B92146CA
:10AB3000204605F12402F9F76CFE30B93246214671
:10AB40002046BDE87040F9F72DBE70BDF8B505464A
:10AB500055F8047B044628460E46F9F756FC874212
:10AB600016D12368B3F5806F12D800212846F9F773
:10AB70002DFD00280CDD00212846F9F7F6FB38B141
:10AB80004EB9002104F10C00F9F720FD00281FDC6C
:10AB90006FF086001EE004F11C0500212846F9F73D
:10ABA00015FD0028F4DD00212846F9F7DEFB00281A
:10ABB000EED004F1240500212846F9F707FD00280E
:10ABC000E6DD00212846F9F7D0FB0028D9D1DFE7E0
:10ABD0000EB90020F8BD002104F12C00F9F7F6FCB5
:10ABE0000028D5DD002104F13400F9F7EFFC00283E
:10ABF000CEDD002104F13C00F9F7E8FC0028E8DC98
:10AC0000C6E72DE9F74F1646804600F13C02304674
:10AC10000F46FAF7FBFD051E60DB3946304608F1AA
:10AC20003402FAF7F3FD041E5CDB3946304608F1C6
:10AC30002C02FAF7EBFDB0F1000B55DB394630463C
:10AC400008F12402FAF7E2FDB0F1000A4EDB3946C2
:10AC5000304608F11C02FAF7D9FDB0F1000947DBD4
:10AC60003946304608F11402FAF7D0FD031E00936E
:10AC700040DB3946304608F10C02FAF7C7FD031EE7
:10AC8000019339DB08F1040239463046FAF7BEFD7C
:10AC9000B0F1000832DB00223946304603F03AFAC0
:10ACA00000282DDB2C445C44009B54444C4423443A
:10ACB0001C46019B394623441C4644440444224616
:10ACC000304603F0B4F9051E08DB30223946304621
:10ACD00003F0D1F9002813DB2C440519284603B0F2
:10ACE000BDE8F08F2546F9E75D46F7E75546F5E7FD
:10ACF0004D46F3E7009DF1E7019DEFE74546EDE79F
:10AD00000546EBE7F8B51646054600F10C0230465D
:10AD10000F46FAF77BFD041E17DB2A1D3946304625
:10AD2000FAF774FD051E12DB25442A4639463046E3
:10AD300003F07DF9041E08DB30223946304603F06B
:10AD40009AF9002805DB2C4404442046F8BD2C4623
:10AD5000FBE70446F9E710B5742200210446F3F737
:10AD60000FF80023C4E91B3310BD012970B5054657
:10AD70000E46144602D96FF0950070BD03D0002036
:10AD8000C5E91B64F9E7002AF9D0104602F010FF6C
:10AD90000028F4D1EFE700687047000070B500218B
:10ADA0000446FFF7D3FE054610B10E4D284670BD90
:10ADB000261D3046F9F725FB7F28F6D90C342946A5
:10ADC0002046F9F7D2FA0028EFD02046F9F719FB10
:10ADD0000128EAD931462046F9F7B0FB0028E5DB27
:10ADE000E3E700BF00BEFFFF2DE9F3418046061DEB
:10ADF000304608F10C078D180091F9F775F93846BF
:10AE0000F9F772F930232946684601AA03F0C0F821
:10AE1000044630B9DDE9003213449D420BD06FF097
:10AE200086043046F9F765F93846F9F762F92046A5
:10AE300002B0BDE8F08102232946684601AA03F06A
:10AE4000A7F804460028ECD1DDE900123046F9F7F6
:10AE5000FAFA0028E3D13046F9F7D7FADDE90032F3
:10AE60001344C8F80000009329460223684601AA4B
:10AE700003F08EF804460028D3D1DDE900123846ED
:10AE8000F9F7E1FA0028CAD1DDE90032404613445F
:10AE90000093FFF783FF04460028C0D1009BAB421C
:10AEA000C5D06FF06504BCE7F0B585B00446FFF788
:10AEB00075FF20B901212046FFF748FE10B1134865
:10AEC00005B0F0BD04F10C0304F11C0504F12406E7
:10AED00004F11407CDE90100009332463B462946B0
:10AEE000201D01F0CFF80028E9D104F13C030193C3
:10AEF00004F1340300933A463146284604F12C030A
:10AF000001F0A4F90028DBD0D9E700BF00BEFFFFA5
:10AF1000F0B50C4685B0002105461646FFF716FE33
:10AF200058BB02A8F9F7E0F821462A6802A8F9F709
:10AF30008AFA0446C0B92C1D214602A8F9F7FEFA88
:10AF4000002817DA2A4602A94435234652F80C7B1A
:10AF500008460095FAF767F8044628B93A4631469C
:10AF600002A8F9F78EFA044602A8F9F7C2F82046BB
:10AF700005B0F0BD6FF08604F6E76FF08604F6E7E3
:10AF80002DE9F047054690461C460F46A2B029B968
:10AF90006FF08604204622B0BDE8F0870121FFF75C
:10AFA000D5FD0028F4D104A8F9F79EF806A8F9F712
:10AFB0009BF808A8F9F798F80AA8F9F795F810A8E7
:10AFC000F9F792F812A8F9F78FF80CA8F9F78CF8AE
:10AFD0000EA8F9F789F814A8F9F786F816A8F9F772
:10AFE00083F821462A6804A8F9F72DFA04460028B8
:10AFF00040F01C812E1D314604A8F9F79FFA002865
:10B0000080F2A6816B6E05F15C09002B00F02D81AA
:10B010004A4649464846F9F7FCFB0446002840F0FA
:10B020000581324649464846F9F788FE044600281D
:10B0300040F0FC8005F164094A4649464846F9F764
:10B04000E8FB0446002840F0F18032464946484675
:10B05000F9F774FE0446002840F0E88004A9084689
:10B0600005F15C02F9F7D5FB0446002840F0DE80CC
:10B0700004A932460846F9F761FE0446002840F06C
:10B08000D58004A914A8F9F709F90446002840F06E
:10B09000CD8005F11C0A0122514606A8F9F7A1FB53
:10B0A0000446002840F0C28005F1240901224946E7
:10B0B00008A8F9F796FB0446002840F0B7804346FD
:10B0C0003A461C210AA8FAF7EAF80446002840F09C
:10B0D000AD800AAA06A910A8F9F79BFB0446002830
:10B0E00040F0A48010A9084605F12C02F9F75AFB9C
:10B0F0000446002840F09A8043463A461C210AA89C
:10B10000FAF7CDF80446002840F090800AAA08A972
:10B1100012A8F9F77EFB0446002840F0878012A9A8
:10B12000084605F13402F9F73DFB044600287DD1BD
:10B1300005F14C03009310AA534604A90CA8F9F793
:10B1400069FF0446002871D105F15403009312AA47
:10B150004B4604A90EA8F9F75DFF0446002865D107
:10B160002B460EAA0CA904A8FFF7CCFC0446002825
:10B170005CD105F14403009305F10C02334604A9A8
:10B1800016A8F9F747FF044600284FD114A916A8BE
:10B19000F9F7D4F9002840F0DE806868FAF76CFE11
:10B1A00080461EA86F89F8F79FFF20A8F8F79CFF3C
:10B1B00031461EA8FAF789FF044650BB79000131D9
:10B1C00020A8F8F7A4FF044618BB394604A8F8F7EE
:10B1D0009EFF0446E8B9394605F16400F8F797FF89
:10B1E0000446B0B9209B049902931E9B0846CDE902
:10B1F00000833B466A68FBF73FF8209B0197CDE947
:10B2000002836B680499009308463B466A6EFAF71E
:10B2100047FE1EA8F8F76DFF20A8F8F76AFF2CB9C3
:10B220002A682A9904A8F9F72CF9044606A8F8F721
:10B2300060FF08A8F8F75DFF0AA8F8F75AFF10A802
:10B24000F8F757FF12A8F8F754FF04A8F8F751FFD2
:10B250000CA8F8F74EFF0EA8F8F74BFF16A8F8F762
:10B2600048FF14A8F8F745FF94E618A8F8F73CFF44
:10B270001AA8F8F739FF1CA8F8F736FF1EA8F8F748
:10B2800033FF05F11C0A20A8F8F72EFF3B46524673
:10B290000121CDF8008018A8FAF7F7F8044668B93C
:10B2A000534618AA1CA920A8F9F7C7FE044628B9D6
:10B2B000012120A8F9F78AF9E0B1284C18A8F8F77D
:10B2C00018FF1AA8F8F715FF1CA8F8F712FF1EA818
:10B2D000F8F70FFF20A8F8F70CFF002CA6D105F116
:10B2E0004403009349463346484605F10C02F9F7FA
:10B2F00091FEAFE605F1240A3B4652460121CDF806
:10B3000000801AA8FAF7C1F804460028D6D153469F
:10B310001AAA1EA920A8F9F790FE04460028CDD14C
:10B32000012120A8F9F752F90028C6D12B461AAA04
:10B3300018A905F16400FFF7E5FB04460028BDD11C
:10B340002B4648461EAA1CA9FFF7DCFB0446B5E7BE
:10B350006FF086046AE76FF0940467E780BBFFFF35
:10B360002DE9F04F89B0CDE90312DDE91496DDE94E
:10B3700012B280461D46059213B9BBF1000F06D0EC
:10B38000059B23B96FF0860009B0BDE8F08F039BE1
:10B39000002BF7D0D8F80070002D6BD198F87030E2
:10B3A000002B18BF1D462846FFF76CFA04460028FC
:10B3B000E8D0B9F1FF3F65D1B7EB400F4FEA40034A
:10B3C000E0D30233BB4267D9BB1EA3EB00093A4668
:10B3D00000213046F2F7D4FC08F104031846069326
:10B3E000F9F70FF8069001203B1B9A1EA2EB090209
:10B3F000B118B05401314A46DDE90330079198474E
:10B400000028C1D107994B4601EB090A0A46CDE94C
:10B4100000A559460598FFF7A5FA0028B4D1069B68
:10B420005246581E00F00700B0FA80F03B1B40095E
:10B43000591E091A234600953044FFF72AFA0028BE
:10B44000A2D108F10400F8F7DCFFFF23C0EBC7002E
:10B4500032780130034113403370BC23DDE903121D
:10B460000AF8043040463346129609B0BDE8F04F62
:10B47000FFF786BD2846FFF705FA002882D08345EE
:10B480008CD07FE7B9F1000FFFF67CAF09F1020223
:10B490000244BA429BD975E7814698E72DE9F04FFF
:10B4A00087B0CDE90223109B064604938A46DDE966
:10B4B0001183DDF84C90059321B96FF0860007B039
:10B4C000BDE8F08F90F87000FFF7DCF90446002823
:10B4D000F3D008F1020303EB4003434535684FEA1C
:10B4E000400BEAD3AB42E8D82A4600214846F2F79F
:10B4F00047FC4F46002307F8013B22463946029895
:10B50000D0470028DBD196F8700007EB040A02F060
:10B510004FFB0028D1D0DDE90312534602F0EBFBCC
:10B520000028CCD10122A5EB0803023B2344A3EB66
:10B530000B030AEB03000AF80320B8F1000F04D054
:10B54000424605990130F2F7F6FB96F8703004F1A7
:10B550000108013DC8442D1B00933A462346294665
:10B560004046FFF796F90028A9D196F87030424678
:10B57000009321462B463846FFF78BF900289ED1D1
:10B580004A464946304607B0BDE8F04FFFF7C0BC19
:10B590002DE9F74F1E460C9B16F10C0F804689468D
:10B5A00092460D9F0468019304D96FF0860003B0A2
:10B5B000BDE8F08F06F10B03A342F6D800233B70E1
:10B5C0000029F2D00223A41B013CBD1C7B703C442B
:10B5D000A5420FD100232B7026B132460199681C79
:10B5E000F2F7A9FB3A463946404603B0BDE8F04FB2
:10B5F000FFF78EBC4FF0640B012229465046C84726
:10B600002A7852B9BBF1010B04D1064B002808BFC0
:10B610001846CCE70028EFD0C9E70028C7D101358C
:10B62000D6E700BF80BBFFFFF0B5C76E85B0DDE990
:10B630000A562FB1012F0AD06FF0950005B0F0BD6A
:10B64000CDE90A5605B0BDE8F040FFF7A1BF019370
:10B650000023CDE902560093FFF720FFEEE72DE926
:10B66000F04FADF2544D0393C36E0746012B0C46C9
:10B67000914606D06FF0860B58460DF2544DBDE84A
:10B68000F08F0568A5F11003B3F57C7FF2D890F830
:10B690007000FFF7F7F806460028EBD000F101082C
:10B6A0004FEA4803B5EB480F0293E3D30DF1500A7C
:10B6B0004A4621463846DDF88034CDF800A0FFF731
:10B6C0005FFC8346002860D197F8703005F1FF39A0
:10B6D000D044A9EB06090DF15104009342464B46B4
:10B6E00031462046FFF7D5F8834600284DD197F81C
:10B6F000703022460093494633464046FFF7C9F86A
:10B700008346002841D197F8700002F051FA0028D2
:10B7100052D0DDF87824039904AB02F0ECFA8346AA
:10B7200098BB9DF85000FFF7A9F83444074632460D
:10B73000214604A802F0F1FCFFF7A0F8344440EAE7
:10B7400007024FF0FF36A0465F46D946029BE91A32
:10B750002144884523D1E05DE11901246040FFF7D1
:10B760008DF800240243944229D1013114AADDF856
:10B7700088048A1AAA1A824224D8DDF87C0402605E
:10B780001AB1DDF88404F2F7D6FA14A84FF48061F8
:10B79000F4F748F9402104A8F4F744F96CE718F8E5
:10B7A000010BCC4680EA0C00FFF768F826EA000699
:10B7B00006F001000744CCE76FF0860BE5E76FF079
:10B7C000950BE2E76FF0890BDFE72DE9F04F994623
:10B7D000C36E0668ADF2144D002B40F08880A6F1D0
:10B7E0001003B3F57C7F00F282800DF11008DDF8C4
:10B7F0003834CDF80080FFF7C3FB044600286CD135
:10B80000DDF84074A6F10B02974298F8000028BFBB
:10B810001746FFF733F898F801300146022528460D
:10B820005840FFF72BF841EA00030393A346A246D2
:10B8300018F80500D44680EA0C00FFF71FF86BEA01
:10B84000000B6FEA0B00013500F0010CAE426444BE
:10B85000EED12346082593EA05015B1B8B430D407F
:10B860002B43DB170399341B0843184301463B461F
:10B87000033C0B40C943214019438B463D460B46D0
:10B8800095EA0301ED1A8D430B401D43ED179623F6
:10B89000044605F08A012340E4430C401C430DF1AB
:10B8A0001B01284302F0C2FC64423B465A462B402F
:10B8B000ED4315401D43F61B4644394630467A1B7E
:10B8C00002F045FCDDF840342BB13A463146DDF854
:10B8D0003C04F2F730FAC9F800504FF4806140465A
:10B8E000F4F7A0F820460DF2144DBDE8F08F6FF08C
:10B8F0008604F7E7F0B5D0F86CC087B00E9FDDE99D
:10B900000C56BCF1000F06D0BCF1010F0BD06FF04C
:10B91000950007B0F0BDCDE90D670C9507B0BDE807
:10B92000F040FFF752BFCDE901350023CDE90367B1
:10B930000093FFF794FEECE7F0B49446DDE904458C
:10B94000DDE90667C26E012A0AD1026F02B93BB176
:10B95000CDE90667CDE90445F0BC6246FFF700BDBE
:10B960006FF08600F0BC70472DE9F743DDF83080BA
:10B9700005460C469146DDE90A12184603B931B175
:10B980002AB96FF08604204603B0BDE8F083EB6E61
:10B99000002BF6D1CDF800802B68FFF727F80028A0
:10B9A000EFD101202968F4F721F8064640B10120C3
:10B9B0002968F4F71BF8074628B93046F4F71CF855
:10B9C0006FF08C04DFE7214643464A46284600963E
:10B9D000FFF7D6FA044690B93A4631462846FFF7B3
:10B9E00097FA044658B9414638462A6802F095FB52
:10B9F0000446A0B9314640462A68F2F79CF9304621
:10BA00002968F4F71BF838462968F4F717F8002C72
:10BA1000B9D0212140462A68F2F7B2F9B3E7014CC8
:10BA2000EDE700BF00BDFFFFF0B585B00C9EDDE97E
:10BA30000A4503B904B1DDB1C76E2FB1012F0BD098
:10BA40006FF0950005B0F0BDCDE90B560A9405B036
:10BA5000BDE8F040FFF788BF076F07B943B1039611
:10BA60004FF0FF360094CDE90156FFF779FCE9E786
:10BA70006FF08600E6E72DE9F04F0D46ADF2544D2C
:10BA800014AE0746904600214FF4806230469DF880
:10BA900078B40393F2F774F915B9B8F1000F07D031
:10BAA000039B2BB96FF086000DF2544DBDE8F08F6B
:10BAB0003C68A4F11003B3F57C7FF3D832463846D6
:10BAC000DDF88014FFF724FA0028EDD104F1FF39E6
:10BAD00016F80930BC2B02D06FF09500E4E7002D7A
:10BAE00058D15846FEF7CEFE05460028DAD0381D5C
:10BAF000F8F787FC3278471EC4F1010307EBC30354
:10BB00001A41CFD1780718BFA14605F1020314BF2F
:10BB100034460DF151044B45C4D8A9EB0501013958
:10BB200004EB010A2B4652462046CDF800B0FEF742
:10BB3000B0FE0028B8D1FF233278C7EBC9073B41DC
:10BB4000134033700AF1FF3214F8013B611E8A4240
:10BB500001D9002BF8D0012BBED1DDF87C24AAEB53
:10BB60000403511C01D09342B6D104AE2246414693
:10BB70000398CDF804B00096FEF7F4FE002893D1A8
:10BB80002A4631465046F2F77DF8002818BF6FF07C
:10BB9000940089E72846FEF775FE002882D080458C
:10BBA0009FD07FE72DE9F347044691469A468846A1
:10BBB00001B912B1BAF1000F37D026680120314621
:10BBC000F3F714FF074698B331460120F3F70EFF51
:10BBD000054620B300903346524649464046FEF79C
:10BBE00005FFF8B920463A460A99FFF791F904464D
:10BBF00040B932462946384602F08FFA041E18BF73
:10BC00006FF0940431463846F3F718FF1DB1314602
:10BC10002846F3F713FF204602B0BDE8F0876FF027
:10BC20008C04EFE76FF08604ECE76FF08604F2E730
:10BC30006FF08C04EFE730B585B0089D01B902B113
:10BC4000D3B1C46E2CB1012C09D06FF0950005B0B2
:10BC500030BD089505B0BDE83040FFF7A3BF046FC5
:10BC600044B1E4B202954FF0FF35CDE90045FFF74E
:10BC700002FFECE70C46F5E76FF08600E7E710B54A
:10BC8000044698B35C30F8F734FA04F16400F8F72E
:10BC900030FA04F14400F8F72CFA04F11400F8F734
:10BCA00028FA04F12400F8F724FA04F11C00F8F74C
:10BCB00020FA04F10C00F8F71CFA201DF8F719FA25
:10BCC00004F15400F8F715FA04F14C00F8F711FAF2
:10BCD00004F13C00F8F70DFA04F13400F8F709FA22
:10BCE00004F12C00BDE81040F8F703BA10BD0000C5
:10BCF000F0B58D1885B0039106463023294602AA77
:10BD000003A802F045F9044630B9DDE902231344E3
:10BD10009D4204D06FF08604204605B0F0BD294650
:10BD200001AA03A802F07FF904460028F4D1019B80
:10BD3000002BEFD1371D3A46294603A8FEF7D2FE65
:10BD4000044600284BD13846F8F75FFB32462946B7
:10BD500042F80C0B03A8FEF7C5FE044600283ED1AE
:10BD6000294606F1140203A8FEF7BCFE0446B0BB48
:10BD7000294606F11C0203A8FEF7B4FE044670BB78
:10BD8000294606F1240203A8FEF7ACFE044630BBA8
:10BD9000294606F12C0203A8FEF7A4FE0446F0B9DA
:10BDA000294606F1340203A8FEF79CFE0446B0B90A
:10BDB000294606F13C0203A8FEF794FE044670B93A
:10BDC0003368DB00B3F5805F0DD83046FFF76CF8C1
:10BDD000044658B9039BAB429ED06FF065043046D1
:10BDE000FFF74DFF98E76FF08504F8E7004CF6E7A2
:10BDF00000BEFFFF2DE9F04F89B0129E044606A851
:10BE0000884691461D46F8F76FF9022E40F3908060
:10BE1000EB0700F18D80B5F5806FC0F0898004F1EB
:10BE20000C03184631460493F8F783FA03460028BA
:10BE300070D1B5F5806318BF01234FEA550B5B0045
:10BE40000393ABF16303059304F11C0604F124078B
:10BE5000434659463046039ACDF80090F9F7DEFB89
:10BE60000346002856D1434659463846039ACDF832
:10BE70000090F9F7D3FB034600284BD13A463146F0
:10BE800006A8F8F792FC0346002843D106A8F8F765
:10BE9000B8FA059B9842DBD9BDF91C30002B03DAB8
:10BEA00039463046F8F731FA04F1140A5346394658
:10BEB0003046049A00F042F810F10E0F0346C7D046
:10BEC00040BB5046F8F79DFA6B1CB0EB530FBFD93F
:10BED000251D3A4631462846F8F79BFC0346C8B96B
:10BEE0002846F8F792FA234604F13C0243F82C0B5B
:10BEF000019204F13402009239465246304600F075
:10BF00007CF8034630B92046FEF7CEFF0A4A031EEE
:10BF100018BF134606A80393F8F7EBF8039B1BB171
:10BF20002046FFF7ACFE039B184609B0BDE8F08F32
:10BF30006FF08603EEE700BF00BEFFFF2DE9FF4173
:10BF40000446884616461D462BB96FF086042046E7
:10BF500004B0BDE8F0810121F8F738FB0028F4DDDA
:10BF600001214046F8F732FB0028EEDD0021304683
:10BF7000F8F72CFB0028E8D000213046F8F7F5F957
:10BF80000128074636D16846F8F7AEF802A8F8F758
:10BF9000ABF821463A466846F8F723FC044610BB46
:10BFA0003A46414602A8F8F71CFC0446D8B969464F
:10BFB000284602AAF9F7E0F80446A0B9694668469F
:10BFC00002AAF8F726FC044668B901462B466A46E1
:10BFD0006846F8F7BDFC044628B96A46314628464B
:10BFE000F9F7A4FA04466846F8F783F802A8F8F7C8
:10BFF00080F8ACE76FF00D04A9E72DE9F3479A4606
:10C00000DDE90A98064668460D461746F8F76CF8CB
:10C01000BAF1000F07D1B9F1000F1AD1B8F1000F32
:10C0200028D144460EE0012231466846F8F7D9FB94
:10C03000044638B96A4639465046F8F77FFE04464A
:10C040000028E8D06846F8F754F8204602B0BDE86A
:10C05000F087012229466846F8F7C3FB044600280A
:10C06000F0D16A4639464846F8F768FE044600288B
:10C07000D4D0E7E7324629464046F9F727FA044686
:10C08000E0E700002DE9FF478146DDE90C746846D2
:10C09000884615461E46DDF838A0F8F725F802A8B0
:10C0A000F8F722F854B3B8F1000F17D053462246E0
:10C0B00032214046F9F785FA80B1634C6846F8F7BB
:10C0C00018F802A8F8F715F824B114F5844F01D038
:10C0D000A4F58444204604B0BDE8F08755B153462A
:10C0E000224632212846F9F76CFA0028E5D1B8F14A
:10C0F000000F08D1B9F1000F20D120E0B8F1000FF6
:10C10000F8D0002DF6D0B9F1000F03D1002E37D1B1
:10C110000024D3E72A4641466846F8F77AFB0446EE
:10C120000028CBD101214846F8F750FA0028C4DD99
:10C1300049466846F8F702FA0028BED12EB9B8F190
:10C14000000FE5D0002DE3D0E0E7002FF7D001216C
:10C150003046F8F73BFA0028AFDD01213846F8F702
:10C1600035FA0028A9DD49463046F8F7E7F90028F6
:10C17000A3DA49463846F8F7E1F90028DFDB9CE707
:10C18000002FC5D001214046F8F720FA002894DDA1
:10C1900001212846F8F71AFA00288EDD3A46314682
:10C1A0006846F8F736FB0446002887D10122694625
:10C1B0006846F8F716FB044600287FF47FAF01229B
:10C1C000414602A8F8F70DFB044600287FF476AF3D
:10C1D0006946684602AAF8F7B1FD044600287FF4D4
:10C1E0006DAF01466846F8F7F1F900287FF465AFB6
:10C1F0003A4631466846F8F70CFB044600287FF4BF
:10C200005DAF012269466846F8F7EBFA044600285C
:10C210007FF454AF0122294602A8F8F7E2FA044657
:10C2200000287FF44BAF6946684602AAF8F786FDFE
:10C23000044600287FF442AF01466846F8F7C6F985
:10C2400000283FF465AF38E700BEFFFF2DE9F0435B
:10C25000994685B00446DDE90C8668460D461746CA
:10C26000F7F742FF02A8F7F73FFFB9F1000F06D139
:10C27000B8F1000F2DD1002E46D1002402E05CB9A8
:10C280006FF086046846F7F734FF02A8F7F731FF2E
:10C29000204605B0BDE8F083012221466846F8F744
:10C2A000A0FA00284DD13A46494602A8F8F77DFA8F
:10C2B000002846D102A96A460846F8F73FFD002843
:10C2C0003FD1014602A8F8F781F90028D0D0214CCF
:10C2D000D8E7002DD4D0012229466846F8F781FA24
:10C2E00078BB3A46414602A8F8F75FFA48BB02A974
:10C2F0006A460846F8F722FD18BB014602A8F8F77F
:10C3000065F90028B7D0E2E7002CB9D0002DB7D0EE
:10C310002A4631466846F8F77CFA90B90122694608
:10C320006846F8F75EFA60B9224669466846F8F74B
:10C3300005FD30B901466846F8F748F900289CD059
:10C34000C5E710F5844FC2D010F1870F98D0A0F543
:10C35000844497E700BEFFFF2DE9F04F0D46D5B0AE
:10C3600000F1440304934BAB059300F1640306937F
:10C37000DDE9043253F8041F42F8041F069999427C
:10C38000F8D100240BAE09AF291904223846F1F781
:10C39000D2FC3B6804341BBA402C46F8043FF3D16E
:10C3A00097490DF1280A5546DDE951EBDDE94C7658
:10C3B000DDE94E328C46DDF84C81DDF8409100918C
:10C3C000A868DCF800104FEAF92484EAB9140144A3
:10C3D0008BEA0E0084EA796400EA090080EA0B0027
:10C3E0002144014441444FEA773888EAB70888EA93
:10C3F000B7580A44884447EA060107EA060019408C
:10C4000001438844E868DCF804104FEA78340144BA
:10C4100089EA0E00104080EA0E00594401444FEAB8
:10C42000F22080EAB21080EA726084EAB804014423
:10C4300084EAB8540B440C4448EA070108EA0700B0
:10C44000314001430C442869DCF8081020350144D0
:10C4500082EA0900184080EA0900714401444FEA69
:10C46000F32080EAB31080EA736001444FEA74302D
:10C4700080EAB40080EAB45001EB060E084448EAB2
:10C48000040108EA040639403143084455F80C6CAD
:10C49000DCF80C100CF1200C0E444E4482EA030927
:10C4A00009EA0E094FEAFE2189EA020981EABE1172
:10C4B00081EA7E614E440E444FEA703181EAB00158
:10C4C00081EAB05106EB0709314444EA000604EA68
:10C4D000000706EA08063E43314455F8087C5CF83C
:10C4E000106C3E44164483EA0E0202EA09025A40E6
:10C4F00016444FEAF92282EAB91282EA79621644B6
:10C500004FEA713282EAB10282EAB152B044324457
:10C5100040EA010600EA010726403E43324455F84E
:10C52000047C5CF80C6C3E441E448EEA090303EA6A
:10C53000080383EA0E031E444FEAF82383EAB81384
:10C5400083EA78631E444FEA723383EAB20304EB52
:10C55000060B83EAB25341EA02043344044001EA81
:10C560000206344323442E685CF8084C344489EABC
:10C57000080606EA0B0686EA0906744434444FEAC4
:10C58000FB2686EABB1686EA7B66344400EB040E83
:10C590004FEA733080EAB30080EAB350204442EAA5
:10C5A00003040C4002EA0306344306196C685CF885
:10C5B000040C204488EA0B0404EA0E04484484EA8C
:10C5C000080420444FEAFE2484EABE1484EA7E6410
:10C5D000204401EB00094FEA763181EAB60181EA95
:10C5E000B651014443EA0600104003EA0604204322
:10C5F0000F181AA9A9427FF4E3AE3AA9079101E006
:10C60000248B060CDAF84010DAF80C404FEAF145BA
:10C6100085EA7145DAF8080085EA9125DAF82C10E8
:10C620000AF1200A01444FEAB44080EAF41080EA9B
:10C63000D4002944014402918BEA0E004FEAF9210B
:10C6400081EAB91100EA090081EA796180EA0B0008
:10C650000844009907EA0605096C08440299084451
:10C66000404402440192CAF8281047EA06024FEA01
:10C67000773181EAB7011A402A4381EAB751114460
:10C68000DAF8242001444FEAF24585EA72455AF867
:10C69000100C85EA9225DAF8102014444FEAB042D3
:10C6A00082EAF01282EAD0022C441444019A89EA08
:10C6B0000E051540009A85EA0E05526CCAF82C400A
:10C6C0005A44224405EB020C019A019D4FEAF222E2
:10C6D00082EAB51282EA7562624403EB020B47EA12
:10C6E00001054FEA713307EA010C83EAB1033540D3
:10C6F00045EA0C0583EAB1532B441344029A5AF8D5
:10C700000CCC4FEAF24585EA724585EA9225DAF8C3
:10C71000142000EB02084FEABC4282EAFC1282EAD3
:10C72000DC02A8449044019A4FEA733589EA02007A
:10C73000009A00EA0B00926C80EA090072444244BD
:10C7400010444FEAFB2282EABB1282EA7B62024477
:10C7500041EA030006EB020E85EAB30501EA03068F
:10C760003840304385EAB355054415445AF8086CFF
:10C77000DAF818204FEAF44080EA744080EA942006
:10C780000CEB02044FEAB64282EAF61282EAD602C3
:10C7900004441444019A03EA050C82EA0B0000EAFF
:10C7A0000E005040009ACAF83080D26CCAF834406B
:10C7B0004A44224410444FEAFE2282EABE1282EA30
:10C7C0007E62024407EB02094FEA753043EA05072F
:10C7D00080EAB5000F4047EA0C0780EAB5503844BC
:10C7E00010445AF8047CDAF81C204FEAF84C8CEA22
:10C7F000784C16444FEAB7428CEA982C82EAF7123A
:10C80000664482EAD702B2180392009A039E126D20
:10C810008BEA0E0C3244019E0CEA090C8CEA0B0CDC
:10C82000324462444FEAF92C8CEAB91C8CEA796CE8
:10C830009444039E01EB0C084FEA703245EA000174
:10C84000CAF8386082EAB00205EA000619403143AE
:10C8500082EAB0520A444FEAF44181EA744181EA23
:10C860009421DAF820406244DAF800C03C440C44D9
:10C870004FEABC4181EAFC1181EADC010C440099D9
:10C880008EEA0907496D07EA08072144594487EAF7
:10C890000E070F444FEAF82181EAB81181EA786166
:10C8A000394403EB010B40EA02074FEA723300EA16
:10C8B00002062F4083EAB203374383EAB2533B4474
:10C8C0000B440399039E4FEAF14181EA764181EAE4
:10C8D0009621DAF82460DAF80470664431444FEAAD
:10C8E000B74686EAF71686EAD7063144019189EA07
:10C8F0000806009906EA0B0686EA090C896D019E76
:10C90000CAF83C40314471440CEB0106019902EA3B
:10C91000030CCAF840104FEAFB2181EABB1181EAFF
:10C920007B61314405EB010E42EA03064FEA7335A1
:10C93000064085EAB30546EA0C0685EAB355354458
:10C940006E18DAF80810029D4FEAF44C3D444FEAA5
:10C95000B14787EAF11787EAD1078CEA744C00994E
:10C960008CEA942C6544C96D3D4488EA0B0707EABC
:10C970000E072944494487EA08070F444FEAFE217D
:10C9800081EABE1181EA7E61394443EA060703EA7F
:10C990000609174047EA090700EB010900984FEA2A
:10C9A000763C20308CEAB60C009007988CEAB65C96
:10C9B000CAF84450BC44504501EB0C077FF422AE4A
:10C9C0000AA8C0F81031C0E9001C019BC0F82481FE
:10C9D000C0F80031C0F81421C0F8FC40C0F820B104
:10C9E000C0F81CE1C0F80C61C0F80451C0F81891FF
:10C9F000C0F80871049A059952F8043F049251F85E
:10CA0000042F1344049A05911360069B9342F1D1BD
:10CA10004FF49471F3F706F855B0BDE8F08F00BFFE
:10CA20006C220021F1F7ACB910B16C21F2F7FABF1A
:10CA3000704708B56C22F1F77EF908BD01292DE990
:10CA4000F04126D8C9B1DFF87880DFF878E0DFF868
:10CA500078C0114F114E124D124C134A0023C0E9F9
:10CA6000128EC0E91033C0E914C7C0E91665C0E9E9
:10CA7000184281661846BDE8F081DFF85080DFF883
:10CA800050E0DFF850C0094F094E0A4D0A4C0B4ADE
:10CA9000E4E76FF08600EEE739590EF7310BC0FF7F
:10CAA00011155868A78FF964A44FFABE3AF54FA53F
:10CAB0007F520E518C68059BABD9831F19CDE05B6B
:10CAC000D89E05C107D57C3617DD703067E6096A48
:10CAD00085AE67BB72F36E3C2DE9F04105460E460C
:10CAE000144612B3036C03F03F079B18036422BF84
:10CAF000436C013343647FB1C7F1400842450FD313
:10CB000042463844F1F717F929462846FFF724FC36
:10CB100027444644A7F140043F2C09D82CB10027F4
:10CB200022463146E819F1F706F90020BDE8F08108
:10CB3000374606EB0408394628464037FFF70CFC19
:10CB4000A8EB07033F2BF6D8A4F1400323F03F03E3
:10CB500040331E44E41ADFE773B50D468021036CB1
:10CB6000044603F03F035A1C382AC154104476D8B7
:10CB70000021C2F13802F1F703F9D4E91062730F12
:10CB800043EAC20304221BBA0DEB020104F1380090
:10CB90000193F1F7D0F80422F6000DEB020136BA4A
:10CBA00004F13C000196F1F7C6F821462046FFF754
:10CBB000D3FB0422A36C0DEB02011BBA28460193A0
:10CBC000F1F7B9F80422E36C0DEB02011BBAA818C7
:10CBD0000193F1F7B0F80422236D0DEB02011BBAAB
:10CBE00005F108000193F1F7A6F80422636D0DEB3F
:10CBF00002011BBA05F10C000193F1F79CF8042225
:10CC0000A36D0DEB02011BBA05F110000193F1F7C2
:10CC100092F80422E36D0DEB02011BBA05F114003A
:10CC20000193F1F788F80422236E0DEB02011BBA81
:10CC300005F118000193F1F77EF8A36E4BB90422B9
:10CC4000636E0DEB02011BBA05F11C000193F1F7B5
:10CC500072F82046FFF7E8FE002002B070BDC2F176
:10CC600040020021F1F78CF821462046FFF774FBC3
:10CC70003822002120467EE72DE9F047012B0746A8
:10CC8000884616461D469CB039D801A8FFF7C8FE55
:10CC900045B3DFF890A0DFF89090DFF890E0DFF880
:10CCA00090C018481849194A194B0024CDE9192396
:10CCB000CDE917014246394601A8CDE915ECCDE989
:10CCC0001144CDE913A91B95FFF706FF314601A8D2
:10CCD000FFF742FF01A86C21F2F7A4FE20461CB02A
:10CCE000BDE8F087DFF84CA0DFF84C90DFF84CE0AF
:10CCF000DFF84CC007480849084A094BD5E76FF0F0
:10CD00008600ECE7310BC0FF11155868A78FF96456
:10CD1000A44FFABE7F520E518C68059BABD9831F7E
:10CD200019CDE05BD89E05C107D57C3617DD703084
:10CD300039590EF767E6096A85AE67BB72F36E3C38
:10CD40003AF54FA52DE9F04F0C46ADF5477D00F1C2
:10CD500008030D93B4AB0E9300F148030F93DDE984
:10CD60000D32F3E90201E2E902010F999942F8D18B
:10CD700014AD04F1800710AE0DF1440808222146DD
:10CD80003046F0F7D8FFD8F80020336812BA0834DC
:10CD90001BBA45F8082FA7426B60EFD1102616ACDE
:10CDA000A446D4E91C07D4E90215C30CFA0C4FEAD7
:10CDB000C0084FEAC70E4EEA507E43EA473342EAC4
:10CDC000403248EA5778800982EA0E0240EA8760DA
:10CDD00083EA0803434082EA9712DCE91207DCE9A0
:10CDE00000EC10EB0E0047EB0C071B1842EB0702A0
:10CDF00048084FEA112E6F084FEA152C47EAC17711
:10CE00004CEA016C40EAC5704EEA056EC90980EA39
:10CE10000E0041EA4561414087EA0C075B1887EA4A
:10CE2000D51006F1010642EB00020834502EC4E989
:10CE30001E32B5D1C29912AB0791D3F8C412D3F800
:10CE4000C8220891D3F8B812DFF8ACE80991D3F8FA
:10CE5000BC12D3F8CCB20A91D3F89012D3F8ACC27A
:10CE60000191D3F8941200930291D3F8981206928C
:10CE70000391D3F89C12D3E9AC240491D3F8A812FF
:10CE8000D3E9A8890591A00B40EA82464FEA923A7D
:10CE9000950CA00C45EA843540EA82304AEA844A7F
:10CEA000009B8AEA050A4640D505E00545EA542577
:10CEB00040EA52208AEA050A4640DEE90057D3E9F3
:10CEC00004106D1847EB00001AEB0505079946EBB7
:10CED0000000099E0A9F4E40089916404F4007994E
:10CEE00027404E400899059B4F400699AD1940EBED
:10CEF00007006D184BEB0000E918059140EB0C01A1
:10CF000006910199019B0F0F029947EA01170E0F35
:10CF1000019946EA01164FEA817C02994CEA910C8C
:10CF2000890741EA93014E405906029B87EA0C07A4
:10CF300041EAD3114FEA436C019B79404CEAD31C80
:10CF4000491986EA0C0640EB06060398049D18432F
:10CF5000029B039F1D43019B00EA080003EA070CA4
:10CF6000029B049F40EA0C001F4005EA0905009B54
:10CF700011EB000A45EA070546EB050BDEE9021056
:10CF8000D3E90656079B491940EB0600C918089BD0
:10CF900043EB0000099B82EA03060A9B84EA03052F
:10CFA000059B1E40069B1D40099B5E400A9B8919FC
:10CFB00085EA0305059B40EB05009D0B069B45EAB2
:10CFC00083459F0B059B47EA83474FEA934C069B9B
:10CFD0004CEA833C9E0C059B85EA0C0546EA8336A9
:10CFE0004FEAC35C069B77404CEA532CDE05059B59
:10CFF00085EA0C0546EA53264D1986EA070640EBFA
:10D0000006064FEA8B714FEA1B7015EB080341EAE5
:10D010009A014FEA1A7740EA0A104FEA8A7C4CEAF2
:10D020009B0C079347EA0B1746EB090348404FEA6E
:10D030004A6187EA0C07089341EADB11019B7940BA
:10D040004FEA4B6C4D194CEADA1C4AEA0301029B89
:10D0500080EA0C0046EB00064BEA0300039B1940F4
:10D06000049B1840019B0AEA030C029B41EA0C0155
:10D070000BEA0307009B15EB010840EA070046EBAB
:10D080000009D3E90856099BDEE90410491940EB71
:10D090000600C9180A9B43EB0000059B82EA0306C1
:10D0A000069B84EA0305079B1E40089B56401D40D3
:10D0B000079B891985EA040540EB05009D0B089B39
:10D0C00045EA83459F0B079B47EA83474FEA934C0A
:10D0D000089B4CEA833C9E0C079B85EA0C0546EABC
:10D0E00083364FEAC35C089B77404CEA532CDE053D
:10D0F000079B85EA0C0546EA5326039B4D1986EAF1
:10D10000070640EB06064FEA89715B194FEA197072
:10D11000099341EA9801049B4FEA187740EA081006
:10D120004FEA887C4CEA990C47EA091780EA01002B
:10D130004FEA486143EB060387EA0C0741EAD9113D
:10D1400004937940019B4FEA496C4D194CEAD81C75
:10D150004AEA080180EA0C0001EA0301029B46EB5F
:10D1600000060AEA080C4BEA09000BEA090741EA43
:10D170000C01184038436F1846EB00030393009BE3
:10D18000DEE90616D3E90A504919059B46EB000073
:10D190008918079A44EB000083EA0204069B089A68
:10D1A0005A40099B1C40049B1A40059B5C40069B0F
:10D1B000091982EA0302099B40EB02009A0B049BC7
:10D1C00042EA83429D0B099B45EA83459E0C049BE2
:10D1D00046EA83369C0C099B724044EA8334DE05A0
:10D1E000049B654046EA5326DC05099B724044EAED
:10D1F0005324019B8A1884EA050440EB04049B181D
:10D200000B93029B4FEA177543EB04030C93039BAC
:10D21000BE07180F990741EA970140EA071046EA4E
:10D22000930645EA031548407906754041EAD31153
:10D230005E0646EAD71669408A1880EA060048EA80
:10D24000070144EB000408EA070649EA030001EA83
:10D250000A0109EA0305314300EA0B00531840EACA
:10D260000500019344EB00030293009BDEE90824D0
:10D27000D3E90C01059B121844EB0101D218069B5F
:10D28000099843EB0101079B83EA0004089B04987B
:10D2900058400B9B1C400C9B1840079B5C40089B14
:10D2A000121980EA03000B9B41EB0001980B0C9BC9
:10D2B00040EA83409D0B0B9B45EA83459E0C0C9BEB
:10D2C00046EA83369C0C0B9B704044EA8334DE05AF
:10D2D0000C9B654046EA5326DC050B9B704044EAF4
:10D2E0005324101884EA050441EB04041AEB0003EC
:10D2F0000693019B4BEB040B1A0F029B42EA0312AD
:10D300004FEA137C019B4CEA031C9D07029B45EAF4
:10D3100093059907019B6A4041EA93018CEA010C4D
:10D320005906029B41EAD3115D06019B514045EA33
:10D33000D31509188CEA050C44EB0C0C47EA0304DE
:10D34000DDE902231A43019B04EA080407EA03000B
:10D350002043DDE902531D400B180593009B02EAB0
:10D360000902D3E90E4042EA0502079B4CEB020C8E
:10D37000DEE90A25121945EB0000D218089B0B992B
:10D3800043EB0000099B83EA0105049B0C9983EAA7
:10D390000104069B04EA0B041D40099B5D40049BAD
:10D3A000521984EA0304069B40EB04004FEA9B45B4
:10D3B0004FEA9B3445EA83359E0B44EA83444FEAA7
:10D3C000934A4AEA8B3A6C4046EA8B46DD0586EA88
:10D3D0000A0645EA5B254FEACB5A4AEA532A7540CA
:10D3E000521984EA0A0440EB040018EB0203079385
:10D3F00049EB00030893059B4FEA1C751E0F9C0721
:10D400004FEA8C7848EA930845EA031544EA9C04FD
:10D4100046EA0C1685EA080566404FEA4C685C0649
:10D42000059948EAD31844EADC14019B6640B21817
:10D4300043EA0106029B85EA080440EB040443EA40
:10D440000C00039B3E401840019B03EA0105029B30
:10D45000354303EA0C08009B40EA080012EB05087C
:10D4600044EB0009D3E91040099BDEE90C251219B1
:10D4700045EB0000D218049B069943EB00000B9B80
:10D4800083EA01050C9B83EA0B04079B1D40089B64
:10D490001C400B9B5D400C9B521984EA0304079BC4
:10D4A00040EB04009C0B089B44EA83449E0B079BC3
:10D4B00046EA83464FEA934A089B4AEA833A9D0C20
:10D4C000079B84EA0A0445EA83354FEAC35A089B5E
:10D4D0006E404AEA532ADD05079B84EA0A0445EABE
:10D4E0005325141985EA060540EB05053B190993F8
:10D4F000039B4FEA19704FEA897243EB050342EA36
:10D5000098024FEA187640EA08104FEA887747EA0F
:10D51000990750400A9346EA0916059B4FEA48626C
:10D520007E4042EAD912724043EA0806019B141970
:10D5300006EA0306029B4FEA49674CEA090247EAFA
:10D54000D81702EA0302059B80EA070045EB0000BA
:10D5500003EA080535430CEA0907631942EA0702A2
:10D56000039340EB02030493009BDEE90E20D3E912
:10D5700012450B9B121940EB0506D5180C9B079A18
:10D5800043EB0606089B81EA02008BEA0302099B33
:10D590000EF1400E18400A9B48401A40099B2D1876
:10D5A0004FEA93340A9B82EA0B0246EB020644EAF6
:10D5B00083449A0B099B42EA83429F0C0A9B47EAE9
:10D5C0008337980C099B7C4040EA83304240D80561
:10D5D0000A9B40EA5320DF05099B604047EA532736
:10D5E000039B2D1882EA070246EB02061A0F049BE2
:10D5F00042EA03121C0F039B44EA03149F07049B97
:10D6000047EA93079807039B7A4040EA93005F0636
:10D61000049B444047EAD3175806039B7A4040EAEC
:10D62000D31048EA030A049B444049EA0300059BDF
:10D6300000EA0C000AEA030A039B08EA0307049BBA
:10D640004AEA070709EA03031843019BD71944EB89
:10D65000000A5A19029B43EB0604EB19019346EBAF
:10D660000A030293009B403300930099B2AB8B42B4
:10D670007FF409AC069B12A8C0E9B23B059BC0E948
:10D68000A889C0E9AA3C079BC0E90056C0F8C0328F
:10D69000089BC0E9027AC0F8C432099BC0E9AC24F7
:10D6A000C0F8B8320A9BC0F8BC32039BC0F898326D
:10D6B000049BC0F89C32019BC0F89032029BC0F8DA
:10D6C00094320D9A0E9952F8083F51F8084F0D9276
:10D6D0000E91526849681B1942EB01020D990B60CB
:10D6E0000F9B4A608B42ECD14FF43471F2F79AF9F8
:10D6F0000DF5477DBDE8F08F288C060CD82200215F
:10D70000F0F73EBB10B1D821F2F78CB9704708B5DD
:10D71000D822F0F710FB08BD01292DE9F04F4AD8B7
:10D7200089B30FF2D40BDBE900AB0FF2D409D9E9CE
:10D73000008935A7D7E9006735A5D5E9004536A3A7
:10D74000D3E900239FED1E5B9FED1F6B9FED207BB8
:10D750009FED214B80ED045B80ED004B80ED024B93
:10D7600080ED066B80ED087BC0E90AABC0E90C894F
:10D77000C0E90E67C0E91045C0E91223C0F8D01017
:10D780000020BDE8F08F9FED165B0FF2940BDBE9F4
:10D7900000AB0FF29409D9E9008925A7D7E9006702
:10D7A00025A5D5E9004526A3D3E900239FED0E6BFF
:10D7B0009FED0F7BCCE76FF08600E2E7AFF30080D0
:10D7C000D89E05C15D9DBBCB07D57C362A299A62C0
:10D7D00017DD70305A015991000000000000000070
:10D7E00008C9BCF367E6096A3BA7CA8485AE67BB74
:10D7F0002BF894FE72F36E3C39590EF7D8EC2F15C6
:10D80000310BC0FF6726336711155868874AB48EFD
:10D81000A78FF9640D2E0CDBA44FFABE1D48B54747
:10D82000F1361D5F3AF54FA5D182E6AD7F520E511C
:10D830001F6C3E2B8C68059B6BBD41FBABD9831FD6
:10D8400079217E1319CDE05B2DE9F84305460E469C
:10D8500014469AB3D0E9003203F07F071B1952F146
:10D8600000024FF0000128BF0121C0E9003231B1B0
:10D87000D0E90232013342F10002C0E9023297B12D
:10D88000C7F180094C4512D305F1500831464A468C
:10D8900008EB0700F0F74FFA41462846FFF752FA27
:10D8A000803C4E443C447F2C0BD83CB1002705F112
:10D8B0005000224631463844F0F73DFA0020BDE8DA
:10D8C000F883374606EB0408394628468037FFF7C9
:10D8D00039FAA8EB07037F2BF6D8A4F1800323F0D5
:10D8E0007F0380331E44E41ADDE72DE9F34104464B
:10D8F000802203680D4603F07F03581C70282344E0
:10D9000083F8502004F1500700F296800021C0F106
:10D9100070023844F0F734FAD4E90086D4E90213EF
:10D92000720FDB0043EA517342EAC1021BBA12BA1A
:10D93000CDE900326946082204F1C000F0F7FBF996
:10D94000F30043EA58734FEAC8081BBA98FA88F202
:10D95000CDE900326946082204F1C800F0F7EBF97E
:10D9600039462046FFF7EEF9236962691BBA12BAFD
:10D97000CDE90023694608222846F0F7DCF9A369BF
:10D98000E2691BBA12BACDE9002308226946A81839
:10D99000F0F7D1F9236A626A1BBA12BACDE9002303
:10D9A0006946082205F11000F0F7C5F9A36AE26A9A
:10D9B0001BBA12BACDE900236946082205F1180006
:10D9C000F0F7B9F9236B626B1BBA12BACDE90023E9
:10D9D0006946082205F12000F0F7ADF9A36BE26B70
:10D9E0001BBA12BACDE900236946082205F12800C6
:10D9F000F0F7A1F9D4F8D030BBB9236C626C1BBA34
:10DA000012BACDE900236946082205F13000F0F78B
:10DA100092F9A36CE26C1BBA12BACDE900236946F5
:10DA2000082205F13800F0F786F92046FFF76AFE74
:10DA3000002002B0BDE8F081C0F18002002138442E
:10DA4000F0F79EF939462046FFF77CF97022002155
:10DA500038465FE7000000002DE9F04F012B064635
:10DA60000F4615461C46B7B059D86846FFF746FE24
:10DA7000002C3DD00FF2F80BDBE900AB0FF2F809F8
:10DA8000D9E900893EA1D1E900013FA3D3E90023F0
:10DA90009FED254B9FED265B9FED276B9FED287B30
:10DAA0009FED293BCDE91223CDE910013A463146DD
:10DAB00068468DED003B8DED023B8DED044B8DED09
:10DAC000065B8DED086B8DED0A7BCDE90CABCDE9E6
:10DAD0000E893494FFF7B8FE29466846FFF705FF24
:10DAE0006846D821F1F79EFF002037B0BDE8F08FDF
:10DAF0009FED174B0FF2980BDBE900AB0FF2980983
:10DB0000D9E9008926A1D1E9000127A3D3E900239F
:10DB10009FED115B9FED126B9FED137BC0E76FF0E4
:10DB20008600E2E7AFF30080D89E05C15D9DBBCBC8
:10DB300007D57C362A299A6217DD70305A0159912F
:10DB400039590EF7D8EC2F15000000000000000036
:10DB500008C9BCF367E6096A3BA7CA8485AE67BB00
:10DB60002BF894FE72F36E3CF1361D5F3AF54FA52B
:10DB7000310BC0FF6726336711155868874AB48E8A
:10DB8000A78FF9640D2E0CDBA44FFABE1D48B547D4
:10DB9000D182E6AD7F520E511F6C3E2B8C68059BE7
:10DBA0006BBD41FBABD9831F79217E1319CDE05B9F
:10DBB0000838C0B203289ABF024B53F82000002057
:10DBC000704700BFA88E060C0C220021F0F7D8B8D1
:10DBD00010B5044600B30368F3B1406860B11B7828
:10DBE000083B032B05D8DFE803F002021414FEF70C
:10DBF0001BFF6068F1F700FFA06820B123689978E7
:10DC00004900F1F71BFF2046BDE810400C21F1F759
:10DC100009BFFFF777FDECE710BD38B515460446A0
:10DC200020B319B30023C0E900138360F2B90B7865
:10DC3000083B032B1AD8DFE803F002020F0F6C2118
:10DC40000120F1F7D3FE606018B96FF08C0528460B
:10DC500038BDFEF7E5FEFAE7D8210120F1F7C6FE50
:10DC600060600028F1D0FFF749FDF0E76FF086050E
:10DC7000EDE7A8B103689BB11B78083B032B0FD8D5
:10DC8000DFE803F00206080C01214068FEF7D6BE6B
:10DC90000021FAE701214068FFF73EBD0021FAE7C5
:10DCA0006FF08600704730B1036823B11B78092BF1
:10DCB00004D8072B08D86FF0860070470A3B012B69
:10DCC000F9D84068FFF7C0BD4068FEF705BF30B126
:10DCD000036823B11B78092B04D8072B08D86FF0F1
:10DCE000860070470A3B012BF9D84068FFF7FDBD5D
:10DCF0004068FEF731BF10B40446084611461A4684
:10DD0000ACB12378083B032B11D8DFE803F00207FE
:10DD1000090E01235DF8044BFEF7AEBF0023F9E7BF
:10DD200001235DF8044BFFF797BE0023F9E76FF07E
:10DD300086005DF8044B704700B14078704710B51D
:10DD4000044689780220F1F751FEA06028B92046E8
:10DD5000FFF73EFF6FF08C0010BD0020FCE72DE9BF
:10DD6000F04F0E461746054695B0002800F0938008
:10DD70000368002B00F08F808268002A00F08B80FF
:10DD80009A78BA4214D2FFF774FF044600283CD1B7
:10DD90003A4631462846FFF786FF0446A8BB284688
:10DDA00004A9FFF794FF044678BB2B6804AE5F78A4
:10DDB000D5F808809A783621404608EB020AEFF73A
:10DDC000DFFF2B685C2150469A78EFF7D9FF0024DB
:10DDD00004F1040B5F4508EB04091ED2A74233D8B7
:10DDE000002404F1040B5F450AEB040934D2A74276
:10DDF00049D82846FFF73DFF044630B92B68414615
:10DE000028469A78FFF74FFF0446402104A8F1F70F
:10DE100009FE204615B0BDE8F08F0422494603A84C
:10DE2000EFF789FF039B3119042203A80193EFF751
:10DE300082FF039A019B48465A40039203A9042299
:10DE4000EFF779FF5C46C3E7325D99F800300134A3
:10DE5000534009F8013BC1E70422494603A8EFF704
:10DE60006AFF039B3119042203A80193EFF763FFB4
:10DE7000039A019B48465A40039203A90422EFF7F4
:10DE80005AFF5C46ADE7325D99F8003001345340EB
:10DE900009F8013BABE76FF08604BAE710B438B17C
:10DEA00004682CB183681BB15DF8044BFFF7FBBE1F
:10DEB0006FF086005DF8044B7047F0B50D460446E0
:10DEC00091B000B30368F3B18668E6B169469F7804
:10DED000FFF7FDFEA8B92046FFF7CBFE88B92368FF
:10DEE00020469A78F119FFF7DEFE50B9236869469B
:10DEF00020465A78FFF7D7FE18B929462046FFF783
:10DF0000E6FE11B0F0BD6FF08600FAE738B50446C2
:10DF100070B1036863B1856855B1FFF7AAFE48B9CF
:10DF20002368294620469A78BDE83840FFF7BBBEF3
:10DF30006FF0860038BD036870B5CD1A002D02DC85
:10DF40006FF05F0070BD93F900601C78002E0ADB53
:10DF50005C1C04601B7813600368C91A13688B4249
:10DF6000EED80020EEE704F07F04661E032E0CD8E6
:10DF7000A542E5DD00250133013C15600360EBD3CC
:10DF800013F8016B46EA0525F6E76FF06300D9E761
:10DF900070B404680E1B002E07DD26789E4208D15F
:10DFA0000134046070BCFFF7C6BF6FF05F0070BC47
:10DFB00070476FF06100FAE773B51D46134601AA7A
:10DFC0000446FFF7E5FF18B9019A1AB96FF063002C
:10DFD00002B070BD236893F90030002BF6DB0146D8
:10DFE00023681E7846B1E1B9042AEFD80BD193F922
:10DFF0000030002B07DAE9E70133013A4FF0010165
:10E000002360EDD1019200232B60019B013BDFD304
:10E0100022682E6812F8011B41EA0621296022605D
:10E02000F4E70192E0E713460222FFF7C5BF7F2A1B
:10E03000034610B51AD914460120240A00F1010044
:10E04000FBD11C68641A844212DB19684C1E1C60E8
:10E0500001F8012C120AF8D1012806D01A68511EC5
:10E06000196000F17F0302F8013C10BD0120E8E7D0
:10E070006FF08900F9E70368591A0029C1BF03F15D
:10E08000FF310160012003F8012CD8BF6FF0890037
:10E0900070472DE9F04106460F4615469846FFF7B2
:10E0A000C6FF041E03DA6FF08900BDE8F081424626
:10E0B00039463046FFF7DFFF002805F10105F2DBA6
:10E0C0006019F2E7F0B4144600250668721A002AB7
:10E0D0001CDD771E076006F8014C2412002C05F1A8
:10E0E000010211DC046894F90060002E08DA621A5B
:10E0F000002A0BDD621E0260002204F8012CAA1C1B
:10E10000DBB2F0BCFFF7C5BF1546DEE76FF0890054
:10E11000F0BC70470223FFF7D5BF002370B51C4643
:10E120001E1DB24205D293420BD3A0B240EA144066
:10E1300070BDC5182D680B441B686B401C433346EB
:10E14000EEE7C55CCE5C013375402C43EBE72DE96F
:10E15000F047002701F1FF3CA1EB020A00EB0C0E97
:10E160008F4201D1BDE8F0873B46544693EA04054F
:10E170001B1BAB432C402343DB170024A44506D8CC
:10E180009EF80040013723408EF80030E8E7065D36
:10E1900004EB0009013410F804801D4642462E406D
:10E1A000ED4315403543EDB289F80050E6E72DE91F
:10E1B000F74F0746884691461D4606460024F6431B
:10E1C000002B08BF0D460C9B04F1040A534505D2F1
:10E1D0000C9B9C4220D303B0BDE8F08F042209EBD6
:10E1E00004010DEB0200EFF7A6FD019A291907EAD9
:10E1F000020B04220DEB0200EFF79DFD019A08EBE4
:10E200000400324042EA0B02019204220DEB0201AB
:10E21000EFF791FD5446D6E719F804302A5D3B40EC
:10E220003240134308F804300134D1E72DE9F743B5
:10E2300000230C461546C643A1F104091F1DAF4239
:10E2400006D923441A1B954215D803B0BDE8F083C4
:10E25000042209EB070841460DEB0200EFF76BFDC6
:10E260000422019B404633400DEB02010193EFF77E
:10E2700062FD3B46E2E71A78324003F8012BE1E702
:10E2800030B5084B1C6814B96FF0850006E01D7AA4
:10E29000854204D100205B680C60136030BD0C33F4
:10E2A000F0E700BFC48E060C084608B51146F5F726
:10E2B000BCF9002818BF6FF0930008BD30B5C16FDE
:10E2C000044601F00303032B85B006D1826A3AB9F4
:10E2D000436B023B012B1AD80262002005B030BD0F
:10E2E000056B2378681E0343606A023A003818BF42
:10E2F000012043EA80130020520843EAC20323703E
:10E30000236AC2B2954200F1010006D853B141F030
:10E3100010016FF08600E167E0E7C2F10F02A3543D
:10E320001B0AEEE703AB009310222346214604F1BB
:10E33000380000F04FFC0028D0D0E36F43F010030A
:10E34000E367CBE72DE9F04F89B004AF04460D46F3
:10E3500090460021102238469946EFF711FD002320
:10E360001022029302AB0093A1183B4604F138003F
:10E3700000F030FC064658B1E36F43F01003E3674A
:10E3800038461021F1F74EFB304609B0BDE8F08F5A
:10E3900004463D4404F1040AD04509D2A045EFD912
:10E3A00019F804302A5D5340129A13550134F5E7E9
:10E3B00009EB0401042203A8EFF7BDFC291904228C
:10E3C00003A8DDF80CB0EFF7B6FC039A129B8BEABA
:10E3D000020203921819042203A9EFF7ACFC544679
:10E3E000D8E780220021EFF7CBBC2DE9F0410446AD
:10E3F00017460846012219461E4600F00DFB054649
:10E40000A8B1037903F01F03102B10D13834204634
:10E4100000F024FB2946204600F03CFB48B9324678
:10E4200039462046BDE8F041012300F053BB6FF0B0
:10E430008600BDE8F08110B5044640B1383000F0E8
:10E440000DFB2046BDE810408021F1F7EBBA10BD6E
:10E45000F8B51D46073B062B0446164629D8C5F1DC
:10E460000F0300F1100741630363102200213846B7
:10E47000EFF786FC236B2A46013B2374314604F1F7
:10E480001100EFF758FC681C226B00213844EFF7AD
:10E4900077FC01232A46E377E0183146EFF74BFC7F
:10E4A000E36F204643F00103E367BDE8F840FFF760
:10E4B00005BF6FF08600F8BD022B30B412D0102BD0
:10E4C00010D813F001050DD1B1F57F4F0AD2C0E984
:10E4D0000A3530BCC36FC0E9082143F00203C367AB
:10E4E000FFF7ECBE6FF0860030BC70472DE9F04FAF
:10E4F000C36F044613F0100A8B46154689B04AD103
:10E50000002A40D0180746D45907626A3FD4954282
:10E5100041D8217843F0040381EA12212170617807
:10E52000E3674A406270E36A0027023303F00F0892
:10E53000C8F11006AE4228BF2E4604EB0803049330
:10E540003B1D0393B342049B03EB070926D9BE424C
:10E550003CD8E36AAD1B3344B3444644102EE36217
:10E5600002D0626A93423AD106AB0093102223464E
:10E57000214604F1380000F02DFB80B38246E36FA2
:10E5800043F01003E367504609B0BDE8F08FE36A3B
:10E590002B449342C7D96FF0860AF4E70422494618
:10E5A00007A8EFF7C8FB079B0BEB0701042207A89E
:10E5B0000593EFF7C0FB079A059B4846534007A910
:10E5C00004220793EFF7B7FB039FB9E71BF8072077
:10E5D00099F800300137534009F8013BB7E7002DA7
:10E5E000A1D1E26A636A9A42CDD1E36FE56243F05A
:10E5F0000803E367C7E72DE9F04F8DB00393C36FBE
:10E600000446DB068946174600F1F180836A2BB188
:10E61000C36A1344026A934200F2E980169B9F4248
:10E6200000F2E580179B1F600FB9BA46ACE0E36AC1
:10E6300003F00F08C8F11005BD4228BF3D462B442A
:10E64000E362636B23F00203012B4CD0666B36F060
:10E65000020632D108AB00932A464B46414620467B
:10E66000FFF770FE8246002840F08E8004EB08031E
:10E670000493049B06F1040B5D4503EB060A80F04E
:10E680008B8008A9B54200F29F802A460398EFF7D5
:10E6900052FB08EB0503102B04D0E26A236A9A426E
:10E6A00040F09F8006AB009310222346214604F1E0
:10E6B000380000F08FFA824690BBA844B8F1100FE2
:10E6C00040F08A800021206BCBB2984240F28980D2
:10E6D000C3F10F0323441A7C01310132D2B21A7400
:10E6E000002AF1D07DE0002604EB080B331D9D428B
:10E6F0000BEB060A19D2B54231D808EB0503102BF3
:10E7000003D0E26A236A9A4232D106AB0093102208
:10E710002346214604F1380000F05CFA824638B303
:10E72000E36F43F01003E3672EE00422514607A88D
:10E730000593EFF700FB079B09EB0601042207A8EE
:10E740000493EFF7F8FA079A049B50465A40079251
:10E7500007A90422EFF7EFFA059B1E46C6E719F852
:10E7600006209AF80030013653400AF8013BC2E710
:10E77000039B2A46009341464B462046FFF7E2FDA5
:10E78000824600283FF462AF102108A8F1F74AF949
:10E7900050460DB0BDE8F08F0422514607A8EFF7B0
:10E7A000CAFA079B0422059308AB991907A8EFF74B
:10E7B000C2FA079A059B5046534007A904220793C3
:10E7C0005E46EFF7B8FA54E79AF800308A5D0136F2
:10E7D00053400AF8013B55E7E26A236A9A423FF444
:10E7E00071AF039B7F1B2B44A94403931CE76FF07D
:10E7F000860ACDE7C36FF7B51746DA0604460E461C
:10E800003AD403F00302032A39D1426A0AB11B0742
:10E8100035D5236A13B1E26A934230D1A36ABB4271
:10E820002DD100221046216BD3B28B4202F101029E
:10E830001DD323461022002120460094FFF782FDBD
:10E84000054688B926B13A4621463046EFF773FAB5
:10E850000026102231462046E667EFF791FA102293
:10E860003146A018EFF78CFA284603B0F0BDC3F18B
:10E870000F0323441874D7E76FF09605F4E76FF0A1
:10E880008605F1E72DE9F04F85B01546DDE90FB7B4
:10E89000DDE9119ADDE913861A460E9B0446FFF75F
:10E8A000D7FDF0B933462A4639462046FFF704FE25
:10E8B000B8B93A4659462046FFF718FE88B903AB67
:10E8C000CDE900532A46534649462046FFF793FEBA
:10E8D00038B932464146204605B0BDE8F04FFFF753
:10E8E00089BF05B0BDE8F08F10B588B00F9C0694C5
:10E8F0000E9C05940D9C04940C9C03940B9C029418
:10E900000A9CCDE9003413460A460121FFF7BAFFFD
:10E9100008B010BDF0B50C468DB01499159D03914B
:10E920001399179F0291129908AECDE90031CDE9F4
:10E9300004561346002122460697FFF7A3FF58B955
:10E940003A4631461698FFF7E8FB28B1284621469B
:10E95000F1F768F86FF094000DB0F0BD10B5002429
:10E96000891AE3B2994204F1010400D810BD0344AE
:10E970009954F6E720B11AB1002011601860704771
:10E980006FF0860070472DE9F04791469A460028BF
:10E990003FD0002A3DD0441814F8016C0D4634468F
:10E9A00095EA04072D1BBD433C402543ED17344633
:10E9B0000027BC4684EA0C0463421C43E41765EA62
:10E9C0000405A1EB060C8F420DD100202946044618
:10E9D00063460C40C94319402143C9F80010CAF8E6
:10E9E0000050BDE8F08764463B4693EA04021B1BD7
:10E9F000934314402343DB179E46C45DB04684EA2C
:10EA0000080463421C43E41724EA0E04254301373B
:10EA1000D9E76FF08600E4E7F0B504460B4B0C4EE7
:10EA2000586800B9F0BDC579C5F3840556F825507E
:10EA30002D78A54208D1457905F00F07B1EB871F66
:10EA400002D1B2EB151FEDD00833E9E70C8F060CAD
:10EA5000008F060C44220021EFF792B910B504464E
:10EA6000A8B1006C10B12421F0F7E8FFE06B40B1D1
:10EA70002368074ADB79C3F3840352F823305B6AC7
:10EA800098472046BDE810404421F0F7CBBF10BDA9
:10EA9000008F060C38B505460C46A9B1442200216A
:10EAA000EFF76EF9E3790A4AC3F3840352F823308F
:10EAB0001B6A13B900202C6038BD9847E863002812
:10EAC000F8D16FF08C00F7E76FF08600F4E700BF35
:10EAD000008F060C70B4DCB2012C25D804681CB37E
:10EAE000E57905F00305012D05D8657905F00F05D9
:10EAF000B2EB851F18D10372E5790D4EC5F384057D
:10EB0000012B426056F82550C06B08D0637903F0A2
:10EB1000F004302C03D003F0E003402B02D1AB69AA
:10EB200070BC1847EB69FBE76FF0860070BC70475C
:10EB3000008F060C03682DE9F04104460E46154689
:10EB40001BB96FF08600BDE8F081102A3DD8DA7954
:10EB5000D20714D41A795209B5EB820F4FEA820713
:10EB6000EFD35B7903F0F003602B0AD12B463246DA
:10EB700094F90810E06BBDE8F04101F01BB92F4695
:10EB8000EFE7902B16D10023E06B1A461946FFF7EA
:10EB900093FC0028D7D194F908304BB1012BD0D188
:10EBA00003212B463246E06BBDE8F041FFF750BC35
:10EBB0000221F6E70FB90020C5E73A46314604F1D5
:10EBC0002800EFF7B8F8A763F5E70148BBE700BFF7
:10EBD000809FFFFF2DE9F04FD0F800C087B00446BA
:10EBE00015469A46DDF840800591BCF1000F04D12E
:10EBF0006FF0860007B0BDE8F08F00209CF804603D
:10EC0000C8F8000016F01F0600F00F819CF8050000
:10EC100000F0F000102815D1B24240F00881C8F889
:10EC200000209CF807208449C2F3840251F8222076
:10EC3000E06B556894F90810AC46059A07B0BDE83A
:10EC4000F04F6047602805D1CDE90028E06B01F066
:10EC500025FACFE7902805D1CDE90028E06BFFF732
:10EC6000CAFCC7E7059B534508D1636A002BBFD197
:10EC7000B2FBF6F306FB1323002BB9D1202840F09A
:10EC8000878094F90830D4F824908BB9E268A6EB19
:10EC900009038AB1AB4211D309F114002A46059940
:10ECA0002044EFF748F8636A2B4463620020A1E731
:10ECB000012B03D1A6EB0903AB42EDD8B9F1000F4C
:10ECC0002CD0A6EB090B09F114005A4605992044F3
:10ECD000EFF731F8234653F8142B5749D279CDE991
:10ECE000003AC2F3840251F82220E06B936894F951
:10ECF00008101F46324604F12803B84700287FF465
:10ED000079AFD8F80030A9443344C8F80030059BE7
:10ED1000B2445B4460620593A9EB0605002DC5D0A3
:10ED2000B5FBF6F906FB1959B9F1000F06D194F9B4
:10ED300008301BB9E368002B18BFB146059BA5EB53
:10ED4000090559194A4604F11400EEF7F4FF636A05
:10ED50004B446362002DA9D02368374ADB79CDF894
:10ED600004A0C3F3840352F82330059A00929E68EE
:10ED70002A4694F90810E06B04F12803B0470028F4
:10ED80007FF438AFD8F800302B44C8F8003031E7B2
:10ED900030281BD19CF80730274AC3F3840352F86C
:10EDA0002330059ACDF808A0019204F128020092C0
:10EDB000DE682A4694F90810E06B04F12403B0479A
:10EDC00000287FF417AFC8F8005013E7402813D18C
:10EDD0009CF80730184AC3F3840352F82330059A8D
:10EDE000CDF804A000921E692946E06B04F12803C7
:10EDF00004F12402B047E3E750281AD19CF8073009
:10EE00000D4AC3F3840352F82330059ACDF808A0C5
:10EE1000019204F1140200925E692946E06B04F14C
:10EE2000280304F12402B047CAE70448E2E6044894
:10EE3000E0E60448DEE600BF008F060C809CFFFF82
:10EE4000809DFFFF809FFFFF2DE9F341154602687B
:10EE500004460E461F4622B96FF0860002B0BDE898
:10EE6000F081002351792B603B6001F0F003202BEF
:10EE70000CD101690029EFD091794639012913D9C4
:10EE8000102B13D1636A7BB13048E7E701F0B00083
:10EE9000302809D001F0E001402905D0602B03D0D3
:10EEA000902B01D0A02BE7D10020D7E7202B4BD10E
:10EEB00094F90830606A012B37D1E36813B9002850
:10EEC000F2D0E1E7A16B04F1140C11B911794909F1
:10EED0008900024660469847234653F8281B1C4881
:10EEE0000A79C9790196C1F3840150F8211004F11F
:10EEF00014000090D1F80880E06B94F9081002F03B
:10EF00001F02C0470028A9D194F908302168ABB985
:10EF1000246911B1097901F01F013B462A463046A8
:10EF2000A44602B0BDE8F0416047137903F01F0327
:10EF30009842D1D0E368002BC1D0A5E711B109797F
:10EF400001F01F012960AFE7024887E7809DFFFFBE
:10EF5000008F060C809FFFFF03689BB15B7903F075
:10EF6000F003202B0ED119B1012907D007487047B3
:10EF7000074BC360074B0361002070470023C36049
:10EF8000054BF8E76FF08600704700BF809FFFFFDA
:10EF90005DE9050C87E9050C75E9050C10B504461B
:10EFA00001F024FA2046BDE81040F0F725BD10B569
:10EFB0004FF4C8710120F0F719FD044608B100F0C4
:10EFC000EDFD204610BD13460A46022100F0EBBDC0
:10EFD00010B50446FFF72FFA2046BDE81040F0F7C1
:10EFE0000BBD10B580210120F0F700FD044608B1EB
:10EFF000FFF7F7F9204610BD13460A460221FFF736
:10F00000F4B910B5044602F03EF82046BDE81040C1
:10F01000F0F7F2BC10B54FF48C710120F0F7E6FC6C
:10F02000044608B102F02AF8204610BD02F010B9DB
:10F0300002F030B802F082BA02F05BBA02F01DBAF8
:10F0400002F09DB902F08AB9F7B504460E460027D2
:10F050000C25042271190DEB0200EEF76CFE019AEB
:10F060003B4611BAC2F3C017042243EA41031BBA5C
:10F0700060190DEB0201043D0193EEF75CFE2B1DC0
:10F08000E7D13378DB095A421343DB170020E27BD8
:10F0900003F087035340E37303B0F0BD38B5054672
:10F0A00018B96FF08604204638BD0468002CF8D0EB
:10F0B0000029F6D00123FFF70DFD04460028F2D108
:10F0C0002B68002BEDD09B79023B022BE9D8242141
:10F0D0000120F0F78BFC20B110212864F0F7A2FC8E
:10F0E000E1E76FF08C04DEE72DE9F04F8846174624
:10F0F000814687B0002800F0A1800368002B00F053
:10F100009D80002900F09A80046C002C00F096800D
:10F110001D79206A05F01F0500B32A1ABA421DD2D4
:10F1200010302044EEF707FE002304F1100603F12F
:10F13000040BAB4529D923441A1B95423FD804AB95
:10F1400000932A46234621464846FFF743FDC8B9A7
:10F15000236A2062EA1A3B4490445F1B6B1E3B44C7
:10F16000B3FBF5FB4FF0010ADA455DD34FB1206ADE
:10F170003A46103041462044EEF7DDFD236A3B4419
:10F180002362002007B0BDE8F08F3146042205A8B5
:10F19000EEF7D1FDA6F1100A059B0422514605A801
:10F1A0000293EEF7C8FD059A029B50465A4005921D
:10F1B00005A90422EEF7BFFD04365B46B7E71A7CCB
:10F1C00019784A4003F8012BB6E708EB0601042240
:10F1D00005A826440393EEF7AEFD059B31460422B5
:10F1E00005A80293EEF7A7FD059A029B30465A4008
:10F1F000059205A90422EEF79EFD039B1E46331DD2
:10F200009D42E2D2A319AE4210D304AB00932A462A
:10F21000234621464846FFF7DDFC0028B2D17F1B7C
:10F22000A8440AF1010A9FE70026E8E718F806104B
:10F230001A7801364A4003F8012BE4E76FF08600A4
:10F24000A0E72DE9F04F95B080460391002800F02B
:10F25000F2800368002B00F0EE80056C002D00F0BA
:10F26000EA80002900F0E7800DF1200910214846CE
:10F270001C7910AEF0F7D6FB10210CA8F0F7D2FBEA
:10F2800010213046F0F7CEFBD8F8007004F01F04D0
:10F2900017B13F7907F01F0707AB00933A46334693
:10F2A00031464046FFF796FC48B9102F07D131464A
:10F2B0004846FFF7C9FE49460CA8FFF7C5FE304691
:10F2C0001021F0F7AFFB286A05F1100AA04280F088
:10F2D00091803146002398423FD91AF80320013328
:10F2E0009C4201F8012BF6D8002707F1040B5C457E
:10F2F00038D210AB3B440CA9A7424ED3002707F1EC
:10F30000040BA34578D9EB1910A9A742C0F08C8053
:10F3100007AB009322462B4629464046FFF75AFC8E
:10F32000064620B9224629460398EEF704FD10212F
:10F330004846F0F777FB10210CA8F0F773FB002389
:10F34000102150462B62F0F76DFB10212846F0F794
:10F3500069FB304615B0BDE8F08F0CBF01220022DA
:10F36000D201BCE7F3191946042207A80593EEF76A
:10F37000E2FC079B042204930CABD91907A8EEF713
:10F38000DAFC079A049B07A95A40059B0792184686
:10F390000422EEF7D0FC5F46A7E71A78785C0137C5
:10F3A000424003F8012BA7E70AEB0701042207A854
:10F3B000EEF7C1FC079B09EB0701042207A80493A1
:10F3C000EEF7B9FC079A049BF0195A40079207A977
:10F3D0000422EEF7B0FC5F4607F1040B5C45E3D274
:10F3E000A7428BD21AF8073019F807205340F3557B
:10F3F0000137F5E70027EFE7F119042207A8EEF738
:10F400009AFC2F44079B3946042207A80493EEF781
:10F4100092FC079A049B38465A40079207A9042297
:10F42000EEF789FC5F466AE7785C1A78013742405C
:10F4300003F8012B69E76FF086068AE7F8B5046CDC
:10F440000E460734E4089C4228BF1C461146054678
:10F4500022463046F4F7F7FF0746C8B92B6CE100A7
:10F46000B3EBC40F0DD3343529463046F5F766F8B3
:10F4700000280DDB2A4631463046BDE8F840F5F756
:10F4800094B93046C91AF5F721F80028EBD00746A1
:10F490003846F8BD072803D0093818BF0120704747
:10F4A000002070472DE9F04F054691B000788B465B
:10F4B00014461F46FFF7EEFF002800F08F806B6BAD
:10F4C000002B00F08B8001213846F5F77FF80028EB
:10F4D00004DA444E304611B0BDE8F08F05F134082F
:10F4E00041463846F5F72AF80028F2DA4FF00B09C2
:10F4F0000AA8F7F74EFB06A8F4F7F6FD08A8F4F7FC
:10F50000F3FD05F11C0305934FF00B0ADDE91C2305
:10F51000284606A9F8F770FB0646002850D11F9B25
:10F52000029001931E9B2846009306AA059B0AA9F8
:10F53000F8F74AFB0646002842D1424658460AA937
:10F54000F5F7FCFB064600283AD101465846F5F788
:10F550003DF800283ED02846DDE91A2308A9FFF728
:10F560006DFF064660BB3A4659462046F5F751F90D
:10F57000064628BB08A922460846F5F713F90646B1
:10F58000F0B94346214606AAF5F757FD0646B8B935
:10F590002146204608AAF5F73CF9064680B94246BE
:10F5A00021462046F5F7CAFB064648B90021204609
:10F5B000F5F70CF820B9B9F10109A5D16FF0930660
:10F5C0000AA8F7F723FB06A8F4F793FD08A8F4F7B9
:10F5D00090FD7FE7BAF1010A98D1EFE76FF0860658
:10F5E00078E700BF80B3FFFF70B5002688B0DDE983
:10F5F0000E45CDE9035402940D9CCDE905560194C6
:10F600000C9C0094FFF74EFF08B070BD2DE9F04F41
:10F61000C7B0046C05469DF84801894692461F46CE
:10F62000FEF7C6FA07348046E408002847D00AA847
:10F630000CAEF4F759FD0DF1940B304600F0E3FEEB
:10F64000224659463846F4F71CFF034658BBDDE90D
:10F65000502328460AA9FFF7F1FE034618BB2246AD
:10F660000BEB04010AA8F4F70CFF0346D8B96300BA
:10F670005A464146304600F085FF034698B9559BEF
:10F6800052460693549B49460593539B2846CDE921
:10F6900003630C4B0293519B0193509B00933B4699
:10F6A000FFF700FF03463046099301F001F80AA86E
:10F6B000F4F71FFD099B184647B0BDE8F08F6FF0C7
:10F6C0008603F8E7A106060C10B5002486B0059461
:10F6D0000C9C04940B9C03949DF828400294099C74
:10F6E0000194089C0094FFF791FF06B010BD2DE92E
:10F6F000F047054692B00CA80C46DDE91A6992461F
:10F700009846F7F746FA04A8F4F7EEFC06A8F4F7D3
:10F71000EBFC08A8F4F7E8FC0AA8F4F7E5FC287865
:10F72000FFF7B8FE002800F089806B6B002B00F01B
:10F73000858001213046F4F749FF002813DB05F1ED
:10F74000340739463046F4F7F9FE00280BDA012178
:10F750004846F4F73BFF002805DB39464846F4F7F6
:10F76000EDFE002814DB6FF094040CA8F7F74EFAB6
:10F7700004A8F4F7BEFC06A8F4F7BBFC08A8F4F74D
:10F78000B8FC0AA8F4F7B5FC204612B0BDE8F08733
:10F7900022465346284604A9FFF750FE0446002897
:10F7A000E3D13B464A4606A9F5F747FC0446002844
:10F7B000DBD106AA04A908A8F5F72BF8044600280F
:10F7C000D3D108A93A460846F5F7B8FA0446002806
:10F7D000CBD10DF128093146484606AAF5F719F8AC
:10F7E00004460028C1D13A4649464846F5F7A6FAEC
:10F7F00004460028B9D1CDE90180CDF80090284613
:10F8000005F11C0308AA0CA9F8F79FF90446002883
:10F81000ABD10CA8F7F77FFC0028A4D10CA93A467D
:10F820000846F5F78BFA044600289ED131460CA80D
:10F83000F4F784FE0446002897D094E76FF086041E
:10F84000A2E71FB500240294079C0194069C009433
:10F85000FFF74DFF04B010BD2DE9F04F90F889314E
:10F8600004460D46904689B0002B40F0D580CA7BF7
:10F8700000F1480702F00F01080107EB0111D1E97F
:10F8800002C638584FEA1C1E4EEA067E360946EA82
:10F890000076CDE906E6624E49680CF00F0C36F8AA
:10F8A0001C60000940EA017002F0F002090981EAD7
:10F8B0000641BE181F46CDE904010DF1100A0AEBFE
:10F8C000070B0422594602A8EEF735FAF119042273
:10F8D00002A8DDF80890EEF72EFA029B042289EACE
:10F8E0000303584602A904370293EEF724FA102FB7
:10F8F000E5D105F10F0919F8012DDDE906761309A7
:10F9000000933B0943EA06733609DDE9040146EA40
:10F910000076CDE90636424B07F00F0733F8176043
:10F92000000940EA0170090981EA0641002602F057
:10F930000F0204EB0212CDE9040102F14803019326
:10F940000AEB060B0422594602A8EEF7F4F9019BD4
:10F950000422991902A8029FEEF7EDF9029A58467F
:10F96000574002A9042204360297EEF7E4F9102E5C
:10F97000E6D1DDE90660DDE90412370947EA0077E0
:10F98000274B000940EA017006F00F06CDE906702A
:10F9900033F816000026090941EA02711209009B9A
:10F9A00082EA0042CDE9041204EB031748370AEB60
:10F9B000060B0422594602A8EEF7BDF9029BB919BD
:10F9C000042202A80093EEF7B6F9029A009B58466B
:10F9D0005A40029202A904220436EEF7ACF9102E26
:10F9E000E5D14D4587D1049B059A1BBA12BACDE9E2
:10F9F0000223082240460DEB0201EEF79CF9069B1C
:10FA0000079A1BBA12BACDE9022308220DEB0201B4
:10FA100008EB0200EEF78FF909B0BDE8F08F00BFE8
:10FA20000C91060C2DE9F04F1D46002387B004937E
:10FA300004AB00930E460B46924600F5B4711022BB
:10FA40000446FFF7C7F8814638B110213046EFF77A
:10FA5000E9FF484607B0BDE8F08F94F88831FBB164
:10FA60000027564407F1040B5D4548D2BD425FD8DC
:10FA700094F88831012BECD1002704F5BC74544470
:10FA800007F1040A554504EB070659D2BD42E0D9F7
:10FA9000119A3378D25D0137534006F8013BF5E700
:10FAA000074604F5BC7303EB0A0B3B1D9D420BEBB1
:10FAB00007080AD2BD42D3D9109A98F80030D25D17
:10FAC0000137534008F8013BF4E70422414605A8FA
:10FAD0000393EEF730F9059B04220293109B05A8CF
:10FAE000D919EEF728F9059A029B40465A4005922B
:10FAF00005A90422EEF71FF9039B1F46D5E7F1196C
:10FB0000042205A8EEF717F9109B0422D91905A8BD
:10FB1000DDF81480EEF70FF9059B042288EA030351
:10FB20000593119B05A9D819EEF705F95F4699E7EA
:10FB3000109AF35DD25D5340119AD355013795E782
:10FB40000422314605A8EEF7F6F8119B0422D919D4
:10FB500005A8DDF81480EEF7EEF8059B042288EA8C
:10FB60000303304605A905935746EEF7E4F887E707
:10FB7000042213B500F10C0421460DEB0200EEF750
:10FB8000DAF80422019B20461BBA01331BBA0DEBA5
:10FB900002010193EEF7CFF802B010BD4FF4C87226
:10FBA0000021EEF7EDB82DE9F04F1E4623F040039B
:10FBB000802B0446904608468FB008D0B6F5807F6B
:10FBC00005D06FF0860528460FB0BDE8F08F012202
:10FBD0003146FEF721FF05460028F2D0077907F0ED
:10FBE0001F07102FEDD12046FEF738FF294620468B
:10FBF000FEF750FF05460028E5D101233246414675
:10FC00002046FEF767FF05460028DCD101463A464C
:10FC10000AA8EEF7B5F807AB00930AAB3A461946C7
:10FC200020460795FEF7D6FF05460028CBD1DDE933
:10FC30000A23C4E93223DDE90C23C4E9342300227A
:10FC400000234FF0030A0427C4E91223C4E9142354
:10FC500084F8890104EB471101F148090822503169
:10FC600008A8EEF768F8099B089A1BBA12BA5B0855
:10FC700043EAC27352081BBA12BACDE9082308221C
:10FC80003E01483604EB060808A908EB0200EEF72F
:10FC900052F899F8072098F80830494643EAC21309
:10FCA00088F80830082208A8EEF745F8099B089A5A
:10FCB0001BBA12BA5B0843EAC27352081BBA12BAE3
:10FCC000CDE908234046082208A9EEF734F899F850
:10FCD0000F20A35D12F0010F0CBF00226FF01E0277
:10FCE000BAF1010A83EA0203A3554FEA6707B1D1CB
:10FCF0004FF00408082604EB0612936CD26C37010F
:10FD00001BBA12BA07F14800CDE9082308A9082256
:10FD10002044EEF710F8731D1A0104EB0313A258E8
:10FD20005B6812BA1BBA07F15000CDE9083208A986
:10FD300008222044EDF7FFFFB8F101084FEA6606FC
:10FD4000D9D14FF0030A4FF002084FEA081303F12C
:10FD500048024FF0010904EB020B04F1580721E0BF
:10FD60000026FA1804920BEB0601042208A805935A
:10FD7000EDF7E1FF089BB919042208A80393EDF7FA
:10FD8000DAFF089A039B08A95A40049B0892F018CE
:10FD900004220436EDF7CFFF102E059BE3D109F1C5
:10FDA00001091037C145DBDBBAF1010A4FEA480807
:10FDB000CBD108E72DE9F04F4FF000088DB0044695
:10FDC000894617461D46CDF81480002B00F09C8014
:10FDD00000F5B47610224146304604F5BC7BEDF7C1
:10FDE000CFFF102241465846EDF7CAFF00220023FC
:10FDF0000C2DC4E95223C4E9542384F8889113D10B
:10FE00002A4639463046EDF796FF012384F87731CC
:10FE100005AB009310223146204604F5AC73FEF783
:10FE2000D9FE0DB0BDE8F08F1022414608A8EDF7CD
:10FE3000A7FF6B0FEA0012BA1BBACDE9063206A97A
:10FE400008220AA8EDF777FF04F5B27A102DA8462C
:10FE50004FF0000328BF4FF0100803F10409C84514
:10FE60002FD203F267122244984546D832463146D3
:10FE70002046FFF7F1FCB5EB08054744E6D13746CD
:10FE800008AD3946042206A8EDF755FF294604229D
:10FE900006A8DDF81880EDF74EFF069B384688EA85
:10FEA0000303042206A904370693EDF744FF5F45D8
:10FEB00005F10405E5D1324631462046FFF7CCFC7A
:10FEC000A6E70AEB09031946042206A80393EDF7F7
:10FED00032FF069B391F0422494406A80293EDF71E
:10FEE0002AFF069A029B06A95A40039B06921846CF
:10FEF0000422EDF720FF4B46AFE7F85C12F8011F34
:10FF0000013341401170AFE76FF0860089E72DE9BA
:10FF1000F04F1446D0E954328846191952F10001C5
:10FF20004FF0000628BF0126054687B0002E40F09E
:10FF3000B280490F40F0AF8013F00F0A21D0CAF110
:10FF40001007A74228BF274600F5BC7B0BEB0A032E
:10FF50000193019A331D9F4202EB060930D2B7424A
:10FF600048D8BA44BAF1100F04D15A465946284627
:10FF7000FFF772FCD5E95432FB1842F10002E41B92
:10FF8000B8442746E31842F10002C5E9543205F5AA
:10FF9000BC790F2F37D814F00F070DD0002324F0B1
:10FFA0000F04444405F5BA791E1DBE4252D903F22E
:10FFB00077121544BB4267D3002007B0BDE8F08F2D
:10FFC0000422494605A80393EDF7B5FE059B08EB0F
:10FFD0000601042205A80293EDF7ADFE059A029BE7
:10FFE00048465A40059205A90422EDF7A4FE039B5A
:10FFF0001E46AEE718F8061099F8002001364A4070
:020000040C06E8
:1000000009F8012BABE7002608EB040BABEB070B61
:1000100009EB060A0422514605A8EDF78CFE059B64
:100020000BEB0601042205A80193EDF784FE059A67
:10003000019B50465A40059205A904220436EDF76B
:100040007AFE102EE4D14A4649462846FFF704FCC2
:10005000103F9EE709EB060A0422514605A8EDF77A
:100060006AFE211F0422314405A8DDF81480EDF753
:1000700062FE059B042288EA0303504605A9059306
:10008000EDF759FE33468FE7E25C15F8011F0133A7
:100090004A402A708EE76FF086008EE72DE9F04720
:1000A000144686B005460E461022002102A81F46BF
:1000B000EDF766FE0E9BA342C0F08D800F9B1C6087
:1000C000002C60D0BE4203D2BB1BA342C0F086808E
:1000D000D5E9523213EB040C52F100004FF000014D
:1000E00028BF0121002979D16FF01F0161454FF030
:1000F0000F01814172D3134309D1D5F850311B0749
:1001000005D005F5BC7211462846FFF7A5FBD5E9D9
:10011000521311F00F0921D0C9F11008A04528BFD2
:10012000A0464A4643462846CDE9006702A9FFF7A4
:1001300079FC48BBC144B9F1100F05D105F5BC727B
:1001400011462846FFF788FBD5E9521318EB010149
:1001500043F10003A4EB080446444744611843F10B
:100160000003C5E95213274406EB040805F5B479EA
:100170000F2CA7EB040AA8EB040608D8E4B9102159
:1001800002A8EFF74FFC002006B0BDE8F087484614
:10019000FFF7EEFC102300222846CDE9006A02A9F1
:1001A000FFF740FC0028EFD105F5BC721146284648
:1001B000FFF752FB103CDBE705F5B470FFF7D8FC06
:1001C000234600222846CDE9006A02A9FFF72AFC4F
:1001D0000028D4D0D8E76FF08900D5E76FF086000B
:1001E000D2E700222DE9F04F89B01A60D0E95231F0
:1001F0004FEAC109D0E9542649EA53794FEAC30AC4
:10020000F6000B430446DDE9128746EA52764FEAD0
:10021000C20B06D1120704D000F5BC721146FFF7DD
:100220001BFB3D1F0C2D00F29080D4F848311B07BA
:1002300005D004F5BC7211462046FFF70DFB3A4687
:10024000404604F5AC71EDF776FD4AEA0B0349EA46
:100250000602134303D1002009B0BDE8F08F10223D
:1002600000210DEB0200EDF78BFD36BA042203A945
:1002700004A80396EDF75FFD9BFA8BF3042203A914
:1002800005A80393EDF757FD99FA89F3042203A912
:1002900006A8039304F5BC79EDF74DFD9AFA8AF3AD
:1002A000042203A907A80393CA46EDF744FD04AE50
:1002B00004F5C47B5146042203A8EDF73CFD039BE3
:1002C0003146042203A80193EDF735FD039A019B03
:1002D00050465A40039203A904220AF1040AEDF79A
:1002E0002AFDDA4506F10406E4D120464A4649468D
:1002F000FFF7B2FA002408EB040A0422514603A8CF
:10030000EDF719FD09EB0401042203A8039EEDF7A4
:1003100012FD039B04225E40504603A90396EDF7AD
:100320000AFD234608339F4204F10404E3D225F07A
:10033000030304339F428ED918F8032019F80310E1
:100340004A4008F803200133F4E76FF0860083E7A2
:100350007FB515461A46089B0446FFF72BFD38B9B2
:10036000DDE909122046FFF7D2FD18B16FF08600D3
:1003700004B070BD03AE2A462046CDE900560C9B62
:100380000B99FFF78BFE0028F2D10D9B02460193DB
:100390000E9B0146009320463346FFF722FF0028BC
:1003A000E6D0E3E7F0B50C468DB01699159F0391A2
:1003B0001399179D0291129908AECDE90031CDE94C
:1003C00005761346002122460495FFF7C1FF58B970
:1003D0003A4631461498FDF7A0FE28B1284621463A
:1003E000EFF720FB6FF094000DB0F0BD10B50446A0
:1003F00040B1FEF733FB2046BDE810404FF4C87112
:10040000EFF710BB10BD10B5642200210446EDF7D4
:10041000B7FC42F21073A36510BD2DE9F047054605
:1004200092B000680F469046FDF786FC06469FB3E3
:10043000B8F1000F14BF4FF002094FF0010900237B
:100440006FF0860405F10C0A99458DF804301BD92C
:100450002846FDF75BFD0446B0B9324651462846B2
:10046000FDF71CFD044678B90122284601A9FDF7D5
:1004700015FD044640B9B9F1020F10D0284602A973
:10048000FDF71BFD044698B102A84021EFF7CAFA18
:10049000204612B0BDE8F0874FF00109CFE7424691
:1004A00039462846FDF7FAFC04460028E6D0EBE77B
:1004B0003246284602A9FDF752FC04460028E3D143
:1004C000324651462846FDF7E9FC04460028DBD1B8
:1004D00051462846FDF7F1FC04460028D4D19DF88A
:1004E00004300133DBB2AFE72DE9F0430446884620
:1004F00016469946006DE1B013B100EB400040088C
:10050000B6F5807F3BD83044B0F5C07F37D84FF484
:10051000C07200216846EDF733FC6946E56D226D37
:10052000206E6F46A84728B16FF00806304661B0CC
:10053000BDE8F083256DB9F1000F09D0E36D206EA1
:100540006A08791998470028EED1236D05EB530509
:10055000B8F1000F06D02EB1781932464146EDF7BA
:10056000EAFB35442A4639462046FFF756FF064641
:1005700000B9E06429463846EFF754FAD6E76FF041
:100580000406D3E72DE9F0411646002204460D4645
:100590001F46FDF742FBF0B929462046FDF7CFFB89
:1005A000C8B92846FDF7C8FB04F10C0802464146CD
:1005B0002046FDF7D4FB70B92846FDF7BDFB0121AD
:1005C00002464046EDF7DCFB3A4631462046BDE8A0
:1005D000F041FFF722BFBDE8F0810023FFF784BFA1
:1005E0002DE9F84F15460446006888461E460A9FC6
:1005F000FDF7A2FBB5F5806F81464BD8B7F5807F3C
:100600004BD8E36DD3B1636D012B03D0E26CA36DC6
:100610009A4213DB3A4631462046FFF7DEFFC0B967
:10062000074604F10C0AB5B93A4631462046FFF7B1
:10063000F4FE70B9E36C0133E3640AE0002EF0D0FD
:10064000002FEED03A4631462046FFF7E6FE00285E
:10065000E7D0BDE8F88F4D452046AB4628BFCB46D6
:10066000FDF754FC0028F4D14A4651462046FDF7D8
:1006700015FC0028EDD151462046FDF71EFC002850
:10068000E7D140465A465146EDF755FBD844A5EB15
:100690000B05C8E76FF00200DBE76FF00400D8E756
:1006A000002307B50093FFF79BFF03B05DF804FB41
:1006B00010B5044640B1FDF78BFA64212046EFF7F0
:1006C000B1F942F21073A36510BD00002DE9F04F9F
:1006D000ADF5077D06AC01230022274646A913F09D
:1006E000800F0CBF00201B2043F30605CA5480EA8C
:1006F0004500013204F8013BB2F5807F83EA000334
:10070000DBB2ECD101230022624813F0800F40F8E5
:10071000043B43F306040CBF00231B23013283EA8E
:1007200044030A2ADBB2F0D163235B4A0E461370FE
:10073000002315460120594C84F8633016F8013F18
:10074000C3F1FF03FB5C4FEAD31C4CEA430C4FFAA6
:100750008CFECCF3421848EACE0883EA0803CCF3B7
:10076000C0188EEA030348EA4E08CCF3811C83EAE2
:1007700008034CEA8E0C83EA0C03DBB283F06303BC
:10078000E0540130B0F5807F05F8013FD6D1FF2459
:100790008B7BDFF81CE102934B7ADFF818C10393DF
:1007A0004B7B3F4F0493CB7ADFF80CB105933D4B65
:1007B000DFF808A101933C4BDFF80491DFF8DC80FF
:1007C000009306A812F8013B13F0800F0CBF002124
:1007D0001B2143F3060581EA4501C9B203EB03255A
:1007E00041EA05254B40009985EA036341F8043B43
:1007F00000914FEA33614BF8041B4FEA33414AF84A
:10080000041B18F8011B4FEA332349F8043B002965
:100810003ED046AB5B5C03995918B1FBF4F5C5EBD0
:100820000525491B465C04995918B1FBF4F5C5EB45
:100830000525491B415C029D09041D4441EA06212E
:10084000B5FBF4F6C6EB0626AD1B455D6940059D7C
:100850002B44B3FBF4F5C5EB05255B1BC35C1B0602
:100860004B40019941F8043B01914FEA33614EF846
:10087000041B4FEA33414FEA332347F8043B0B4B49
:100880004CF8041B93429DD10DF5077DBDE8F08F18
:100890000B46E5E7E8090430102B0430101A043049
:1008A000100A04301016043010270430102C0430C5
:1008B00010120430100E043010230430101F0430C6
:1008C000101B04302DE9F04FD0F8048097B000F1F0
:1008D0000807054601920EA804220E46EDF72BFAF2
:1008E00057F828300E9A07EB88045340042200275B
:1008F000B1180DA80E93EDF71EFA0D9A636806F174
:10090000080153400DA804220F93EDF714FA0D9A35
:10091000A36806F10C0153400DA804221093EDF7D3
:100920000AFA0D9AE368DFF86CC3534003932B680F
:10093000DFF864E35B10013B02930E9BDFF85C83FE
:100940000493109BDFF8449305930F9BDDE90301AB
:10095000069304F130030093DDE90523009C54E97C
:10096000085654E906A40794009C54F8104C0894C7
:10097000009C54F80C4C0994009C54F8084C0A94C0
:10098000009C2034009454F8244C0B94029C002CBE
:1009900000F3D4801FB9DDE90523DDE90301DFF8A9
:1009A000F8E2CCB21F0E5EF827705CF82440DFF846
:1009B000EC827C406540C0F3072458F82440B34FD4
:1009C0006540C2F3074457F824404FEA1269654076
:1009D000DCB25EF829905CF82440129584EA0904A0
:1009E0007440C1F3072658F826604FEA1069744036
:1009F000C0F3074657F826605EF829907440D6B2D7
:100A00005CF82660C0B286EA0906C3F3072958F8E5
:100A1000299086EA0A0686EA0909C1F30746090E03
:100A20005EF821105CF82000C2F3072248400799C5
:100A300058F82220C3F3074357F82330484050406A
:100A40005840934B220E995CEAB257F826609A5CA4
:100A5000089F89EA06067A4082EA0162C0F307210C
:100A6000595C139482EA0122C6F30741595C14963B
:100A700082EA014C310E5F5CE1B2099A595CCDF813
:100A800038C0514081EA0761C5F30727DF5D159043
:100A900081EA0721C0F30747DF5D81EA07410F9133
:100AA000010E5F5CF1B20A9A595CC0B2514081EA12
:100AB0000761C4F30727DF5D0B9A81EA0721C5F3BD
:100AC0000747DF5D2D0E81EA07411091195C5D5DDE
:100AD000C6F30726985D5140C4F307441B5D81EAC5
:100AE000056181EA002181EA034304220DA90198EE
:100AF000CDF834C01193EDF71EF904220F9B0DA918
:100B00000D93019B9818EDF716F9109B0DA90D9305
:100B1000019B042203F10800EDF70DF9119B04225B
:100B20000D93019B0DA903F10C00EDF704F92021B1
:100B30000EA8EEF777FF17B0BDE8F08FCFB24FEAFF
:100B4000136B5EF82BB05CF827700A9C87EA0B07E2
:100B50006F40C0F3072558F825504FEA126B6F40DD
:100B6000C2F3074559F825505EF82BB06F40DDB24F
:100B70005CF8255085EA0B057540C1F3072658F847
:100B800026604FEA106B7540C0F3074659F826609F
:100B90005EF82BB07540D6B25CF82660C0B286EA2B
:100BA0000B0686EA0A06C3F3072A58F82AA05CF85F
:100BB000200086EA0A06C1F3074A090E5EF82110F2
:100BC000C2F307224840079958F82220C3F307438D
:100BD00059F82330484050405840FAB22B0E5CF888
:100BE00022105EF8233059F82AA05940089B86EA63
:100BF0000A065940C0F3072358F82330320E5940F3
:100C0000C6F3074359F823305EF822205940EBB26F
:100C10005CF823304FEA106A5340099A5EF82AA024
:100C20005340C7F3072258F822205340C0F307422D
:100C300059F82220C0B25340F2B25CF82220C6F329
:100C4000072682EA0A02C5F3072A58F82AA062405A
:100C500082EA0A02C7F3074A3F0E59F82AA05CF855
:100C600020005EF827700B9C7840604058F82660A2
:100C7000029CC5F3074559F825507040013C0127F7
:100C800082EA0A026840029468E600BF100E04304F
:100C9000101A043010160430100A043010120430F8
:100CA0002DE9F04FD0F8048097B000F10807054611
:100CB00001920EA804220E46EDF73DF80E9A57F861
:100CC000283007EB8804534004220DA8B1180E9376
:100CD000EDF731F80D9A636806F1080153400DA84D
:100CE00004220F93EDF727F806F10C0100260D9A68
:100CF000A3680DA8534004221093EDF71CF80D9A39
:100D0000E368DFF86CC3534003932B6803985B10D0
:100D1000013B02930E9BDFF85CE304930F9B049A64
:100D20000593109BDFF85083DFF83C93069304F1A2
:100D300030030093DDE90531009C54E9085754E97C
:100D400006A40794009C54F8104C0894009C54F896
:100D50000C4C0994009C54F8084C0A94009C2034D4
:100D6000009454F8244C0B94029C002C00F3D48083
:100D70001EB9DDE905310398049ADFF8F8E2D4B230
:100D8000060E5EF826605CF82440DFF8EC827440C2
:100D90006540C3F3072458F82440B34E6540C1F3BF
:100DA000074456F824404FEA12696540DCB25EF809
:100DB00029905CF82440129584EA09047C40C1F330
:100DC000072758F827704FEA13697C40C0F307479C
:100DD00056F827705EF829907C40CFB25CF82770F7
:100DE000090E87EA0907C0F30729C0B25EF821108F
:100DF00058F829905CF8200087EA0A0787EA090971
:100E00004840C2F307470799C2F3072258F8222047
:100E1000C3F3074356F82330484050405840934BA3
:100E2000020E995CEAB256F827709A5C089E89EA2D
:100E30000707724082EA0162C4F30721595C1394E8
:100E400082EA0122C7F30741595C149782EA014CF8
:100E5000290E5E5CE1B2099A595CCDF838C0514068
:100E600081EA0661C7F307269E5D159081EA062197
:100E7000C0F307469E5D81EA06410F91210E5E5C3C
:100E8000F9B20A9A595C3F0E514081EA0661C0F3FB
:100E900007269E5DC0B281EA0621C5F307469E5D26
:100EA0000B9A81EA06411091195CDE5DC5F30725B6
:100EB000585D5140C4F307441B5D81EA066181EA35
:100EC000002181EA034304220DA90198CDF834C022
:100ED0001193ECF730FF04220F9B0DA90D93019B9A
:100EE0009818ECF728FF109B0DA90D93019B042285
:100EF00003F10800ECF71FFF119B04220D93019BE7
:100F00000DA903F10C00ECF716FF20210EA8EEF757
:100F100089FD17B0BDE8F08FD6B24FEA106B5EF8CE
:100F20002BB05CF826600A9C86EA0B066E40C3F381
:100F3000072558F825504FEA126B6E40C1F307455C
:100F400059F825505EF82BB06E40DDB25CF82550A4
:100F500085EA0B057D40C1F3072758F827704FEA53
:100F6000136B7D40C0F3074759F827705EF82BB02C
:100F70007D40CFB25CF82770090E87EA0B0787EA3D
:100F80000A07C0F3072AC0B258F82AA05EF8211059
:100F90005CF8200087EA0A074840C2F3074A07992D
:100FA000C2F3072258F82220C3F3074359F823302D
:100FB000484050405840F2B2030E5EF823305CF8CF
:100FC000222059F82AA05A40089B87EA0A075A406B
:100FD000C5F3072358F82330310E5A40C7F30743AF
:100FE00059F823305EF821105A40EBB25CF82330F8
:100FF0004FEA156A4B4009995EF82AA04B40C7F3A7
:10100000072158F82110C5F307454B40C0F30741AD
:1010100059F821104B40F9B25CF821103F0E81EADB
:101020000A01C0F3072A58F82AA0614081EA0A01A0
:10103000C0B2C6F3074A59F82AA05CF820005EF84F
:1010400027700B9C7840C6F3072658F8266060404E
:10105000029C59F825507040013C012681EA0A01A2
:101060006840029468E600BF101F0430102B043063
:1010700010270430101B0430102304304FF48C72FE
:101080000021ECF77DBE18B14FF48C71EEF7CABCAD
:1010900070470000C02AF7B506460D46144652D0E8
:1010A000B2F5807F51D0802A40F0C9800A23654F75
:1010B00033603B681BB9FFF709FB01233B603746F0
:1010C0000023640947F8043F05EB84040422294601
:1010D0000DEB0200ECF72FFE0435019BAC4247F804
:1010E000043FF3D133680C2B31D00E2B60D00A2B88
:1010F00026D1554D55493046A036426955F8044B26
:101100008768C2F30723CB5C7C406340140E0C5D00
:10111000103083EA0443D4B20C5D83EA0463C2F363
:1011200007440C5D83EA042350F8044C8360634059
:101130000468C36063405A40036142618642DCD167
:10114000002003B0F0BD0C23B1E70E23AFE730461B
:101150003D4C3E4906F1C005C26954F8046B8768EE
:10116000C2F30723CB5C7E407340160E8E5D1830B1
:1011700083EA0643D6B28E5D83EA0663C2F307466E
:101180008E5D83EA062350F80C6C8360734050F840
:10119000086CC360734050F8046C036173400668C8
:1011A000436173405A408361C2618542D4D1C7E72D
:1011B000254D26493046E036446A55F8042B8768A9
:1011C000C4F30723CB5C7A405340220E8A5C8769C4
:1011D00083EA0243E2B28A5C203083EA0263C4F30A
:1011E00007428A5C83EA022350F8142C8360534040
:1011F00050F8102CC360534050F80C2C036153403E
:101200004361DAB28A5C7A401F0ECF5D82EA0762E0
:10121000C3F30727CF5DC3F30743CB5C82EA072202
:1012200082EA034350F8042C836153400268C3618F
:1012300053405C40036244628642BDD180E76FF058
:101240001F007EE7E4090430E8090430102B043065
:101250002DE9F04FC9B002AD044628460E461746A8
:10126000FFF70CFF002331463A4628466360FFF73C
:1012700011FF0646002833D1029F039B04A903EB0C
:10128000870301EB830251F8233004F1180CA360AB
:101290005368103AE360936961462361D3699046CD
:1012A00063617B1E9E46284827600193BEF1000FB4
:1012B0001FDC019B002F4FEA0313C8BF1C46C3F17C
:1012C0000003DCBF00230024D018D3580CEB04012A
:1012D0004CF8043043684B6083688B60C368CB6014
:1012E00002A84FF48C71EEF79DFB304649B0BDE883
:1012F000F08FA8F1040A01F1100B5AF8044F134BB8
:10130000E5B210F80590250E53F82990455D104B75
:1013100053F825500F4B89EA0509C4F30725455DAD
:10132000C4F3074453F82550045D0B4B89EA0505C7
:1013300053F82440654041F8045B5945DDD10EF176
:10134000FF3EA8F11008B1E7102B0430101604304E
:10135000100A043010120430100E043010B50C4680
:10136000012C11461A4607D81CB9FFF7ABFA00202A
:1013700010BDFFF795FCFAE76FF08600F8E72DE95E
:10138000F04F012989B0804614461F46139D6ED840
:10139000002A37D013076DD1129B03EB02090029F5
:1013A0005DD11022A9EB040631460DEB0200ECF7EB
:1013B000C2FC31462A464046FFF784FA002605EB78
:1013C000060B0422594603A8ECF7B5FCB919042210
:1013D00003A8DDF80CA0ECF7AEFC039B04228AEA1C
:1013E0000303584603A904360393ECF7A4FC102E1C
:1013F000E5D13246384604A9ECF79DFC103C05F1D6
:101400001005CED1002009B0BDE8F08F0BEB06012E
:10141000042204A8ECF78FFC049B0AEB06010422CB
:1014200004A80193ECF787FC049A019BA8195A4081
:10143000049204A904220436ECF77DFC102EE5D1B9
:101440002A4629464046FFF72BFC103CAA4605F1E8
:10145000100306D01D460026A9EB040BD6E7BA46BA
:10146000F9E7324629463846ECF765FCCAE76FF0E3
:101470008600C8E76FF02100C5E72DE9F047012994
:101480008146DDE908569846DDF828A02ED81C686C
:101490000F2C2BD8B71811B3BE4222D024B92A463C
:1014A00029464846FFF7FCFB2B5D16F8012B5340FD
:1014B0000AF8013B2B55013404F00F04ECE724B982
:1014C0002A4629464846FFF7EBFB2B5D16F8012B11
:1014D00053400AF8013B2A55013404F00F04BE4280
:1014E000EDD10020C8F80040BDE8F0876FF086001D
:1014F000FAE72DE9F04714688146DDE9088A0F2CE8
:1015000017461E4617D808EB0105A84503D1002051
:101510003C60BDE8F08724B9324631464846FFF7C3
:10152000BFFB335D18F8012B013453400AF8013B2F
:1015300004F00F04E9E76FF08600EAE72DE9F04FC9
:10154000166889B00F2E0D469046994603906AD8CA
:1015500000270C330493AF420AD30020D8F80030A0
:101560001D4405F00F05C8F8005009B0BDE8F08F24
:10157000E6B94946129A0398FFF792FBDDF810A0EE
:101580000422514607A8ECF7D6FB079C042224BA94
:10159000013423BA504607A90793ECF7CCFBECB90A
:1015A000CA45AAF1040319D09A46E9E7C6F1100327
:1015B0000024A5EB070A9A4528BF9A46149B03EB23
:1015C000070B139B3B440193129B1E44231D9A451A
:1015D00006D2A2451FD800265744BCE71023E7E7F0
:1015E0000593019B0422191907A8ECF7A4FB079B9C
:1015F0003119042207A80293ECF79DFB079A029B7E
:101600000BEB04005A40079207A90422ECF793FB66
:10161000059B1C46DAE7019B325D1B5D53400BF8CE
:1016200004300134D5E76FF086009EE738B50846F0
:1016300015461C4651B14BB11A462946E2F718FE31
:101640002068401B18BF4FF0FF3038BD6FF0860098
:10165000FBE738B504460D464FF49C720021ECF7C9
:101660008FFB04F13803236300220623C4E90A3206
:1016700045F012036360C4F8A05104F1280304F597
:101680009C752846C4F8283100F08AF8294620467F
:10169000BDE83840E4F722B9C0E954230023C0E98B
:1016A00056337047F0B51F46002306468DB004A898
:1016B00080E8060008AC03C884E8050007AACDE965
:1016C0000272CDE90033304694E80600129D00F026
:1016D00075F820B91DB129460798E4F707FE0DB04B
:1016E000F0BD00002DE9F04395B01F460CAB089308
:1016F00020230AAC05468846384621460993914680
:10170000E4F7C4FD9DF82830064603B118B90B2054
:1017100015B0BDE8F0832149E4F778F8002836D009
:1017200018F4006F35D10DF1180839464046E4F73A
:10173000C8FD2B6ADBB9DDE9082349463046009431
:10174000E4F78CF80028E3D103AB1CAA92E803006D
:1017500083E8030001AB94E8030083E80300AB6A6D
:1017600030460093D5E90623E4F70EFAD0E7069B4E
:101770008BB1D5E9080184E8030098E8030094E8F8
:101780000C00E5F708FF0028D5D02D20C0E7012088
:10179000BEE70020BCE70C20BAE700BF2C91060C86
:1017A00010B5302200210446ECF7EAFA44F67653ED
:1017B000A380014BA36010BDE516060C82B02DE995
:1017C000F04FF1B0064604A880E806002AAD90E884
:1017D00006007B93284600239DF8F4B1DDF8F881DC
:1017E000E5F744FA0421284616AAE5F731FC002261
:1017F00007AB0DF12809CDE90139D6F82831ADF84C
:101800001820009307922846D6E94B230699E4F75F
:10181000A4FC0446002840F08A80534F10AC0FCF40
:101820000FC497E8030006F108030DF1200A84E8CD
:1018300003000093CDF804A02B46716816AA10A8E7
:10184000E3F75AFF0446002871D120AFBBF1000F27
:1018500073D039462846E5F799FB95F8EE302BB959
:101860003B78162B02D03D2385F8EE30002399E813
:101870000300C7E9043322AB87E80300DDE97B01FD
:1018800083E8030098E8030026AB83E80300DAF856
:101890000030099A123B134363D1344B0DF13008E9
:1018A00019685A6828461B7ACDF80080E5F778FC5D
:1018B00095F8EE305BBB98E80300422440F60A0A34
:1018C0000DF1380989E80300DDF81CB0D6F8008076
:1018D000B8F1000F12D099E803008DE803005B46D1
:1018E000D8F808403A4640467168A047044628B1F7
:1018F0000B282FD82AFA00F3DA072FD40421284620
:10190000E5F7FCFB7F9B13B1079B7F9A136028468A
:10191000E5F75CFB18B10821E3F757FF044634B93B
:101920007368DB0403D40798E4F7F9FB0446204608
:1019300071B0BDE8F04F02B070470C4A24F0FF03CD
:10194000107A1168034352682846CDF80080E5F705
:1019500027FC8BE72D2801D04328CFD1D8F8008071
:10196000B6E75224CAE700BF4091060C3491060C3A
:10197000431867D21F2A65D8013902F014030144C5
:1019800000B581EA000C142B0ED8DFE803F0100D2F
:101990000D0D3A0D0D0D0D0D0D0D0D0D0D0D420D15
:1019A0000D0D4A001A0300D400205DF804FBBCF1C1
:1019B0001F0F40E800F303D941E800F19942F3D149
:1019C00022F01402013A0A2AEED801A151F822F0BD
:1019D000A519060C3F1A060CFD19060CA919060CD0
:1019E000A919060CA919060CA919060C391A060C16
:1019F000A519060C331A060CFD19060C9A02D4D44C
:101A0000D2E7BCF11F0F40E840F3D9D941E840F1DB
:101A1000D4E7BCF11F0F40E880F3D1D941E880F151
:101A2000CCE7BCF11F0F40E8C0F3C9D941E8C0F1D1
:101A3000C4E7DB02B9D4B7E75B03B5D5B5E7590214
:101A4000B3D5B1E70020704753B94AB9002908BFA0
:101A500000281CBF4FF0FF314FF0FF3000F0B2B94B
:101A6000ADF1080C6DE904CE00F006F8DDF804E0F5
:101A7000DDE9022304B070472DE9F04F8C46099E42
:101A800004460F46002B48D18A4215465ED9B2FA69
:101A900082F33BB1C3F120029F409D409C4020FA5D
:101AA00002F217434FEA154E1FFA85FC220CB7FBD2
:101AB000FEF10EFB117701FB0CF042EA0742904267
:101AC00007D9AA1801F1FF3702D2904200F25881DB
:101AD0003946121AA4B2B2FBFEF00EFB102200FB34
:101AE0000CFC44EA0244A4450BD92C1900F1FF3246
:101AF0002CBF01270027A44502D9002F00F0438105
:101B0000104640EA0140A4EB0C0400211EB1DC4069
:101B10000023C6E90043BDE8F08F8B4206D90EB121
:101B2000C6E9000100210846BDE8F08FB3FA83F151
:101B3000002951D16345C0F01681824240F21381E1
:101B40000846002EE7D0C6E90047E4E7002A00F087
:101B5000AF80B2FA82F3002B40F0C2808A1A4FEABB
:101B6000154EAFB20121200CB2FBFEFC0EFB1C2275
:101B700040EA024207FB0CF090420ED9AA180CF181
:101B8000FF382CBF4FF001094FF00009904203D9F4
:101B9000B9F1000F00F0F080C446121AA4B2B2FBF3
:101BA000FEF00EFB102200FB07F744EA0244A742B6
:101BB0000ED92C1900F1FF322CBF4FF0010E4FF05F
:101BC000000EA74203D9BEF1000F00F0D2801046EC
:101BD000E41B40EA0C4099E7C1F120058B400CFA68
:101BE00001F400FA01F922FA05F72CFA05FC8A4003
:101BF0001F4320FA05F3380C23431FFA87FE1C0C01
:101C0000BCFBF0F800FB18CC44EA0C4408FB0EFCCB
:101C1000A4450ED93C1908F1FF3A2CBF4FF0010B37
:101C20004FF0000BA44503D9BBF1000F00F0B880C2
:101C3000D046A4EB0C041FFA83FCB4FBF0F300FBCA
:101C4000134403FB0EFE4CEA0444A6450ED93C198E
:101C500003F1FF302CBF4FF0010C4FF0000CA645F4
:101C600003D9BCF1000F00F09F80034643EA08400F
:101C7000A4EB0E04A0FB02EC64457346E04602D3DD
:101C800007D1F14505D2BEEB02036CEB070C01381E
:101C9000E0465EB1B9EB030264EB080404FA05F513
:101CA00022FA01F3CC401D43C6E90054002132E77B
:101CB00042082F464B08AC4642EAC172AE46C40702
:101CC000110C92B241EA034142EA0142B1FBF5F143
:101CD000B3FBF5F01F23A2EB0C0241EA004142E7FF
:101CE0009D40C3F1200299409C402CFA02FC4FEA2F
:101CF000154E20FA02F2AFB2BCFBFEF80A430EFB0F
:101D000018CC110C41EA0C4108FB07FC8C4550D95A
:101D1000691808F1FF302CBF4FF001094FF000099E
:101D20008C4502D9B9F1000F30D0A1EB0C01B1FB09
:101D3000FEF808FB07FC0EFB181192B242EA0142C2
:101D4000624534D2AA1808F1FF312CBF4FF00109C7
:101D50004FF000096245BED2B9F1000FBBD1A8F126
:101D600002012A44B7E7841A6CEB030201201746EC
:101D7000E7E62C4402382BE7ACF1020C2A440CE7CE
:101D800002392A44A5E62C440238BAE6A5EB0C0C2D
:101D9000A8F102006144B1FBFEF808FB07FCCAE7AA
:101DA000A8F102083C4444E7023B3C445EE741465C
:101DB00091E7A1EB0C014046B1FBFEF808FB07FCE4
:101DC000B9E700BF704700BF54464D5F43525950BA
:101DD000544F0054464D5F41545445535441544967
:101DE0004F4E5F534552564943450054464D5F5050
:101DF000524F5445435445445F53544F5241474515
:101E00005F534552564943450054464D5F494E5431
:101E100045524E414C5F545255535445445F5354C0
:101E20004F524147455F534552564943450054463A
:101E30004D5F504C4154464F524D5F5345525649A9
:101E400043450053464E5F544553545F53544154E9
:101E5000454C4553530053464E5F544553545F43DE
:101E60004F4E4E454354494F4E5F42415345440007
:101E700053464E5F544553545F434F4E4E45435473
:101E8000494F4E5F524546555345440054464D5FB9
:101E900050535F544553545F505245504152450092
:101EA00054464D5F5345435552455F434C49454E5B
:101EB000545F5352565F44554D4D590054464D5F43
:101EC0005345435552455F434C49454E545F32009C
:101ED000285B50535D20456E6372797074696F6E34
:101EE00020616C673A20307825780A005365637565
:101EF0007265003C4572726F72202820257320297C
:101F00000D0A00544553545F53554954455F45529B
:101F1000525F494E56414C49445F4441544121006F
:101F2000544553545F53554954455F4552525F4998
:101F30004E56414C49445F544553545F44415441CB
:101F400021003C52756E6E696E6720546573742073
:101F500053756974652025732E2E2E0D0A003C3EA4
:101F600020457865637574696E672027257327207F
:101F70000D0A20204465736372697074696F6E3A4C
:101F800020272573270D0A003C20202573003C20C4
:101F9000284661696C65642061742025733A256464
:101FA000290D0A003C20204661696C65642061743B
:101FB0002025733A25640D0A003C202054455354D3
:101FC0003A202573202D204641494C4544210D0AD5
:101FD000003C2020544553543A202573202D205393
:101FE0004B4950504544210D0A003C202054455394
:101FF000543A202573202D20504153534544210D40
:102000000A003C4E756D626572206F6620666169DC
:102010006C65642074657374733A202564206F6660
:102020002025640D0A003C4E756D626572206F6656
:1020300020736B69707065642074657374733A20E3
:102040002564206F662025640D0A003C54455354D6
:10205000535549544520504153534544210D0A00DE
:102060003C544553545355495445204641494C45E9
:1020700044210D0A003C0D0A2323232320457865C3
:102080006375746520746573742073756974657302
:1020900020666F7220746865202573206172656107
:1020A00020232323230D0A003C0D0A2A2A2A202557
:1020B0007320746573742073756974657320737508
:1020C0006D6D617279202A2A2A0D0A003C546573CD
:1020D00074207375697465202725732720686173E0
:1020E000003C205041535345440D0A003C204641DA
:1020F000494C45440D0A003C0D0A2A2A2A20456E07
:1021000064206F662025732074657374207375696D
:10211000746573202A2A2A0D0A003C1B5B25646D16
:102120000085695369676E617475726500846A53CE
:1021300069676E6174757265310074662D6D2D74FA
:10214000657374732F74657374735F7265672F742E
:102150006573742F7365637572655F66772F73752A
:10216000697465732F6174746573746174696F6EDB
:102170002F7365637572652F6174746573745F6125
:1021800073796D6D65747269635F735F696E746591
:1021900072666163655F7465737473756974652EC7
:1021A00063004174746573746174696F6E20736841
:1021B0006F756C64206661696C207769746820743F
:1021C0006F6F20626967206368616C6C656E67651C
:1021D000206F626A656374003C7073615F696E6949
:1021E0007469616C5F6174746573745F6765745F53
:1021F000746F6B656E5F73697A65282920726574E8
:1022000075726E65643A2025640D0A004174746528
:10221000737420746573742074666D5F6174746583
:1022200073745F746573745F3130303228292068AD
:102230006173206661696C656400417474657374D0
:102240006174696F6E2073686F756C642066616974
:102250006C207769746820746F6F20736D616C6C8B
:1022600020746F6B656E20627566666572003C64F3
:1022700065636F64655F746573745F6E6F726D61C3
:102280006C5F73696728292072657475726E656466
:102290003A2025640D0A0041747465737420746FCC
:1022A0006B656E206465636F64655F746573745FEE
:1022B0006E6F726D616C5F73696728292068617346
:1022C000206661696C656400496E697469616C209F
:1022D0004174746573746174696F6E2053657276AE
:1022E0006963652073656375726520696E746572D4
:1022F000666163652074657374732854464D5F533B
:102300005F4154544553545F544553545F315858BA
:1023100058290054464D5F535F4154544553545F10
:10232000544553545F3130303100454344534120CC
:102330007369676E61747572652074657374206F5C
:10234000662061747465737420746F6B656E0054DD
:10235000464D5F535F4154544553545F5445535465
:102360005F31303032004E65676174697665207484
:1023700065737420636173657320666F7220696E84
:10238000697469616C206174746573746174696FD8
:102390006E2073657276696365003C503338342073
:1023A000697320756E737570706F727465642E201A
:1023B000536B697070696E672E2E2E0D0A0074665D
:1023C0002D6D2D74657374732F74657374735F72E0
:1023D00065672F746573742F7365637572655F66C7
:1023E000772F7375697465732F63727970746F2FAB
:1023F0007365637572652F63727970746F5F73654F
:10240000635F696E746572666163655F746573743A
:1024100073756974652E63004661696C6564207428
:102420006F20696D706F7274206B65790053686FEF
:10243000756C64206E6F742062652061626C65202B
:10244000746F2064657374726F79206B6579206690
:10245000726F6D20616E6F74686572207061727446
:102460006974696F6E004572726F7220646573746F
:10247000726F79696E672061206B657900544849F5
:1024800053204953204D59204B455931004372790F
:1024900070746F2073656375726520696E74657200
:1024A00066616365207465737473202854464D5FBC
:1024B000535F43525950544F5F544553545F315802
:1024C0005858290054464D5F535F43525950544F5A
:1024D0005F544553545F313030310053656375723A
:1024E00065204B6579206D616E6167656D656E7401
:1024F00020696E746572666163650054464D5F5372
:102500005F43525950544F5F544553545F313030FC
:1025100032005365637572652053796D6D65747211
:10252000696320656E6372797074696F6E202841EB
:1025300045532D3132382D4342432920696E74654D
:1025400072666163650054464D5F535F4352595054
:10255000544F5F544553545F3130303300536563FB
:102560007572652053796D6D657472696320656E4F
:102570006372797074696F6E20284145532D313232
:10258000382D4346422920696E7465726661636521
:102590000054464D5F535F43525950544F5F54456A
:1025A00053545F3130303500536563757265205385
:1025B000796D6D657472696320656E63727970748C
:1025C000696F6E20284145532D3132382D435452C6
:1025D0002920696E746572666163650054464D5FBB
:1025E000535F43525950544F5F544553545F3130F9
:1025F0003036005365637572652053796D6D65746F
:1026000072696320656E6372797074696F6E2028D9
:102610004145532D3235362D4354522920696E746D
:102620006572666163650054464D5F535F4352595E
:1026300050544F5F544553545F3130303700536529
:10264000637572652053796D6D6574726963206579
:102650006E6372797074696F6E20696E76616C69F1
:1026600064206369706865720054464D5F535F4330
:10267000525950544F5F544553545F3130303800F5
:102680005365637572652053796D6D657472696306
:1026900020656E6372797074696F6E20696E766101
:1026A0006C69642063697068657220284145532D08
:1026B000313532290054464D5F535F4352595054CF
:1026C0004F5F544553545F31303039005365637563
:1026D00072652053796D6D657472696320656E63F0
:1026E00072797074696F6E20696E76616C696420AE
:1026F0006369706865722028484D41432D31323836
:102700002D434642290054464D5F535F4352595072
:10271000544F5F544553545F31303130005365633B
:1027200075726520556E737570706F727465642074
:102730004861736820285348412D312920696E74FF
:102740006572666163650054464D5F535F4352593D
:1027500050544F5F544553545F313031310053650D
:1027600063757265204861736820285348412D3293
:1027700032342920696E746572666163650054465F
:102780004D5F535F43525950544F5F544553545F0C
:10279000313031320053656375726520486173686A
:1027A00020285348412D3235362920696E746572D0
:1027B000666163650054464D5F535F435259505400
:1027C0004F5F544553545F31303139005365637561
:1027D000726520556E737570706F727465642048F1
:1027E0004D414320285348412D312920696E74659D
:1027F00072666163650054464D5F535F43525950A2
:10280000544F5F544553545F313032300053656349
:1028100075726520484D414320285348412D32357B
:10282000362920696E746572666163650054464D91
:102830005F535F43525950544F5F544553545F3177
:102840003032340053656375726520484D41432032
:1028500077697468206C6F6E67206B6579202853E8
:1028600048412D3232342920696E74657266616385
:10287000650054464D5F535F43525950544F5F5467
:102880004553545F313033300053656375726520B2
:102890004145414420284145532D3132382D434391
:1028A0004D2920696E746572666163650054464DFA
:1028B0005F535F43525950544F5F544553545F31F7
:1028C00030333100536563757265204145414420C2
:1028D000284145532D3132382D47434D2920696E0B
:1028E000746572666163650054464D5F535F435281
:1028F0005950544F5F544553545F31303332005375
:102900006563757265206B657920706F6C6963799A
:1029100020696E746572666163650054464D5F534D
:102920005F43525950544F5F544553545F313033D5
:102930003300536563757265206B657920706F6C29
:1029400069637920636865636B207065726D697374
:1029500073696F6E730054464D5F535F4352595015
:10296000544F5F544553545F31303335004B6579D4
:102970002061636365737320636F6E74726F6C00A4
:1029800054464D5F535F43525950544F5F54455323
:10299000545F3130333600536563757265204145AD
:1029A000414420696E74657266616365207769745D
:1029B00068207472756E63617465642061757468F3
:1029C0002074616720284145532D3132382D43430F
:1029D0004D2D38290054464D5F535F435259505492
:1029E0004F5F544553545F3130333700536563753F
:1029F000726520544C5320312E3220505246206BA9
:102A000065792064657269766174696F6E005446F9
:102A10004D5F535F43525950544F5F544553545F79
:102A2000313033380053656375726520544C532D33
:102A3000312E322050534B2D746F2D4D61737465C0
:102A400072536563726574206B6579206465726981
:102A5000766174696F6E0054464D5F535F435259FF
:102A600050544F5F544553545F31303339005365F0
:102A70006375726520484B4446206B657920646518
:102A80007269766174696F6E0054464D5F535F439F
:102A9000525950544F5F544553545F3130343000D5
:102AA0005365637572652045434448206B65792002
:102AB00061677265656D656E740054464D5F535F66
:102AC00043525950544F5F544553545F3130343161
:102AD000005365637572652053796D6D6574726915
:102AE0006320656E6372797074696F6E202841454A
:102AF000532D3132382D4F46422920696E7465724C
:102B0000666163650054464D5F535F4352595054AC
:102B10004F5F544553545F31303432005365637511
:102B200072652053796D6D657472696320656E639B
:102B300072797074696F6E20284145532D31323897
:102B40002D4543422920696E746572666163650094
:102B500054464D5F535F43525950544F5F54455351
:102B6000545F3130343300536563757265204173AF
:102B7000796D6D657472696320656E6372797074C6
:102B8000696F6E20696E7465726661636520285294
:102B900053412D4F414550290054464D5F535F43EB
:102BA000525950544F5F544553545F3130343400C0
:102BB000536563757265204173796D6D65747269D3
:102BC0006320656E6372797074696F6E20696E74CC
:102BD00065726661636520285253412D504B435303
:102BE00031563135290054464D5F535F4352595099
:102BF000544F5F544553545F31303435005365634F
:102C0000757265205369676E20616E642076657207
:102C1000696679206D65737361676520696E746597
:102C20007266616365202844455445524D494E49BA
:102C3000535449435F45434453412D534543503218
:102C4000353652312D534841323536290054464DE0
:102C50005F535F43525950544F5F544553545F3153
:102C600030353400536563757265207369676E2073
:102C7000616E642076657269667920686173682088
:102C8000696E7465726661636520284543445341EB
:102C90002D5345435032353652312D53484132354C
:102CA00036290054464D5F535F43525950544F5F8D
:102CB000544553545F313035360053656375726542
:102CC000205369676E20616E64207665726966794B
:102CD000206861736820696E74657266616365203F
:102CE0002845434453412D534543503338345231E2
:102CF0002D534841333834290054464D5F535F43C8
:102D0000525950544F5F544553545F31303436005C
:102D10005365637572652053796D6D65747269636F
:102D200020656E6372797074696F6E202841455317
:102D30002D3132382D4342432D504B4353372920F8
:102D4000696E746572666163650054464D5F535FDA
:102D500043525950544F5F544553545F31303437C8
:102D6000005365637572652053796D6D6574726982
:102D70006320656E6372797074696F6E20284145B7
:102D8000532D3132382D4342432D504B4353372975
:102D900020696E746572666163652C2073686F725A
:102DA0007465720054464D5F535F43525950544FFF
:102DB0005F544553545F3130343800536563757246
:102DC000652053796D6D657472696320656E6372F9
:102DD000797074696F6E20284145532D3132382D3A
:102DE0004342432D504B4353372920696E7465721B
:102DF000666163652C206C6F6E6765720054464D8A
:102E00005F535F43525950544F5F544553545F31A1
:102E10003035330053656375726520525341535307
:102E2000412D505353207369676E6174757265202C
:102E3000766572696669636174696F6E20285253A2
:102E4000415353412D5053532D5348413235362968
:102E50000054464D5F535F43525950544F5F5445A1
:102E600053545F31303535005365637572652061A9
:102E7000757468656E74696361746F7220626173E2
:102E80006564206F6E20414541440054464D5F53B8
:102E90005F43525950544F5F544553545F3130355E
:102EA00037005365637572652053503830302D31CB
:102EB000303820436F756E74657220434D41432056
:102EC0006B65792064657269766174696F6E003C28
:102ED0007073615F696D706F72745F6B6579206686
:102EE00061696C65643A203078253038780A003C96
:102EF0004661696C656420746F2073657475702019
:102F00006F7065726174696F6E3A20307825303861
:102F1000780A003C4661696C656420746F207365B3
:102F2000742063617061636974792030782530386A
:102F3000780A003C4661696C656420746F20696E94
:102F4000707574206B65793A203078253038780AAE
:102F5000003C4661696C656420746F20696E707511
:102F600074206C6162656C3A203078253038780ABC
:102F7000003C4661696C656420746F20696E7075F1
:102F80007420636F6E746578743A20307825303819
:102F9000780A003C4661696C656420746F206F7527
:102FA00074707574206465726976656420627974E2
:102FB00065733A203078253038780A003C446572D1
:102FC00069766564206F7574707574206D69736DB2
:102FD00061746368210A0030313233343536373852
:102FE000396162636465660074662D6D2D74657366
:102FF00074732F74657374735F7265672F74657370
:10300000742F7365637572655F66772F7375697466
:1030100065732F63727970746F2F63727970746F38
:103020005F74657374735F636F6D6D6F6E2E630095
:103030004572726F7220696D706F7274696E67206D
:1030400061206B6579004572726F722067657474D8
:10305000696E67206B6579206D6574616461746168
:1030600000546865206E756D626572206F66206B16
:103070006579206269747320697320646966666586
:1030800072656E742066726F6D206578706563740A
:103090006564005468652074797065206F662074DB
:1030A0006865206B6579206973206469666665725E
:1030B000656E742066726F6D2065787065637465E7
:1030C00064004572726F72206578706F7274696EF9
:1030D000672061206B6579004E756D626572206FA7
:1030E00066206279746573206F66206578706F72F0
:1030F000746564206B657920646966666572656EC7
:10310000742066726F6D2065787065637465640005
:103110004578706F72746564206B657920646F65A3
:10312000736E2774206D617463682074686520690C
:103130006D706F72746564206B6579004572726F93
:10314000722064657374726F79696E672074686544
:10315000206B6579004B65792049442073686F7551
:103160006C6420626520696E76616C6964206E6FA4
:103170007700505341206973206E6F742063617033
:1031800061626C65206F662068616E646C696E6751
:10319000207468652073706563696669656420637F
:1031A000697068657220616C676F726974686D2EF2
:1031B0000048617264636F64656420495620646FDF
:1031C0006573206E6F74206D61746368206369702D
:1031D00068657220626C6F636B206C656E677468E3
:1031E0000052657175657374656420696E707574DD
:1031F000206C656E677468206973206772656174FE
:103200006572207468616E20737570706F7274657A
:103210006400416C676F726974686D204E4F542072
:10322000535550504F52544544206279207468657C
:1032300020696D706C656D656E746174696F6E0088
:103240004572726F722073657474696E6720757051
:1032500020636970686572206F7065726174696F50
:103260006E206F626A656374004572726F722073BC
:10327000657474696E6720746865204956206F6EA6
:103280002074686520636970686572206F7065726C
:103290006174696F6E206F626A6563740045727253
:1032A0006F7220656E6372797074696E67206F6EDD
:1032B00065206368756E6B206F6620696E666F723D
:1032C0006D6174696F6E0045787065637465642024
:1032D000656E63727970746564206C656E6774687E
:1032E00020697320646966666572656E7420667213
:1032F0006F6D206578706563746564004572726FE8
:10330000722066696E616C6973696E6720746865A6
:1033100020636970686572206F7065726174696F8F
:103320006E00457870656374656420656E637279BC
:10333000707465645F6C656E67746820697320647F
:103340006966666572656E74207468616E20657862
:10335000706563746564004572726F722073657482
:1033600074696E672074686520495620666F722004
:1033700064656372797074696F6E004572726F7202
:103380002064656372797074696E67206F6E652062
:103390006368756E6B206F6620696E666F726D6113
:1033A00074696F6E00457870656374656420646548
:1033B00063727970746564206C656E6774682069E7
:1033C0007320646966666572656E742066726F6DDF
:1033D0002065787065637465640044656372797014
:1033E000746564206461746120646F65736E277412
:1033F000206D61746368207769746820706C6169FE
:103400006E2074657874004572726F722061626F0D
:103410007274696E6720746865206F70657261747C
:10342000696F6E00303132333435363738393031E8
:1034300032333400556E6578706563746564204975
:1034400056206C656E67746820677265617465727A
:10345000207468616E20313620666F72207468694E
:103460007320616C672F6B657920747970650045F6
:1034700072726F7220656E6372797074696E672004
:1034800077697468207468652073696E676C652D50
:1034900073686F7420415049004572726F722064E6
:1034A000656372797074696E6720776974682074D7
:1034B00068652073696E676C652073686F7420415E
:1034C000504900556E6578706563746564206F754A
:1034D00074707574206C656E67746800456E6372F5
:1034E0007970746564206C656E67746820646966C1
:1034F000666572656E742066726F6D2065787065A2
:103500006374656400506164646564206D6F646514
:103510002066696E616C206F7574707574206C65BF
:103520006E67746820756E65787065637465640095
:10353000556E2D706164646564206D6F64652066EE
:10354000696E616C206F7574707574206C656E6740
:10355000746820756E65787065637465640053697E
:103560006E676C652D73686F742063727970742058
:10357000646F65736E2774206D617463682077696A
:103580007468206D756C74697061727420637279EF
:1035900070740041667465722066696E616C69734F
:1035A000696E672C20756E6578706563746564203C
:1035B000646563727970746564206C656E677468A5
:1035C0000054686973206973206D7920706C61699B
:1035D0006E7465787420746F20656E637279707490
:1035E0002C203438206279746573206C6F6E6721EB
:1035F0000053686F756C64206E6F74206361706136
:10360000626C65206F662068616E646C696E67200D
:1036100074686520737065636966696564206369B1
:103620007068657220616C676F726974686D2E00D6
:1036300053686F756C64206E6F7420737563636577
:10364000737366756C6C7920736574757020616E28
:1036500020696E76616C69642063697068657200C8
:1036600053686F756C64206E6F74206265206361AF
:103670007061626C65206F662068616E646C696E53
:103680006720746865207370656369666965642086
:103690006861736820616C67005053412069732032
:1036A0006E6F742063617061626C65206F66206864
:1036B000616E646C696E6720746865207370656301
:1036C0006966696564206861736820616C676F7200
:1036D0006974686D2E0054686973206973206D7970
:1036E0002074657374206D6573736167652C207039
:1036F0006C656173652067656E65726174652061D4
:10370000206861736820666F7220746869732E0088
:103710004572726F722073657474696E672075707C
:103720002068617368206F7065726174696F6E20C4
:103730006F626A656374004572726F72207570649F
:103740006174696E67207468652068617368206FB2
:103750007065726174696F6E206F626A6563740070
:103760004572726F7220766572696679696E67203C
:103770007468652068617368206F70657261746930
:103780006F6E206F626A656374004572726F72209B
:103790007573696E67207468652073696E676C6500
:1037A0002073686F74204150490053686F756C64D2
:1037B000206E6F74207375636365737366756C6CCC
:1037C0007920736574757020616E20756E737570E5
:1037D000706F72746564204D414320616C670054C2
:1037E000686973206973206D792074657374206D26
:1037F0006573736167652C20706C65617365206704
:10380000656E6572617465206120686D6163206614
:103810006F7220746869732E004572726F72207522
:1038200073696E67207468652073696E676C6520C4
:1038300073686F742041504920666F7220636F6D0A
:10384000707574696E67206D61630053696E676C93
:10385000652073686F7420415049206D6163206456
:103860006F6573206E6F74206D617463682072657C
:10387000666572656E6365004572726F722075735E
:10388000696E67207468652073696E676C65207364
:10389000686F742041504920666F722076657269A6
:1038A0006679696E67206D6163004572726F722080
:1038B00073657474696E67207570206D6163206F25
:1038C0007065726174696F6E206F626A65637400FF
:1038D0004572726F7220647572696E67206D6163E4
:1038E000206F7065726174696F6E004572726F72DD
:1038F00020647572696E672066696E616C697369B0
:103900006E6720746865206D6163206F70657261F9
:1039100074696F6E004572726F7220706572666FA7
:10392000726D696E67204145414420656E6372790E
:103930007074696F6E00456E63727970746564208F
:1039400064617461206C656E6774682069732064BB
:103950006966666572656E74207468616E2065784C
:1039600070656374656400456E6372797074656434
:103970002064617461206C656E67746820697320CF
:1039800061626F766520746865206D6178696D7518
:103990006D2065787065637465642076616C75650B
:1039A000004572726F7220706572666F726D696E1B
:1039B0006720414541442064656372797074696F82
:1039C0006E0044656372797074656420646174612B
:1039D000206C656E6774682069732064696666652B
:1039E00072656E742066726F6D20706C61696E20F6
:1039F00074657874003C7073615F616561645F65D4
:103A00006E63727970745F736574757028293A20DB
:103A1000416C676F726974686D204E4F5420535526
:103A200050504F5254454420627920746865206993
:103A30006D706C656D656E746174696F6E202D209C
:103A4000736B6970206D756C74697061727420415C
:103A5000504920666C6F770D0A004572726F7220B4
:103A600073657474696E6720757020656E63727912
:103A70007074696F6E206F626A656374003C707366
:103A8000615F616561645F7365745F6C656E6774C7
:103A9000687328293A20416C676F726974686D20D9
:103AA0004E4F5420535550504F5254454420627944
:103AB0002074686520696D706C656D656E746174E5
:103AC000696F6E202D20736B6970206D756C746941
:103AD000706172742041504920666C6F770D0A0046
:103AE0004572726F722073657474696E67206C65BD
:103AF0006E67746873003C7073615F616561645FD9
:103B00007365745F6E6F6E636528293A20416C6738
:103B10006F726974686D204E4F5420535550504F4A
:103B2000525445442062792074686520696D706C38
:103B3000656D656E746174696F6E202D20736B699D
:103B400070206D756C7469706172742041504920E9
:103B5000666C6F770D0A004572726F722073657420
:103B600074696E67206E6F6E6365004572726F7266
:103B7000207570646174696E67206164646974693A
:103B80006F6E616C2064617461004572726F7220A7
:103B900066696E616C6973696E672074686520413F
:103BA000454144206F7065726174696F6E0053699E
:103BB0006E676C652073686F742074616720646F32
:103BC0006573206E6F74206D61746368207769740B
:103BD00068206D756C7469706172740053696E67EA
:103BE0006C652073686F7420656E6372797074659C
:103BF00064206461746120646F6573206E6F74204B
:103C00006D617463682077697468206D756C746980
:103C100070617274004572726F722073657474699A
:103C20006E672075702041454144206F626A65636C
:103C300074004572726F7220647572696E672064D9
:103C4000656372797074696F6E004572726F72206D
:103C5000766572696679696E67207468652041458A
:103C60004144206F7065726174696F6E00546F74A7
:103C7000616C20646563727970746564206C656E34
:103C800067746820646F6573206E6F74206D617453
:103C900063682073697A65206F6620706C61696E55
:103CA0002074657874003031323334353637383922
:103CB000300054686973206973206D7920617373D3
:103CC0006F636961746564206461746120746F203E
:103CD00061757468656E7469636174650053686FBB
:103CE000756C64206E6F742073756363657373669F
:103CF000756C6C7920696D706F7274207769746867
:103D000020616E20696E76616C6964206B65792034
:103D10006C656E67746800556E6578706563746570
:103D2000642075736167652076616C756500556EFA
:103D3000657870656374656420616C676F7269741F
:103D4000686D2076616C756500556E657870656389
:103D5000746564206B6579206C69666574696D654E
:103D60002076616C7565004661696C656420746FCE
:103D700020696D706F72742061206B6579004661F7
:103D8000696C656420746F20736574757020636955
:103D900070686572206F7065726174696F6E00463D
:103DA00061696C656420746F2061626F7274206356
:103DB0006970686572206F7065726174696F6E00FA
:103DC0005761732061626C6520746F207365747530
:103DD0007020636970686572206F706572617469C4
:103DE0006F6E20776974682077726F6E6720616CE0
:103DF000670053686F756C64206E6F742062652075
:103E000061626C6520746F206578706F7274206BCE
:103E1000657920776974686F757420636F72726555
:103E20006374207573616765004661696C65642021
:103E3000746F2064657374726F79206B6579003CD0
:103E4000616C673A2025782C206E6F745F70657204
:103E50006D69745F616C673A2025782E20556E611C
:103E6000626C6520746F2066696E642074776F20C1
:103E700043697068657220616C67732E20536B69AB
:103E80007070696E672E2E2E0D0A00556E73757058
:103E9000706F72746564206B657920616772656507
:103EA0006D656E7420616C676F726974686D004532
:103EB00072726F7220696D706F7274696E672074B0
:103EC00068652070726976617465206B657900455C
:103ED00072726F722065787472616374696E6720A4
:103EE000746865207075626C6963206B6579206108
:103EF000732070656572206B6579004572726F7210
:103F000020706572666F726D696E672073696E6787
:103F10006C65207374657020726177206B65792001
:103F200061677265656D656E740041677265656491
:103F3000206B65792073697A6520697320646966EE
:103F4000666572656E74207468616E206578706550
:103F5000637465642100436F6D70757465642073CC
:103F600068617265642073656372657420646F654F
:103F700073206E6F74206D617463682074686520AF
:103F80007265666572656E636521004661696C6580
:103F90006420746F20696D706F7274207365637232
:103FA0006574004661696C656420746F2073657484
:103FB00075702064657269766174696F6E206F70C8
:103FC00065726174696F6E004661696C6564207426
:103FD0006F20696E70757420736565640046616951
:103FE0006C656420746F20696E707574206B6579E0
:103FF000004661696C656420746F20696E70757429
:10400000206C6162656C004661696C656420746F48
:1040100020696E7075742073616C74004661696C00
:10402000656420746F20696E70757420696E666FA8
:10403000004661696C656420746F20736574206349
:1040400061706163697479004661696C65642074AC
:104050006F20696E70757420636F6E74657874007C
:10406000556E737570706F727465642064657269E3
:10407000766174696F6E20616C676F726974686DC8
:10408000004661696C656420746F206F757470758B
:1040900074206B6579003C52756E6E696E672053B3
:1040A000503830302D31303820434D414320766533
:1040B00063746F7220233120287769746820636FDE
:1040C0006E74657874292E2E2E0A00566563746FFF
:1040D00072202331206661696C6564003C52756E04
:1040E0006E696E672053503830302D3130382043A0
:1040F0004D414320766563746F7220233220287708
:104100006974686F757420636F6E74657874292E96
:104110002E2E0A00566563746F722023322066616A
:10412000696C6564003C416C6C2053503830302D14
:1041300031303820434D41432074657374207665D7
:1041400063746F7273207061737365640A00010297
:10415000030405060708090A0B0C0D0E0D0F00508D
:1041600053415F414C475F53503830305F313038F6
:104170005F434F554E5445522053616D706C65003E
:1041800053616D706C65206B657920637265617435
:10419000696F6E20766961205350203830302D31A0
:1041A0003038723120436F756E746572206D6F64A4
:1041B00065003C50B55A13B949AD25B4B40FC37F5F
:1041C000553836B59FA0D074B73C83176D4C105F3F
:1041D000C217838EC4A1B07B8ABEA8F100556E734E
:1041E0007570706F72746564206173796D6D65743C
:1041F00072696320656E6372797074696F6E206195
:104200006C676F726974686D004572726F722072AC
:10421000657472696576696E67206174747269622B
:104220007574657320666F7220696D706F72746546
:1042300064206B657900556E65787065637465649C
:10424000206C656E67746820666F722074686520E4
:10425000696D706F72746564206B6579003C707372
:10426000615F6173796D6D65747269635F656E63BB
:104270007279707428293A20416C676F726974688A
:104280006D204E4F5420535550504F5254454420AA
:1042900062792074686520696D706C656D656E74F7
:1042A0006174696F6E2C20736B697070696E672E14
:1042B0002E2E0D0A004572726F7220656E63727940
:1042C0007074696E672074686520706C61696E74C3
:1042D00065787400556E65787065637465642065F3
:1042E0006E63727970746564206C656E67746800C3
:1042F0004572726F7220647572696E67206173799E
:104300006D6D657472696320646563727970746938
:104310006F6E00556E6578706563746564206465C2
:1043200063727970746564206C656E67746800549C
:1043300068697320697320746865206D65737361A3
:1043400067652074686174204920776F756C6420FC
:104350006C696B6520746F20656E63727970740090
:104360005075626C6963206B6579206578706F7237
:1043700074206661696C65642100556E65787065AE
:1043800063746564206C656E67746820666F722064
:10439000746865207075626C6963206B65792100B3
:1043A0004578706F727465642045434453412070B2
:1043B00075626C6963206B657920646F6573206E2C
:1043C0006F74206D6174636820746865207265661F
:1043D0006572656E636521003C416C676F7269743C
:1043E000686D204E4F5420535550504F5254454401
:1043F0002062792074686520696D706C656D656EEA
:10440000746174696F6E20666F72207369676E697C
:104410006E672C20636F6E74696E756520746F20F3
:10442000766572696669636174696F6E2E2E2E0DF2
:104430000A004D657373616765207369676E696E05
:1044400067206661696C65642100556E65787065EA
:1044500063746564207369676E6174757265206C3E
:10446000656E677468005369676E61747572652064
:10447000646F6573206E6F74206D6174636820745F
:104480006865207265666572656E63652100416CC2
:10449000676F726974686D204E4F542053555050A9
:1044A0004F525445442062792074686520696D70CC
:1044B0006C656D656E746174696F6E20666F7220D5
:1044C000766572696669636174696F6E00536967C6
:1044D0006E61747572652076657269666963617470
:1044E000696F6E206661696C656421004572726F48
:1044F0007220696D706F7274696E672074686520D0
:104500007075626C6963206B6579004861736869D6
:104510006E672073746570206661696C6564210044
:10452000556E657870656374656420686173682092
:104530006C656E67746820696E20746865206861B8
:104540007368696E67207374657021005369676EC4
:1045500061747572652076657269666963617469F4
:104560006F6E206661696C656420696E2074686591
:10457000207665726966795F6861736821005468A6
:10458000697320697320746865206D657373616752
:10459000652074686174204920776F756C64206CA5
:1045A000696B6520746F207369676E00637572763E
:1045B000655F73656C6563746F72206D75737420CD
:1045C0006265206569746865722030206F722031E1
:1045D000004661696C7572652068617368696E6711
:1045E00020746865206D6573736167652062656618
:1045F0006F7265207369676E696E672074686520E5
:10460000686173682100556E6578706563746564D0
:104610002068617368206C656E67746821003C686F
:104620006173683A2025730D0A004861736820732E
:1046300069676E696E67206661696C656421003C1C
:104640007369676E61747572653A2025730D0A008F
:104650005369676E61747572652076657269666903
:10466000636174696F6E20666F7220746865207074
:10467000726F766964656420686173682066616939
:104680006C656421005369676E617475726520768C
:104690006572696669636174696F6E206661696CD1
:1046A000656420696E207468652076657269667934
:1046B0005F6D65737361676521003C556E61626C67
:1046C0006520746F20696D706F7274207468652046
:1046D0006B65790D0A003C7374617475732069739E
:1046E0002025640D0A003C556E61626C6520746F74
:1046F0002063726561746520746865207265666503
:1047000072656E63652074616720666F72207468DD
:10471000652076616C6964207365742025642C20A3
:10472000616C673A20307825780D0A003C52454686
:104730002830295441473A20003C307825782C20F5
:10474000003C0D0A003C73746174757320776974C2
:10475000682074657374302069732025640D0A0025
:104760003C73746174757320776974682072656630
:10477000302069732025640D0A003C556E61626C1F
:104780006520746F206372656174652074686520AC
:104790007265666572656E63652074616720666F19
:1047A000722074686520696E76616C696420736537
:1047B000742025642C20616C673A20307825780DB0
:1047C0000A003C5245462831295441473A20003CD2
:1047D0007374617475732077697468207465737479
:1047E000312069732025640D0A003C73746174756F
:1047F000732077697468207265663120697320259B
:10480000640D0A00C88B74C62450EED8E9220D98B6
:104810003A11C60100656438666161323365323829
:1048200062316635313633346638656339646332F4
:104830003439323066336461313762343736383375
:104840003865333064313034613664613732643412
:10485000386134313800303434316336666363355F
:1048600061346262373034356137623235653530F4
:104870006233326564303261386461383865316280
:104880003334633237313537333835633435616229
:1048900066323531376231373561633530356139EC
:1048A00039653462376464646437626662623435E1
:1048B000353139323764333333333862316237302C
:1048C00035616664326266323761613462643337FF
:1048D00035306564333439660063656439323135A7
:1048E0003861613536646232626332363565313241
:1048F00035333065383063656665316265626231D3
:1049000064333634376436373836303063313439CF
:1049100061663630656162356538633433613430E1
:104920006636306337313034343330306636646164
:10493000356436636233396537003034386339386B
:1049400065313233386664366365633730646634A4
:10495000356361643065366533633336353364619E
:1049600032353230326362656564363364393732EA
:104970006135303330626566356262663039316583
:1049800032386661653738316331643733323731F5
:1049900064383762663735323063356638393164AA
:1049A000633839613031366365666237383138646F
:1049B00033363632656134323162633430326335D6
:1049C000356463633762356138646666333032302C
:1049D000663264353534623562663730653131624E
:1049E0006161393735613764363663346334663133
:1049F0006330656635383630346538640054484570
:104A0000515549434B42524F574E464F584A554DC8
:104A100050534F564552414C415A59444F470074E8
:104A2000662D6D2D74657374732F74657374735F65
:104A30007265672F746573742F7365637572655F34
:104A400066772F7375697465732F6974732F736537
:104A5000637572652F7073615F6974735F735F69EB
:104A60006E746572666163655F746573747375698E
:104A700074652E63005365742073686F756C6420D1
:104A80006E6F74206661696C004765742073686F8F
:104A9000756C64206E6F7420737563636565642044
:104AA00066726F6D206120646966666572656E74FA
:104AB00020706172746974696F6E0052656D6F76F3
:104AC000652073686F756C64206E6F742066616911
:104AD0006C20776974682076616C6964205549445C
:104AE0000050534120696E7465726E616C2074725F
:104AF00075737465642073746F72616765205320E9
:104B0000696E746572666163652074657374732081
:104B10002854464D5F535F4954535F544553545F87
:104B200031585858290054464D5F535F4954535FDC
:104B3000544553545F313030310053657420696EF1
:104B4000746572666163650054464D5F535F4954F6
:104B5000535F544553545F313030320053657420F5
:104B6000696E746572666163652077697468206335
:104B7000726561746520666C61677320616E642084
:104B8000676574206C617465737420736574206646
:104B90006C61670054464D5F535F4954535F544501
:104BA00053545F313030330053657420696E74653F
:104BB00072666163652077697468204E554C4C209D
:104BC0006461746120706F696E7465720054464D43
:104BD0005F535F4954535F544553545F3130303411
:104BE0000053657420696E74657266616365207731
:104BF000697468207772697465206F6E63652055EB
:104C000049440054464D5F535F4954535F544553E4
:104C1000545F313030350047657420696E746572B9
:104C20006661636520776974682076616C696420C9
:104C3000646174610054464D5F535F4954535F543F
:104C40004553545F313030360047657420696E74C7
:104C50006572666163652077697468207A65726F32
:104C60002064617461206C656E6774680054464D01
:104C70005F535F4954535F544553545F313030376D
:104C80000047657420696E7465726661636520779C
:104C900069746820696E76616C6964205549447353
:104CA0000054464D5F535F4954535F544553545F1E
:104CB000313030380047657420696E746572666102
:104CC000636520776974682064617461206C656E27
:104CD0006774687320616E64206F666673657473B1
:104CE0002067726561746572207468616E20554931
:104CF00044206C656E6774680054464D5F535F498D
:104D000054535F544553545F313030390047657414
:104D100020696E74657266616365207769746820C6
:104D20004E554C4C206461746120706F696E7465DF
:104D3000720054464D5F535F4954535F544553547A
:104D40005F313031300047657420696E666F2069CD
:104D50006E74657266616365207769746820777226
:104D6000697465206F6E6365205549440054464D53
:104D70005F535F4954535F544553545F3130313171
:104D80000047657420696E666F20696E746572668F
:104D900061636520776974682076616C6964205569
:104DA00049440054464D5F535F4954535F54455343
:104DB000545F313031320047657420696E666F2070
:104DC000696E7465726661636520776974682069CD
:104DD0006E76616C696420554944730054464D5F9A
:104DE000535F4954535F544553545F31303133005E
:104DF00052656D6F766520696E7465726661636574
:104E000020776974682076616C6964205549440094
:104E100054464D5F535F4954535F544553545F317B
:104E20003031340052656D6F766520696E7465723D
:104E3000666163652077697468207772697465209C
:104E40006F6E6365205549440054464D5F535F497A
:104E500054535F544553545F313031350052656DC2
:104E60006F766520696E7465726661636520776927
:104E7000746820696E76616C6964205549440054F9
:104E8000464D5F535F4954535F544553545F31302F
:104E9000313600426C6F636B20636F6D70616374B9
:104EA000696F6E2061667465722072656D6F7665DC
:104EB0000054464D5F535F4954535F544553545F0C
:104EC00031303137004D756C7469706C65207061DC
:104ED000727469616C20676574730054464D5F534A
:104EE0005F4954535F544553545F31303138004D5E
:104EF000756C7469706C65207365747320746F20B1
:104F000073616D65205549442066726F6D20736131
:104F10006D65207468726561640054464D5F535F2F
:104F20004954535F544553545F3130313900536510
:104F3000742C2067657420616E642072656D6F76D5
:104F40006520696E7465726661636520776974684F
:104F500020646966666572656E742061737365743A
:104F60002073697A65730054464D5F535F4954530B
:104F70005F544553545F31303230005365742077AD
:104F80006974682061737365742073697A6520742D
:104F90006861742065786365656473207468652052
:104FA0006D6178696D756D0054464D5F535F49546E
:104FB000535F544553545F3130323100476574209C
:104FC000696E7465726661636520776974682064D0
:104FD0006174615F6C656E206F7665722030206150
:104FE0006E64204E554C4C2064617461206C656E7B
:104FF00067746820706F696E7465720054464D5F07
:10500000535F4954535F544553545F31303233003A
:10501000417474656D707420746F206765742061CD
:1050200020554944207365742062792061206469A9
:1050300066666572656E7420706172746974696FFA
:105040006E003C20203E20497465726174696F6E69
:10505000202564206F662025640D0074662D6D2D5B
:1050600074657374732F74657374735F7265672FDF
:10507000746573742F7365637572655F66772F73DC
:1050800075697465732F6974732F736563757265C1
:105090002F7073615F6974735F735F72656C6961B0
:1050A00062696C6974795F7465737473756974652A
:1050B0002E63005365742073686F756C64206E6F87
:1050C00074206661696C20776974682076616C6908
:1050D0006420554944004765742073686F756C649B
:1050E000206E6F74206661696C005F5F5F5F54487B
:1050F00045515549434B42524F574E464F584A55DA
:105100004D50534F564552414C415A59444F475FB9
:105110005F5F5F0054686520646174612073686F2D
:10512000756C64206E6F74206861766520636861B9
:105130006E676564005F5F5F5F5F5F5F5F5F5F5FBC
:105140005F5F5F5F5F5F5F5F5F5F5F5F5F5F5F5F6F
:105150005F5F5F5F5F5F5F5F5F5F5F5F5F5F003CE1
:105160000A004954532072656C696162696C697404
:1051700079207465737473202854464D5F495453E5
:105180005F544553545F32585858290054464D5F78
:10519000535F4954535F544553545F3230303100AC
:1051A00072657065746974697665207365747320BF
:1051B000616E64206765747320696E2F66726F6D0F
:1051C00020616E2061737365740054464D5F535FB8
:1051D0004954535F544553545F3230303200726546
:1051E000706574697469766520736574732C2067C3
:1051F00065747320616E642072656D6F76657300EF
:1052000074662D6D2D74657374732F746573747368
:105210005F7265672F746573742F7365637572654C
:105220005F66772F7375697465732F6974732F695F
:1052300074735F74657374735F636F6D6D6F6E2EDF
:1052400063005365742073686F756C64206E6F74AF
:10525000206661696C20746865207365636F6E6495
:105260002074696D6520776974682076616C696463
:1052700020554944005365742073686F756C642031
:105280006E6F74206661696C207769746820736939
:105290007A652030005365742073686F756C6420E4
:1052A0006E6F74206661696C207768656E20736527
:1052B0007474696E67207468652061737365742007
:1052C00061207365636F6E642074696D652E00578D
:1052D000726F6E672061737365742073697A6520DD
:1052E00069732072657475726E65642E0057726FF3
:1052F0006E672061737365742064617461206973E3
:10530000206765742E005365742073686F756C6434
:10531000206E6F74207375636365656420776974AC
:105320006820616E20696E76616C6964205549441D
:105330002E0052656D6F76652073686F756C642002
:105340006E6F74206661696C20776974682076617D
:105350006C6964205549443A207569645F312E00B8
:1053600052656D6F76652073686F756C64206E6F23
:1053700074206661696C20776974682076616C6955
:1053800064205549443A207569645F322E005448C0
:10539000455F464956455F424F58494E475F57491A
:1053A0005A415244535F4A554D505F515549434B02
:1053B0004C59005365742073686F756C64206E6F70
:1053C00074206661696C20776974682076616C6905
:1053D0006420666C61677320286578697374696EF0
:1053E000672055494429004661696C656420746FE3
:1053F0002067657420696E666F2E004661696C6572
:105400006420746F2072657475726E206D6F737492
:1054100020726563656E7420666C616720736574C5
:105420002E003C4E6F74653A2054686520554944FF
:1054300020696E20746869732074657374206861D4
:105440007320616C7265616479206265656E2063AA
:1054500072656174656420776974680D0A746865A3
:10546000205053415F53544F524147455F464C4192
:10547000475F57524954455F4F4E434520666C6124
:105480006720696E20612070726576696F75732080
:10549000746573740D0A72756E2E205769706520DD
:1054A0007468652073746F726167652061726561ED
:1054B00020746F2072756E207468652066756C6C40
:1054C00020746573742E0D0A005365742073686F21
:1054D000756C64206E6F74206661696C20776974E6
:1054E00068206E6F20666C6167730053657420736B
:1054F000686F756C64206E6F742073756363656587
:1055000064207769746820696E76616C69642066CE
:105510006C616773005365742073686F756C6420E9
:10552000737563636565642077697468204E554CB4
:105530004C206461746120706F696E7465722061C3
:105540006E64207A65726F206C656E6774680053B4
:1055500065742073686F756C64206E6F742072655B
:1055600077726974652061207772697465206F6E47
:1055700063652055494400232323235448455F464F
:105580004956455F424F58494E475F57495A415225
:1055900044535F4A554D505F515549434B4C592335
:1055A000232323005772697465206F6E636520643E
:1055B0006174612073686F756C64206E6F7420680D
:1055C000617665206368616E67656400577269740F
:1055D00065206F6E63652064617461206C656E6721
:1055E00074682073686F756C64206E6F74206861D6
:1055F0007665206368616E67656400232323232337
:10560000232323232323232323232323232323236A
:10561000232323232323232323232323232323235A
:1056200023232323232323005265616420646174B0
:10563000612073686F756C642062652065717561A7
:105640006C20746F20726573756C74206461746172
:1056500000526561642064617461206C656E6774DA
:10566000682073686F756C64206265206571756170
:105670006C20746F20726571756573746564206445
:10568000617461206C656E677468005265616420A6
:105690006461746120636F6E7461696E7320696CFC
:1056A0006C6567616C207072652D64617461005275
:1056B000656164206461746120696E636F727265F4
:1056C00063740052656164206461746120636F6E6D
:1056D0007461696E7320696C6C6567616C20706FB2
:1056E00073742D64617461004765742073686F750D
:1056F0006C64206E6F74206661696C2077697468D1
:10570000207A65726F2064617461206C656E00524E
:1057100065616420646174612073686F756C6420D6
:10572000626520657175616C20746F206F726967A6
:10573000696E616C207265616420646174610052FD
:105740006561642064617461206C656E67746820B3
:1057500073686F756C6420626520657175616C207B
:10576000746F207A65726F00476574207375636388
:1057700065656465642077697468206E6F6E2D6559
:1057800078697374616E7420554944005265616490
:105790002064617461206E6F7420657175616C2086
:1057A000746F206F726967696E616C2072656164E5
:1057B0002064617461004765742073756363656577
:1057C000646564207769746820696E76616C6964C9
:1057D00020554944004765742073686F756C6420D8
:1057E0006E6F742073756363656564207769746890
:1057F000206F666673657420746F6F206C617267CA
:1058000065004765742073686F756C6420737563F9
:105810006365656420776974682064617461206CD5
:10582000656E677468206C61726765722074686168
:105830006E205549442773206C656E67746800526A
:105840006561642064617461206C656E67746820B2
:1058500073686F756C6420626520657175616C207A
:10586000746F205549442773206C656E6774680017
:105870005265616420646174612073686F756C6443
:1058800020626520657175616C20746F206E65778C
:105890006C7920726561642064617461004765748D
:1058A0002073686F756C642073756363656564202D
:1058B00077697468206F6666736574202B20646155
:1058C0007461206C656E67746820746F6F206C6102
:1058D0007267652C2062757420696E6469766964EC
:1058E00075616C6C792076616C69640052656164E5
:1058F0002064617461206C656E6774682073686FE2
:10590000756C6420626520657175616C20746F2010
:105910007468652055494427732072656D61696E0E
:10592000696E672073697A65207374617274696E39
:10593000672066726F6D206F6666736574005F5FC7
:105940005F5F4845515549434B42524F574E464F72
:10595000584A554D50534F564552414C415A59445F
:105960004F475F5F5F5F5F005265616420646174F1
:10597000612073686F756C64206265206571756164
:105980006C20746F206E65776C792072656164207D
:1059900064617461207374617274696E67206174EC
:1059A000206F6666736574004765742073686F7551
:1059B0006C6420737563636565642077697468201F
:1059C0004E554C4C206461746120706F696E746533
:1059D0007220616E64207A65726F206C656E6774E8
:1059E0006800526561642064617461206C656E6753
:1059F00074682073686F756C64206265203020774E
:105A0000697468204E554C4C206461746120706F3D
:105A1000696E74657220616E64207A65726F206CA5
:105A2000656E6774680047657420696E666F2073E1
:105A3000686F756C64206E6F74206661696C206697
:105A40006F72207772697465206F6E6365205549A7
:105A5000440053697A6520696E636F72726563747E
:105A600020666F72207772697465206F6E6365209F
:105A700055494400436170616369747920696E63BC
:105A80006F727265637420666F72207772697465D5
:105A9000206F6E63652055494400466C6167732032
:105AA000696E636F727265637420666F72207772BD
:105AB000697465206F6E63652055494400476574BD
:105AC00020696E666F2073686F756C64206E6F74EA
:105AD000206661696C20776974682076616C6964FE
:105AE000205549440053697A6520696E636F72726C
:105AF00065637420666F722076616C696420554915
:105B00004400436170616369747920696E636F72E8
:105B10007265637420666F722076616C69642055CB
:105B2000494400466C61677320696E636F727265E9
:105B3000637420666F722076616C696420554944F5
:105B40000047657420696E666F2073686F756C64BA
:105B5000206E6F7420737563636565642077697464
:105B60006820756E736574205549440053697A65E1
:105B70002073686F756C64206E6F74206861766541
:105B8000206368616E6765640047657420696E66AE
:105B90006F2073686F756C64206E6F74207375630B
:105BA00063656564207769746820696E76616C69E5
:105BB00064205549440043617061636974792073BE
:105BC000686F756C64206E6F742068617665206301
:105BD00068616E67656400466C6167732073686F07
:105BE000756C64206E6F74206861766520636861EF
:105BF0006E6765640047657420696E666F20736820
:105C00006F756C64206E6F74207375636365656473
:105C100020776974682072656D6F766564205549D8
:105C200044004765742073686F756C64206E6F74F0
:105C30002073756363656564207769746820726595
:105C40006D6F766564205549440052656D6F7665C9
:105C50002073686F756C64206E6F74207375636356
:105C600065656420776974682072656D6F76656418
:105C7000205549440052656D6F76652073686F75D5
:105C80006C64206E6F742073756363656564207740
:105C9000697468207772697465206F6E636520553A
:105CA00049440052656D6F76652073686F756C644A
:105CB000206E6F7420737563636565642077697403
:105CC0006820696E76616C696420554944005365AB
:105CD000742073686F756C64206E6F7420666169E0
:105CE0006C20666F72205549442031005365742042
:105CF00073686F756C64206E6F74206661696C20C8
:105D0000666F722055494420320052656D6F76658A
:105D10002073686F756C64206E6F74206661696CA7
:105D200020666F7220554944203100476574207306
:105D3000686F756C64206E6F74206661696C206694
:105D40006F722055494420320052656164206275AB
:105D5000666665722068617320696E636F72726532
:105D600063742064617461005265616420646174CD
:105D700061206C656E6774682073686F756C642051
:105D8000626520657175616C20746F207265737532
:105D90006C742064617461206C656E677468005275
:105DA000656D6F76652073686F756C64206E6F74B7
:105DB000206661696C20666F72205549442032006C
:105DC00055494420312044415441004765742073B3
:105DD000686F756C64206E6F74206661696C2066F4
:105DE0006F72207061727469616C20726561640009
:105DF00052656D6F76652073686F756C64206E6F89
:105E000074206661696C00466972737420736574EE
:105E10002073686F756C64206E6F74206661696CA6
:105E2000005365636F6E64207365742073686F75CB
:105E30006C64206E6F74206661696C0054686972CE
:105E400064207365742073686F756C64206E6F7462
:105E5000206661696C0054485245450047657420CE
:105E600073686F756C64206E6F74206661696C2056
:105E7000776974682076616C6964205549440052E2
:105E800065616420646174612073686F756C64205F
:105E9000626520657175616C20746F206F7269672F
:105EA000696E616C20777269746520646174610049
:105EB00053657474696E6720554944207769746826
:105EC0002073697A6520657863656564696E67200B
:105ED0006D6178696D756D20646964206E6F7420E2
:105EE00072657475726E206572726F7200466169B8
:105EF0006C656420746F20736574205549440047B5
:105F000065742077697468206E756C6C20706F6999
:105F10006E74657220616E642073697A65206772A1
:105F20006561746572207468616E20302053686FFB
:105F3000756C642072657475726E206572726F7212
:105F4000205053415F4552524F525F494E56414C8B
:105F500049445F415247554D454E540074662D6D7E
:105F60002D74657374732F74657374735F726567D2
:105F70002F746573742F7365637572655F66772F11
:105F80007375697465732F70732F736563757265AC
:105F90002F7073615F70735F735F696E7465726693
:105FA0006163655F7465737473756974652E6300EE
:105FB0005365742073686F756C64206E6F74207302
:105FC000756363656564207769746820616E206914
:105FD0006E76616C69642055494400537570706F2A
:105FE000727420666C6167732073686F756C6420CF
:105FF00062652030005053412070726F7465637485
:1060000065642073746F72616765205320696E74D4
:1060100065726661636520746573747320285446E5
:106020004D5F535F50535F544553545F3158585838
:10603000290054464D5F535F50535F544553545F9E
:10604000313030310054464D5F535F50535F5445FB
:1060500053545F313030320053657420696E74657B
:106060007266616365207769746820637265617424
:106070006520666C6167730054464D5F535F5053F3
:106080005F544553545F313030330054464D5F53B5
:106090005F50535F544553545F31303035005446A0
:1060A0004D5F535F50535F544553545F313030362A
:1060B0000054464D5F535F50535F544553545F3116
:1060C0003030370054464D5F535F50535F54455353
:1060D000545F313030380054464D5F535F50535F4A
:1060E000544553545F313030390047657420696E30
:1060F00074657266616365207769746820696E767D
:10610000616C69642064617461206C656E67746899
:106110007320616E64206F66667365747300544605
:106120004D5F535F50535F544553545F31303130AE
:106130000054464D5F535F50535F544553545F3195
:106140003031310054464D5F535F50535F544553D7
:10615000545F313031320054464D5F535F50535FCE
:10616000544553545F313031330054464D5F535FD3
:1061700050535F544553545F313031350054464DD0
:106180005F535F50535F544553545F313031360095
:1061900054464D5F535F50535F544553545F313005
:1061A00031370054464D5F535F50535F544553544D
:1061B0005F313031380054464D5F535F50535F5468
:1061C0004553545F313031390054464D5F535F5071
:1061D000535F544553545F313032300054464D5F65
:1061E000535F50535F544553545F31303231004751
:1061F000657420737570706F727420696E74657247
:10620000666163650054464D5F535F50535F54456C
:1062100053545F313032320074662D6D2D746573C6
:1062200074732F74657374735F7265672F7465730D
:10623000742F7365637572655F66772F7375697404
:1062400065732F70732F7365637572652F7073613B
:106250005F70735F735F72656C696162696C6974AA
:10626000795F7465737473756974652E6300505338
:106270002072656C696162696C69747920746573F8
:106280007473202854464D5F50535F544553545FF8
:1062900033585858290054464D5F535F50535F544C
:1062A0004553545F323030310054464D5F535F5098
:1062B000535F544553545F323030320074662D6D55
:1062C0002D74657374732F74657374735F7265676F
:1062D0002F746573742F7365637572655F66772FAE
:1062E0007375697465732F70732F73656375726549
:1062F0002F70735F726F6C6C6261636B5F70726F33
:1063000074656374696F6E5F7465737473756974B3
:10631000652E6300496E6372656D656E74207368E7
:106320006F756C64206E6F74206661696C00414DFE
:1063300020707265706172652073686F756C64207F
:106340006661696C0044656372656D656E74207387
:10635000686F756C64206E6F74206661696C0050A4
:10636000532073797374656D207072657061726506
:106370002073686F756C64206E6F74206661696C41
:106380000050532073797374656D2070726570616D
:1063900072652073686F756C64206661696C00506B
:1063A000532073797374656D2070726570617265C6
:1063B0002073686F756C64206661696C206173205E
:1063C00076657273696F6E206973206F6C6400521A
:1063D0006561642073686F756C64206E6F742066ED
:1063E00061696C004E5620636F756E746572203162
:1063F00020686173206265656E20696E63726561F5
:10640000736564206D6F7265207468616E20312041
:10641000756E6974004E5620636F756E74657220D8
:106420003120616E6420322073686F756C6420685F
:10643000617665207468652073616D652076616C96
:106440007565004E5620636F756E7465722032203C
:10645000616E6420332073686F756C6420686176A8
:1064600065207468652073616D652076616C756563
:1064700000414D20707265706172652073686F75A0
:106480006C64206E6F74206661696C0053657420C3
:1064900073686F756C64206661696C206173207429
:1064A0006865206E6F6E2D766F6C6174696C652007
:1064B000636F756E746572732063616E206E6F74A6
:1064C00020626520696E6372656173656400505374
:1064D00020726F6C6C6261636B2070726F746563A5
:1064E00074696F6E207465737473202854464D5F11
:1064F000535F50535F544553545F335858582900E5
:1065000054464D5F535F50535F544553545F33308F
:10651000303100436865636B2050532061726561C0
:106520002076657273696F6E207768656E204E56AF
:1065300020636F756E7465727320312F322F332094
:1065400068617665207468652073616D6520766189
:106550006C75650054464D5F535F50535F5445530F
:10656000545F3330303200436865636B20505320F2
:10657000617265612076657273696F6E20776865F8
:106580006E20697420697320646966666572656E41
:10659000742066726F6D204E5620636F756E746541
:1065A000727320312F322F330054464D5F535F50AA
:1065B000535F544553545F33303033004368656351
:1065C0006B20505320617265612076657273696F2C
:1065D0006E207768656E204E5620636F756E746509
:1065E0007273203120616E642032206172652065F3
:1065F0007175616C732C2033206973206469666641
:106600006572656E742C20616E6420505320617237
:1066100065612076657273696F6E206D6174636861
:10662000204E5620636F756E746572732031206141
:106630006E6420320054464D5F535F50535F5445A3
:1066400053545F3330303400436865636B205053DC
:1066500020617265612076657273696F6E2077685C
:10666000656E204E5620636F756E746572732032AE
:1066700020616E6420332061726520657175616CE4
:10668000732C203120697320646966666572656EBB
:106690007420616E642050532061726561207665BC
:1066A0007273696F6E206D61746368204E5620634B
:1066B0006F756E746572203220616E6420330054F1
:1066C000464D5F535F50535F544553545F333030F2
:1066D0003500436865636B2050532061726561200B
:1066E00076657273696F6E207768656E204E5620EE
:1066F000636F756E74657273203220616E6420332F
:106700002061726520657175616C732C2031206980
:106710007320646966666572656E7420616E6420BC
:10672000505320617265612076657273696F6E20C7
:106730006D61746368204E5620636F756E74657268
:1067400020310054464D5F535F50535F54455354BE
:106750005F3330303600436865636B2050532061EF
:106760007265612076657273696F6E207768656EF9
:10677000204E5620636F756E7465727320312C2025
:106780003220616E6420332068617665206469661A
:10679000666572656E742076616C75657320616ED6
:1067A0006420505320617265612076657273696F51
:1067B0006E206D61746368204E5620636F756E7431
:1067C000657220312076616C75650054464D5F53CB
:1067D0005F50535F544553545F3330303700436844
:1067E00065636B205053206172656120766572731A
:1067F000696F6E207768656E204E5620636F756EE8
:106800007465727320312C203220616E6420332035
:106810006861766520646966666572656E74207667
:10682000616C75657320616E6420505320617265E0
:10683000612076657273696F6E206D617463682084
:106840004E5620636F756E74657220322076616CCF
:1068500075650054464D5F535F50535F5445535424
:106860005F3330303800436865636B2050532061DC
:106870007265612076657273696F6E207768656EE8
:10688000204E5620636F756E7465727320312C2014
:106890003220616E64203320686176652064696609
:1068A000666572656E742076616C75657320616EC5
:1068B0006420505320617265612076657273696F40
:1068C0006E206D61746368204E5620636F756E7420
:1068D000657220332076616C75650054464D5F53B8
:1068E0005F50535F544553545F3330303900436831
:1068F00065636B2050532061726561207665727309
:10690000696F6E207768656E204E5620636F756ED6
:1069100074657220312063616E6E6F742062652031
:10692000696E6372656D656E74656400506C617448
:10693000666F726D20536572766963652053656377
:1069400075726520696E7465726661636520746531
:106950007374732854464D5F535F504C4154464FF7
:10696000524D5F544553545F31585858290054468E
:106970004D5F535F504C4154464F524D5F54455309
:10698000545F31303031004D696E696D616C20703B
:106990006C6174666F726D207365727669636520D1
:1069A000746573740074662D6D2D74657374732F24
:1069B00074657374735F7265672F746573742F7376
:1069C00065637572655F66772F7375697465732F7C
:1069D000706C6174666F726D2F706C6174666F722B
:1069E0006D5F74657374735F636F6D6D6F6E2E632F
:1069F0000043616C6C207769746820696E76616C05
:106A0000696420726571756573742073686F756C45
:106A100064206661696C2E005B556E737570706FD3
:106A2000727465645D005B4552525D005B4E4F546D
:106A30005D005B57524E5D005B494E465D005B5604
:106A400045525D00608648016503040204006086CB
:106A500048016503040201006086480165030402E1
:106A60000200608648016503040203004145532D7E
:106A70003235362D43434D2A2D4E4F2D544147007C
:106A80004145532D3139322D43434D2A2D4E4F2D43
:106A9000544147004145532D3132382D43434D2A4F
:106AA0002D4E4F2D544147004145532D3235362D43
:106AB00043434D004145532D3139322D43434D0061
:106AC0004145532D3132382D43434D004145532D1F
:106AD0003235362D47434D004145532D3139322D46
:106AE00047434D004145532D3132382D47434D002A
:106AF0004145532D3235362D435452004145532DD7
:106B00003139322D435452004145532D3132382D05
:106B1000435452004145532D3235362D4F464200E5
:106B20004145532D3139322D4F4642004145532DB9
:106B30003132382D4F4642004145532D3235362DE6
:106B4000434642313238004145532D3139322D43CD
:106B50004642313238004145532D3132382D4346BB
:106B600042313238004145532D3235362D434243B0
:106B7000004145532D3139322D43424300414553A5
:106B80002D3132382D434243004145532D323536A5
:106B90002D454342004145532D3139322D45434265
:106BA000004145532D3132382D454342000000004D
:106BB00000000000000000000000000000000000D5
:106BC00000000000000000000000000000000000C5
:106BD000F9FFF0FF00800000000000007AFF0300D2
:106BE00079FF030076FF050000800400000000002C
:106BF0006BFF0D007AFF010073FF100069FF1200A8
:106C0000008017000102040800000B00EC034D0097
:106C10000200890003008A001800A40020002C0054
:106C200021002D0022002E0023002F002500B1009E
:106C30003F00CB00FFFF0000090A00000600000033
:106C40004E000000020300000C000000021B1A03AB
:106C5000244B000006000000300000000700000088
:106C60004C000000060000000E0F100004000000A1
:106C7000111213000400000001010204000B0304C0
:106C80000303030303050609090A09030C030D0F97
:106C90000F090A03020103030303060303030303AB
:106CA00003030303030303030303030909544849CC
:106CB00053204953204D5920554E434F4D4D4F4E73
:106CC0004C59204C4F4E47204B45593100544849B0
:106CD00053204953204D59204B455931001014146D
:106CE00000001C2030401C2000001C20304001000F
:106CF000000000000000CF0FF263B01BA728FA4687
:106D0000BD8D4234BB830100000000000000BA0BBF
:106D1000000000000000281D9C36168434918D2F41
:106D2000F3F827E536C40200000000000000BA0BAB
:106D30000000000000000000000000000000000053
:106D40000000000000000000000000000000000043
:106D50000000000000000000000000000000000033
:106D60000000000000000000000000000000000023
:106D70000000000000000000000000000000000013
:106D80000000000000000000000000000000000003
:106D900000000000000000000000000000000000F3
:106DA00000000000000000000000000000000000E3
:106DB00000000000000000000000000000000000D3
:106DC00000000000000000000000000000000000C3
:106DD00000000000000000000000000000000000B3
:106DE00000000000000000000000000000000000A3
:106DF0000000000000000000000000000000000093
:106E00000000000000000000000000000000000082
:106E10000000000000000000000000000000000072
:106E20000000000000000000000000000000000062
:106E30000000000000000000000000000000000052
:106E40000000000000000000000000000000000042
:106E50000000000000007D000000010000000000B4
:106E60000000CF0FF263B01BA728FA46BD8D423455
:106E7000BB830100000000000000BA0B000000000E
:106E80000000000000000000000000000000000002
:106E900000000000000000000000000000000000F2
:106EA0000000ED588FA48790E2F7CA002D9B931F36
:106EB00009660200000000000000BA0B000000009C
:106EC00000000000000000000000000000000000C2
:106ED00000000000000000000000000000000000B2
:106EE00000000000000000000000000000000000A2
:106EF0000000000000000000000000000000000092
:106F00000000000000000000000000000000000081
:106F10000000000000000000000000000000000071
:106F20000000000000000000000000000000000061
:106F30000000000000000000000000000000000051
:106F40000000000000000000000000000000000041
:106F50000000000000000000000000000000000031
:106F60000000000000000000000000000000000021
:106F70000000000000000000000000000000000011
:106F80000000000000000000000000000000000001
:106F900000000000000000000000000000000000F1
:106FA00000000000000000000000000000000000E1
:106FB00000000000000000000000000000000000D1
:106FC00000008000000087000000000000000000BA
:106FD00000008A0000000000000000000000609B2C
:106FE0003D519160081782EC63213A04DC93AA9624
:106FF000CFB468E504915250590AAB1AE91B599372
:10700000964129E6E42541CC64906EDF4CEE5E2982
:10701000F43CE9942EA4C39D61919A46F574088EC0
:107020004916342E398D1479356F8494FCA7AC55EC
:107030002FF1A06997C273A9D67C1396691161A834
:10704000A360738502FE82B27352B4E7BE983AFB26
:107050003508714336F0CF25771C49A90B9FA73718
:10706000B44E1A67531E8F5E86521EB0847502B5E9
:10707000E57D7F7FFFD799A15E82A20CC84BC5EF4B
:1070800095100CF62798317F202D1836A147F7F37D
:10709000A7BBB44C410009698C0BF950B90C792F8E
:1070A0008CFB6B07F0FEE19D8C86BC323BC8C3971E
:1070B00044BE785101796D83592545E3FD0F08E001
:1070C000AABD65E129312FA19B1FCFDF0A97962822
:1070D00077BE752DD732CFE8801CA61A55DB164E29
:1070E00054EE539EBCE68828BA16DF9AE4011330AA
:1070F000050763B555E571E5FD0C52D986E1854F6D
:1071000085016C4CD75F6F57DE5568B19A45DD44F9
:10711000F2EC60F473811F6342BA97BC25D63082CB
:10712000010A0282010100ACDC6CB58F7021C1BE86
:10713000D7A25204681E2B601A9C714AB86342D0D1
:107140005AF720345A3CF94A8131D72E02DFFD5CD0
:10715000CBFF783076988CF03425829D2DA1C1E943
:107160007045FE27E4D0ABC77ACE1DABB2367F3474
:10717000E4EC2A573F2625E5981FED3926AD44BC9F
:10718000FC75E01AED7237AA9E12C586692C397615
:10719000850CF2E1E3F97AD184FC0DF0D37E9ECA2E
:1071A000149E36C9E40E704C705611FF2BFB9D5196
:1071B000CFAF9EFF67522101893FD3E7EB42105AC0
:1071C000B948AFC2D1781F29FF13984438E74D174B
:1071D000288C2A30923006526D7C6BBFFCD0FCF9B3
:1071E000D033D94139CD736845828D4FDEB581A743
:1071F000AA8370531B753B0F8AB3BAD1AB637AC7AE
:10720000266FCF474E6B92BE02C16B0FC72A2F9CD1
:107210000791BE09FD65F0CCCAAAC17C55A74E09ED
:107220000058046879E91702030100011548060CAB
:107230005648060C20000000D948060C3A49060CB6
:1072400030000000308204A402010002820101002B
:10725000BD18923B793EEA506D4815FA9D957763CB
:107260001530CBF87318E217C095EA81A130FC2BDA
:107270005B807C729C760835E626A8C2AD769B536F
:10728000766AEFF8DD0FE56FD0A67266EC5E77F1F7
:10729000618DA2269BB76D917FD9EFF19DE412AB72
:1072A000547A4B2CA29726FB6325AA23D25AB7ED1A
:1072B000A73CDD87ADBACEECA2B21FD993EA6791A5
:1072C0002F69701B25BFD15BEB6F02F168201E6C2C
:1072D0007215BC7A64D93F43BA5895AB101A07CCE3
:1072E0009D08790ACC3104C4CBE947CFDDAF1099B2
:1072F000D4B0C169DE2DD770A68E98B7EFB15617FE
:1073000057E5C30FD332A2723524DA28A0B31E6723
:10731000F1D17AADFED76FFD3525E8B35C4531B5C7
:10732000BECAA66389BB3D0A3AF7B2DEE09EBB66E1
:1073300054497CD40316F578805D63A7B89C49DA7C
:1073400094C852E6A60064A8C9338263B87FE5D327
:10735000020301000102820100032D3F7FAA48C9F8
:107360004CF2990C6D7A6A416833B9EF234C63B5DE
:10737000A0AA869A3AF5474A653C134B83ED66FA14
:107380003A55947EAF4E94B8854D6EFC7B14D3A8CD
:107390008A195A427FC226D02308FD8524DAE6D80E
:1073A000FB61C77A85779E9645B4949D60B19692AD
:1073B0007C14AD544F67C04868C0AF80154070EB77
:1073C000FB03BCB456466AE0B48AB45DC2C6FE9202
:1073D000F8D55AB714F127E0FAF00714A37BBD7E65
:1073E00093F6999CC0445D8BA64E62B3F57F309CAA
:1073F000B814372808D3322D6B3354E253A6E62A4B
:10740000CD0DCD3F742476A558BD85F4A7FB89EE3C
:1074100010EE99414D1343BC75C9BEA9473E3F5B71
:107420002DD689ECE1E34E080B37F7C6C5971AF75E
:107430005BB485EABAB993A73C68E355AB01722502
:107440005FFE43B270F0337D57DED7E7A0C3E72776
:107450008A5127EE64A178E1E902818100DE8F4D37
:10746000641C672F5977F04E81ED4BE6CAC897BC74
:10747000F9046A543804B88EF399E36E67980A5990
:107480008355A6C37A6E8CB7D256D4BDFCF3DB0B02
:10749000037AF928440BB74D41CF27FEE89A9AE9C1
:1074A000CCDA06032AF418B2AD2E64AD7EB77A4F5B
:1074B000206ABFEE489977086D0D07D0348A2061A5
:1074C000869C3CE8BA91919BF54C40B4AA94B68254
:1074D00059F6C3B2D52858C1F4A981025D02818151
:1074E00000D98217FEB5F7384433A00009F3A5E6AA
:1074F000729784E227D5B3A4FEF56800B64FA7378C
:10750000D93DCAFD8420670F7E19B5C9526F0EDCC4
:107510009B0098830C8824A487C225B9EED3370436
:107520002BD1E08799DF280DE8DFAEB62F0EF89D4E
:10753000F75105C387825E7BF0DBF3B3D41C0BEA03
:10754000F2843B9421A98C6E5DC14B7FEF316E8537
:10755000C1FA1390AF34B84A3F5A93B4E8EDA0652E
:10756000EF02818100A83DE01D1BB38D01AF3F43B9
:10757000B9C82EA68B08D45C104A9C2E8A22577A52
:1075800009007E02C9E10F81D75C7A322F6D3E86F9
:10759000FF44909206943933BC2FCC05FA5A78F800
:1075A000B814E78135491A6E3F6359442FC6529D7E
:1075B0004F7950B62EA2789D343E3E54DD20D5F052
:1075C000D2AF1506F990A925D0626F50E7287FD079
:1075D0004BC096F17C39EB35E2D83DDC0472F9956D
:1075E000B5642598290281802A519C778B51E959ED
:1075F000A3ADBAB434FA8F46B6623D5A40C2EE1417
:10760000490D0E2E6A7AFF6BBE1113983471B8DAE9
:10761000F107A47EEC6AB8D3539F58C8046914B527
:10762000F13943DECAAB869D3BFD7284A69D756F22
:107630005CADF2765F7451CFBFACDE692C1D540196
:10764000FDD981A08040755AF00D6379D532247B35
:107650000B53B43586A9994EAF68451B41A7A59237
:1076600083FDFF11DEC1F97302818100B40819D2D4
:107670001A83C509EE7E4426E18063F309CD467482
:10768000E695BD2EA474799957E075BAC525B23B2D
:10769000704C72D9ED47599B8DB5B86A88D95D1683
:1076A000B6FB137B98AD0ABDFBA43A12A4C627CC47
:1076B000A31E87642911048E1122D07F15886908C2
:1076C000A6E7F379258939BCFD859F9F53F728C12B
:1076D000554B4FF130AB57783BDA51B7469A534090
:1076E00063525EF414D54038ECDD3804093F860D52
:1076F000680BB4E072A42350D66706063C8CB7B67C
:1077000049B6491F7BCB6D36E6637E0C0000000056
:1077100000000000000000000000000030450220D2
:107720006BDCC6D5F5DCABC252B6A0CD129EFC3EDA
:1077300086247DF1BD7BE976BDB5998244D4A50C44
:10774000022100A6257B3B2A2DEAAA43BC3AC78921
:10775000DC1B52E0D2B6BD8C5D5EF332E73265BD14
:107760007BCB063059301306072A8648CE3D0201EE
:1077700006082A8648CE3D0301070342000441C69D
:10778000FCC5A4BB7045A7B25E50B32ED02A8DA80D
:107790008E1B34C27157385C45ABF2517B175AC50A
:1077A00005A99E4B7DDDD7BFBB4551927D33338B01
:1077B0001B705AFD2BF27AA4BD3750ED349FED8F2C
:1077C000AA23E28B1F51634F8EC9DC24920F3DA187
:1077D0007B476838E30D104A6DA72D48A4180000B8
:1077E00000404004000150050011C0040044400462
:1077F0000010C0040012C004000250050000008008
:1078000047A342B12F52D38F1E024A46730B77C152
:107810005E9331A93EC281B53D076F31C19F19AC5E
:1078200005655F021B6432D9B149BA750560524ED5
:1078300078FA61C9375D7F58000000000000000041
:107840000000000000000000000000000000000038
:107850000000000000000000000000009437BEB5EA
:107860007F7C5CB00A924DD3BA7EB11ADBA225B2FE
:10787000828EDFBB61BF911D28234A0400000000F7
:1078800000000000000000000000000000000000F8
:1078900000000000000000000000000094219BC3D5
:1078A000D5EDE6EE42105A58A44D678716A2A76C94
:1078B0002EC585B76A4C90B273EE583C591667F3E3
:1078C0006F30991C2AF7B15F4583F59F00000000D7
:1078D0000000000000000000000000008F76EF12A2
:1078E0000B92C206CE0118758496D96F2388D4F8FE
:1078F000CF79F8CF27129FA67E879A68EEE2E71D20
:107900004BF287C0056ABD7F9DFFAAF39A1CB7B7EB
:10791000BD0361A3A96A5DB281E16F1F00D290E24D
:107920000E4EC17E7A95F5105C7674046EB5565E87
:10793000E5E7BA156C2347F30000000000000000E3
:107940000000000000000000000000000000000037
:107950000000000000000000000000006B22092A67
:10796000371EF514F7394DCFAD4D174666CB33A012
:1079700039D8414EF12AD34D69C3B53E000000000D
:1079800000000000000000000000000000000000F7
:10799000000000000000000000000000647911BB3E
:1079A000474E47593E4DBC60A5F9BF9CC0BA550F24
:1079B00093CA72DF571E5056F94A01D6A56FF76277
:1079C000344F48FD9D150742B77294B8000000007F
:1079D000000000000000000000000000B41CA36CC8
:1079E000A9671DAD341FBE1B83C4402A474279BB23
:1079F00021CAF060E4D26E9B7012343F552C0931DD
:107A00000A5B402101A83B58E748131A7ECDE1D21A
:107A10004610583449144BAA89A9F5B10800000250
:107A2000090000020A0000020B0000024C69747495
:107A30006C6520746578742C2066756C6C2121004F
:107A40000000000054686973206973206D7920700C
:107A50006C61696E74657874206D657373616765B8
:107A600020616E642069742773206D616465206FE6
:107A70006620363820636861726163746572732EA4
:107A80002E2E2131323334000000000000000000AF
:107A900000000000E1ECFC001E2E9ADBD016B3B40F
:107AA000F323CE00C10582EC81E1FC1940474CA6CE
:107AB00084F9E507B58ABD03BCE523820511BF0043
:107AC00000000000000000000000000000000000B6
:107AD00000000000000000000000000000000000A6
:107AE0000000000000000000000000000000000096
:107AF0000000000000000000000000000000000086
:107B00000000000000000000000000000000000075
:107B10000000000000000000000000000000000065
:107B20000000000000000000000000000000000055
:107B30000000000000000000000000000000000045
:107B40000000000000000000000000000000000035
:107B50000000000000000000000000000000000025
:107B60000000000000000000000000000000000015
:107B70000000000000000000000000000000000005
:107B800000000000000000000000000000000000F5
:107B900000000000000000000000000000000000E5
:107BA00000000000000000000000000000000000D5
:107BB00000000000000000000000000000000000C5
:107BC00000000000000000000000000000000000B5
:107BD00000000000000000000000000000000000A5
:107BE0000000000000000000000000000000000095
:107BF0000000000000000000000000000000000085
:107C00000000000000000000000000000000000074
:107C10000000000000000000000000000000000064
:107C20000000000000000000000000000000000054
:107C30000000000000000000000000000000000044
:107C40000000000000000000000000000000000034
:107C50000000000000000000000000000000000024
:107C60000000000000000000000000000000000014
:107C70000000000000000000000000000000000004
:107C800000000000000000000000000000000000F4
:107C900000000000000000000000000000000000E4
:107CA00000000000000000000000000000000000D4
:107CB00000000000000000000000000000000000C4
:107CC00002000000000000000300000000000000AF
:107CD000040000000000000080000000000100001F
:107CE00000020000BF0000000000000000000000D3
:107CF0000000000000000000000000000000000084
:107D00000000000000000000000000000000000073
:107D10000000000000000000000000000000000063
:107D20000000000000000000000000000000000053
:107D30000000000000000000000000000000000043
:107D40000000000000000000000000000000000033
:107D50000000000000000000000000000000000023
:107D60000000000000000000000000000000000013
:107D70000000000000000000000000000000000003
:107D800000000000000000000000000000000000F3
:107D900000000000000000000000000000000000E3
:107DA00000000000000000000000000000000000D3
:107DB00000000000000000000000000000000000C3
:107DC00000000000000000000000000000000000B3
:107DD00000000000000000000000000000000000A3
:107DE0000000000000000000000000000000000093
:107DF0000000000000000000000000000000000083
:107E00000000000000000000000000000000000072
:107E10000000000000000000000000000000000062
:107E20000000000000000000000000000000000052
:107E30000000000000000000000000000000000042
:107E40000000000000000000000000000000000032
:107E50000000000000000000000000000000000022
:107E60000000000000000000000000000000000012
:107E70000000000000000000000000000000000002
:107E800000000000000000000000000000000000F2
:107E900000000000000000000000000000000000E2
:107EA00000000000000000000000000000000000D2
:107EB00000000000000000000000000000000000C2
:107EC00000000000000000000000000000000000B2
:107ED00000000000000000000000000000000000A2
:107EE0000000000000000000000000000000000092
:107EF0000000000000000000000000000000000082
:107F00000000000000000000000000000000000071
:107F10000000000000000000000000000000000061
:107F20000000000000000000000000000000000051
:107F30000000000000000000000000000000000041
:107F40000000000000000000000000000000000031
:107F50000000000000000000000000000000000021
:107F60000000000000000000000000000000000011
:107F70000000000000000000000000000000000001
:107F800000000000000000000000000000000000F1
:107F900000000000000000000000000000000000E1
:107FA00000000000000000000000000000000000D1
:107FB00000000000000000000000000000000000C1
:107FC00000000000000000000000000000000000B1
:107FD00000000000000000000000000000000000A1
:107FE0000000000000000000000000000000000091
:107FF0000000000000000000000000000000000081
:108000000000000000000000000000000000000070
:108010000000000000000000000000000000000060
:108020000000000000000000000000000000000050
:108030000000000000000000000000000000000040
:108040000000000000000000000000000000000030
:108050000000000000000000000000000000000020
:108060000000000000000000000000000000000010
:108070000000000000000000000000000000000000
:1080800000000000000000000000000000000000F0
:1080900000000000000000000000000000000000E0
:1080A00000000000000000000000000000000000D0
:1080B00000000000000000000000000000000000C0
:1080C00000000000000000000000000000000000B0
:1080D00000000000000000000000000000000000A0
:1080E0000000000000000000000000000000000090
:1080F0000000000000000000000000000000000080
:10810000000000000000000000000000000000006F
:10811000000000000000000000000000000000005F
:10812000000000000000000000000000000000004F
:10813000000000000000000000000000000000003F
:10814000000000000000000000000000000000002F
:10815000000000000000000000000000000000001F
:10816000000000000000000000000000000000000F
:1081700000000000000000000000000000000000FF
:1081800000000000000000000000000000000000EF
:1081900000000000000000000000000000000000DF
:1081A00000000000000000000000000000000000CF
:1081B00000000000000000000000000000000000BF
:1081C00000000000000000000000000000000000AF
:1081D000000000000000000000000000000000009F
:1081E000000000000000000000000000000000008F
:1081F000000000000000000000000000000000007F
:10820000000000000000000000000000000000006E
:10821000000000000000000000000000000000005E
:10822000000000000000000000000000000000004E
:10823000000000000000000000000000000000003E
:10824000000000000000000000000000000000002E
:10825000000000000000000000000000000000001E
:10826000000000000000000000000000000000000E
:1082700000000000000000000000000000000000FE
:1082800000000000000000000000000000000000EE
:1082900000000000000000000000000000000000DE
:1082A00000000000000000000000000000000000CE
:1082B00000000000000000000000000000000000BE
:1082C00000000000000000000000000000000000AE
:1082D000000000000000000000000000000000009E
:1082E000000000000000000000000000000000008E
:1082F000000000000000000000000000000000007E
:10830000000000000000000000000000000000006D
:10831000000000000000000000000000000000005D
:10832000000000000000000000000000000000004D
:10833000000000000000000000000000000000003D
:10834000000000000000000000000000000000002D
:10835000000000000000000000000000000000001D
:10836000000000000000000000000000000000000D
:1083700000000000000000000000000000000000FD
:1083800000000000000000000000000000000000ED
:1083900000000000000000000000000000000000DD
:1083A00000000000000000000000000000000000CD
:1083B00000000000000000000000000000000000BD
:1083C00000000000000000000000000000000000AD
:1083D000000000000000000000000000000000009D
:1083E000000000000000000000000000000000008D
:1083F000000000000000000000000000000000007D
:10840000000000000000000000000000000000006C
:10841000000000000000000000000000000000005C
:10842000000000000000000000000000000000004C
:10843000000000000000000000000000000000003C
:10844000000000000000000000000000000000002C
:10845000000000000000000000000000000000001C
:10846000000000000000000000000000000000000C
:1084700000000000000000000000000000000000FC
:1084800000000000000000000000000000000000EC
:1084900000000000000000000000000000000000DC
:1084A00000000000000000000000000000000000CC
:1084B00000000000000000000000000000000000BC
:1084C00000000000000000000000000000000000AC
:1084D000000000000000000000000000000000009C
:1084E000000000000000000002000000000000008A
:1084F0000300000000000000040000000000000075
:10850000000200000004000000080000266A060CBB
:10851000000000000000000000000000000000005B
:10852000000000000000000000000000000000004B
:10853000000000002C6A060C000000000000000093
:10854000000000000000000000000000000000002B
:10855000000000000000000000000000326A060C6D
:10856000000000000000000000000000000000000B
:1085700000000000000000000000000000000000FB
:1085800000000000386A060C000000000000000037
:1085900000000000000000000000000000000000DB
:1085A0000000000000000000000000003E6A060C11
:1085B0005C81FF7F00000000000000000000000060
:1085C00001010080BDF6040C000000000000000066
:1085D0005D81FF7F0000000001000000000000003E
:1085E0000101008065F6040C00000000000000009E
:1085F0005C81FF7F00000000004000005D81FF7F84
:10860000030000000886060C0501000000100000B1
:10861000BA0B000000200000000000C40020000091
:1086200081DD040C4040400000404080808080009C
:10863000009088684810141400001C2030401C2052
:1086400000001C203040000000000000505341009A
:108650004B45590002020402040204060206040209
:1086600004060602060402060406080402040204C4
:108670000E0406020A020606040606020A020402A4
:108680000C0C04020406020A060606020604020A8C
:108690000E0402040E060A02040608060604060872
:1086A00004080A020A02060406080402040C08046C
:1086B0000804060C0212060A060602060A0606024C
:1086C000060604020C0A02040606020C0406080A46
:1086D000080A0806060408060408040E0A0C020A22
:1086E0000204020A0E0402040E0402041404080A1E
:1086F000080406060E040606080600000C87060C91
:10870000010008002C87060C010008005F9C95BC46
:10871000A3508C24B1D0B1559C83EF5B04445CC45E
:10872000581C8E86D8224EDDD09F1157E0EB7A7C04
:108730003B41B8AE1656E3FAF19FC46ADA098DEBF5
:108740009C32B1FD866205165F49B800D103000076
:10875000010000008335DC163BB124B65129C96FF6
:10876000DE933D8D723A70AADC873D6D54A7BB0D38
:1087700014DEF9DEA2F79CD65812631A5CF5D3ED2D
:10878000414136D08C5ED2BF3BA048AFE6DCAEBAEA
:10879000FEFFFFFFFFFFFFFFFFFFFFFFFFFFFFFFEA
:1087A000B8D410FB8FD0479C195485A648B417FD48
:1087B000A808110EFCFBA45D65C4A32677DA3A482D
:1087C0009817F8165B81F259D928CE2DDBFC9B0255
:1087D000070B87CE9562A055ACBBDCF97E66BE79EF
:1087E00007000000000000002FFCFFFFFEFFFFFF5E
:1087F000FFFFFFFFFFFFFFFFFFFFFFFFFFFFFFFF89
:10880000FFFFFFFFFFFFFFFF096438911EB76FBB3B
:10881000AE479C89B8C9B53BD0A509F74801CC7FC4
:108820006B962FBF83878651FAFFFFFFFFFFFFFF85
:10883000FFFFFFFFFFFFFFFFFFFFFFFFFFFFFFFF48
:10884000FFFFFFFFFFFFFFFFFF0100005066D19F0A
:108850007694BE8840C272A286703C356107AD3FF7
:1088600001B950C54026F45E9972EE972C663E27FA
:1088700017BDAF1768449B574944F598D91B7D2C09
:10888000B45F8A5C04C03B9A786A293918010000F9
:1088900066BDE5C2317E7EF99B426A85C1B348332D
:1088A000DEA8FFA227C11DFE2859E7EF775E4BA186
:1088B000BA3D4D6B60AF28F821B53F053981649C06
:1088C00042B4952366CB3E9ECDE90404B7068E855F
:1088D000C6000000003F506BD41F45EFF1342C3D23
:1088E00088DF733507BFB13BBDC052167B937EEC6A
:1088F00051391956E109F18E9189B4B8F315B3993C
:108900005B72DAA2EE4085B6A0219A921F9A1C8E65
:1089100061B93E9551000000FFFFFFFFFFFFFFFF21
:10892000FFFFFFFFFFFFFFFFFFFFFFFFFFFFFFFF57
:10893000FFFFFFFFFFFFFFFFFFFFFFFFFFFFFFFF47
:10894000FFFFFFFFFFFFFFFFFFFFFFFFFFFFFFFF37
:10895000FFFFFFFFFFFFFFFFFF0100007329C5CCF2
:108960006A19ECEC7AA7B048B20D1A58DF2D37F42B
:10897000814D63C7FFFFFFFFFFFFFFFFFFFFFFFF0B
:10898000FFFFFFFFFFFFFFFFFFFFFFFF5F0EEA900C
:108990007C1D437A9D817E1DCEB1600AC0B8F0B5C2
:1089A0001331DAE97C149A28BD1DF4F829DC92927F
:1089B000BF989E5D6F2C26964ADE1736B70A7672F0
:1089C000385E543A6C2955BF5DF20255382A5482FC
:1089D000E041F759989BA78B623B1D6E74AD20F365
:1089E0001EC7B18E37058BBE22CA87AAEF2AECD3E9
:1089F000EDC8852A9DD12E8A8D3956C65A871350C7
:108A00008F081403124181FE6E9C1D18192DF8E386
:108A10006B058E98E4E73EE2A72F31B3FFFFFFFF1F
:108A20000000000000000000FFFFFFFFFEFFFFFF4F
:108A3000FFFFFFFFFFFFFFFFFFFFFFFFFFFFFFFF46
:108A4000FFFFFFFFFFFFFFFFFFFFFFFF512563FC5D
:108A5000C2CAB9F3849E17A7ADFAE6BCFFFFFFFFB9
:108A6000FFFFFFFF00000000FFFFFFFFF551BF37D2
:108A70006840B6CBCE5E316B5733CE2B169E0F7C43
:108A80004AEBE78E9B7F1AFEE242E34F96C298D8EC
:108A90004539A1F4A033EB2D817D0377F240A46327
:108AA000E5E6BCF847422CE1F2D1176B4B60D227C8
:108AB0003E3CCE3BF6B053CCB0061D65BC869876E6
:108AC00055BDEBB3E7933AAAD835C65AFFFFFFFF6F
:108AD000FFFFFFFFFFFFFFFF00000000000000009E
:108AE0000000000001000000FFFFFFFF0100000088
:108AF00010141400001C2030401C2000001C2030EA
:108B000040404040000040408080808000009088CD
:108B1000684810141400001C2030401C2000001C69
:108B200020304000982F8A4291443771CFFBC0B566
:108B3000A5DBB5E95BC25639F111F159A4823F9228
:108B4000D55E1CAB98AA07D8015B8312BE85312481
:108B5000C37D0C55745DBE72FEB1DE80A706DC9B42
:108B600074F19BC1C1699BE48647BEEFC69DC10FEE
:108B7000CCA10C246F2CE92DAA84744ADCA9B05C2A
:108B8000DA88F97652513E986DC631A8C82703B0ED
:108B9000C77F59BFF30BE0C64791A7D55163CA06FB
:108BA00067292914850AB72738211B2EFC6D2C4D07
:108BB000130D385354730A65BB0A6A762EC9C281F5
:108BC000852C7292A1E8BFA24B661AA8708B4BC28B
:108BD000A3516CC719E892D1240699D685350EF4B5
:108BE00070A06A1016C1A419086C371E4C7748276C
:108BF000B5BCB034B30C1C394AAAD84E4FCA9C5BE2
:108C0000F36F2E68EE828F746F63A5781478C88432
:108C10000802C78CFAFFBE90EB6C50A4F7A3F9BE14
:108C2000F27871C60000000022AE28D7982F8A4241
:108C3000CD65EF23914437712F3B4DECCFFBC0B591
:108C4000BCDB8981A5DBB5E938B548F35BC2563991
:108C500019D005B6F111F1599B4F19AFA4823F927B
:108C600018816DDAD55E1CAB420203A398AA07D81F
:108C7000BE6F7045015B83128CB2E44EBE85312419
:108C8000E2B4FFD5C37D0C556F897BF2745DBE7273
:108C9000B196163BFEB1DE803512C725A706DC9BD8
:108CA000942669CF74F19BC1D24AF19EC1699BE4BD
:108CB000E3254F388647BEEFB5D58C8BC69DC10FD7
:108CC000659CAC77CCA10C2475022B596F2CE92D37
:108CD00083E4A66EAA84744AD4FB41BDDCA9B05CCF
:108CE000B5531183DA88F976ABDF66EE52513E98C0
:108CF0001032B42D6DC631A83F21FB98C82703B0B0
:108D0000E40EEFBEC77F59BFC28FA83DF30BE0C68C
:108D100025A70A934791A7D56F8203E05163CA063E
:108D2000706E0E0A67292914FC2FD246850AB727D0
:108D300026C9265C38211B2EED2AC45AFC6D2C4D09
:108D4000DFB3959D130D3853DE63AF8B54730A6503
:108D5000A8B2773CBB0A6A76E6AEED472EC9C2815F
:108D60003B358214852C72926403F14CA1E8BFA2BA
:108D7000013042BC4B661AA89197F8D0708B4BC259
:108D800030BE5406A3516CC71852EFD619E892D1E1
:108D900010A96555240699D62A20715785350EF4F9
:108DA000B8D1BB3270A06A10C8D0D2B816C1A4190D
:108DB00053AB4151086C371E99EB8EDF4C77482737
:108DC000A8489BE1B5BCB034635AC9C5B30C1C3983
:108DD000CB8A41E34AAAD84E73E363774FCA9C5BC0
:108DE000A3B8B2D6F36F2E68FCB2EF5DEE828F743B
:108DF000602F17436F63A57872ABF0A11478C88415
:108E0000EC39641A0802C78C281E6323FAFFBE904F
:108E1000E9BD82DEEB6C50A41579C6B2F7A3F9BEAA
:108E20002B5372E3F27871C69C6126EACE3E27CAC4
:108E300007C2C021C7B886D11EEBE0CDD67DDAEAE5
:108E400078D16EEE7F4F7DF5BA6F1772AA67F00684
:108E5000A698C8A2C57D630AAE0DF9BE04983F115D
:108E60001B471C13350B711B847D0423F577DB280E
:108E70009324C7407BABCA32BCBEC9150ABE9E3C18
:108E80004C0D109CC4671D43B6423ECBBED4C54CAE
:108E90002A7E65FC9C297F59ECFAD63AAB6FCB5FF2
:108EA0001758474A8C19446CC18E060CBE8E060CAE
:108EB000BB8E060CB88E060C0B40800A3080092051
:108EC00040081C40446A060C09000000080000002D
:108ED0004E6A060C0900000009000000586A060CE2
:108EE000090000000A000000626A060C0900000088
:108EF0000B00000000000000000000000000000067
:108F0000E490060C0490060C4490060C020000004D
:108F1000DC90060C03000000D490060C0400000056
:108F2000CC90060C05000000C490060C0600000062
:108F3000BC90060C07000000B490060C080000006E
:108F4000AC90060C09000000A490060C0A0000007A
:108F50009C90060C410000009490060C420000001A
:108F60008C90060C430000008490060C0B0000005F
:108F70007C90060C0C0000007490060C0D000000A4
:108F80006C90060C0E0000003C90060C0F000000D8
:108F90003490060C100000002C90060C20000000FD
:108FA000FC8F060C21000000F48F060C220000004C
:108FB000EC8F060C23000000E48F060C2400000058
:108FC000DC8F060C25000000D48F060C000000008A
:108FD000000000006C6A060C70942505806A060C7F
:108FE00070932405946A060C70922305A86A060CF7
:108FF00070842205B46A060C70832105C06A060CD1
:109000007082200502000000000000000000000047
:10901000000000000000000000000000F9EF050C57
:10902000F9EF050CE3EF050CD1EF050CCC6A060C4B
:1090300070641009D86A060C70630F09E46A060CA4
:1090400070620E0902000000000000000000000035
:10905000000000000000000000000000C7EF050C49
:10906000C7EF050CAFEF050C9DEF050CF06A060C81
:1090700090540D00FC6A060C90530C00086B060C13
:1090800090520B00146B060C90444300206B060CAE
:10909000904342002C6B060C90424100386B060C4A
:1090A00090340A00476B060C90330900566B060C8F
:1090B00090320800656B060C90240700716B060C5B
:1090C000902306007D6B060C90220500896B060C30
:1090D00010140400956B060C10130300A16B060C12
:1090E000101202000200000045F0050C41F0050CD2
:1090F0003DF0050C39F0050C35F0050C31F0050C90
:109100002DF0050C15F0050C03F0050C0000201CDB
:10911000403860248070A06CC048E05400E120FD1D
:1091200040D960C58091A08DC0A9E0B5F9FFFFFFCF
:109130000000000001060000000600000000000022
:1091400012000000000000006200000000000000AB
:10915000FFFFFFFFFFFFFFFF000000000000000017
:109160001889FF7F010000000000000000000000DF
:1091700000000000000000000000000000000000EF
:1091800000000000000000000000000000000000DF
:1091900000000000000000000000000000000000CF
:1091A00000000000000000000000000000000000BF
:1091B00000000000000000000000000000000000AF
:1091C000000000000000000000000000000000009F
:1091D000000000000000000000000000000000008F
:1091E000000000000000000000000000000000007F
:1091F000000000000000000000000000000000006F
:10920000000000000000000000000000000000005E
:10921000000000000000000000000000000000004E
:10922000000000000000000000000000000000003E
:10923000000000000000000000000000000000002E
:10924000000000000000000000000000000000001E
:10925000000000000000000000000000000000000E
:1092600000000000000000000000000000000000FE
:1092700000000000000000000000000000000000EE
:1092800000000000000000000000000000000000DE
:1092900000000000000000000000000000000000CE
:1092A00000000000000000000000000000000000BE
:1092B00000000000000000000000000000000000AE
:1092C000000000000000000000000000000000009E
:1092D000000000000000000000000000000000008E
:1092E000000000000000000000000000000000007E
:1092F000000000000000000000000000000000006E
:10930000000000000000000000000000000000005D
:10931000000000000000000000000000000000004D
:10932000000000000000000000000000000000003D
:10933000000000000000000000000000000000002D
:10934000000000000000000000000000000000001D
:10935000000000000000000000000000000000000D
:1093600000000000000000000000000000000000FD
:1093700000000000000000000000000000000000ED
:1093800000000000000000000000000000000000DD
:1093900000000000000000000000000000000000CD
:1093A00000000000000000000000000000000000BD
:1093B00000000000000000000000000000000000AD
:1093C000000000000000000000000000000000009D
:1093D000000000000000000000000000000000008D
:1093E000000000000000000000000000000000007D
:1093F000000000000000000000000000000000006D
:10940000000000000000000000000000000000005C
:10941000000000000000000000000000000000004C
:10942000000000000000000000000000000000003C
:10943000000000000000000000000000000000002C
:10944000000000000000000000000000000000001C
:10945000000000000000000000000000000000000C
:1094600000000000000000000000000000000000FC
:1094700000000000000000000000000000000000EC
:1094800000000000000000000000000000000000DC
:1094900000000000000000000000000000000000CC
:1094A00000000000000000000000000000000000BC
:1094B00000000000000000000000000000000000AC
:1094C000000000000000000000000000000000009C
:1094D000000000000000000000000000000000008C
:1094E000000000000000000000000000000000007C
:1094F000000000000000000000000000000000006C
:10950000000000000000000000000000000000005B
:10951000000000000000000000000000000000004B
:10952000000000000000000000000000000000003B
:10953000000000000000000000000000000000002B
:10954000000000000000000000000000000000001B
:10955000000000000000000000000000000000000B
:1095600000000000000000000000000000000000FB
:1095700000000000000000000000000000000000EB
:1095800000000000000000000000000000000000DB
:1095900000000000000000000000000000000000CB
:1095A00000000000000000000000000000000000BB
:1095B00000000000000000000000000000000000AB
:1095C000000000000000000000000000000000009B
:1095D000000000000000000000000000000000008B
:1095E000000000000000000000000000000000007B
:1095F000000000000000000000000000000000006B
:10960000000000000000000000000000000000005A
:10961000000000000000000000000000000000004A
:10962000000000000000000000000000000000003A
:10963000000000000000000000000000000000002A
:10964000000000000000000000000000000000001A
:10965000000000000000000000000000000000000A
:1096600000000000000000000000000000000000FA
:1096700000000000000000000000000000000000EA
:1096800000000000000000000000000000000000DA
:1096900000000000000000000000000000000000CA
:1096A00000000000000000000000000000000000BA
:1096B00000000000000000000000000000000000AA
:1096C000000000000000000000000000000000009A
:1096D000000000000000000000000000000000008A
:1096E000000000000000000000000000000000007A
:1096F000000000000000000000000000000000006A
:109700000000000000000000000000000000000059
:109710000000000000000000000000000000000049
:109720000000000000000000000000000000000039
:109730000000000000000000000000000000000029
:109740000000000000000000000000000000000019
:109750000000000000000000000000000000000009
:1097600000000000000000000000000000000000F9
:1097700000000000000000000000000000000000E9
:1097800000000000000000000000000000000000D9
:1097900000000000000000000000000000000000C9
:1097A00000000000000000000000000000000000B9
:1097B00000000000000000000000000000000000A9
:1097C0000000000000000000000000000000000099
:1097D0000000000000000000000000000000000089
:1097E0000000000000000000000000000000000079
:1097F0000000000000000000000000000000000069
:109800000000000000000000000000000000000058
:109810000000000000000000000000000000000048
:109820000000000000000000000000000000000038
:109830000000000000000000000000000000000028
:109840000000000000000000000000000000000018
:109850000000000000000000000000000000000008
:1098600000000000000000000000000000000000F8
:1098700000000000000000000000000000000000E8
:1098800000000000000000000000000000000000D8
:1098900000000000000000000000000000000000C8
:1098A00000000000000000000000000000000000B8
:1098B00000000000000000000000000000000000A8
:1098C0000000000000000000000000000000000098
:1098D0000000000000000000000000000000000088
:1098E0000000000000000000000000000000000078
:1098F0000000000000000000000000000000000068
:109900000000000000000000000000000000000057
:109910000000000000000000000000000000000047
:109920000000000000000000000000000000000037
:109930000000000000000000000000000000000027
:109940000000000000000000000000000000000017
:109950000000000000000000000000000000000007
:1099600000000000000000000000000000000000F7
:1099700000000000000000000000000000000000E7
:1099800000000000000000000000000000000000D7
:1099900000000000000000000000000000000000C7
:1099A00000000000000000000000000000000000B7
:1099B00000000000000000000000000000000000A7
:1099C0000000000000000000000000000000000097
:1099D0000000000000000000000000000000000087
:1099E0000000000000000000000000000000000077
:1099F0000000000000000000000000000000000067
:109A00000000000000000000000000000000000056
:109A10000000000000000000000000000000000046
:109A20000000000000000000000000000000000036
:109A30000000000000000000000000000000000026
:109A40000000000000000000000000000000000016
:109A50000000000000000000000000000000000006
:109A600000000000000000000000000000000000F6
:109A700000000000000000000000000000000000E6
:109A800000000000000000000000000000000000D6
:109A900000000000000000000000000000000000C6
:109AA00000000000000000000000000000000000B6
:109AB00000000000000000000000000000000000A6
:109AC0000000000000000000000000000000000096
:109AD0000000000000000000000000000000000086
:109AE0000000000000000000000000000000000076
:109AF0000000000000000000000000000000000066
:109B00000000000000000000000000000000000055
:109B10000000000000000000000000000000000045
:109B20000000000000000000000000000000000035
:109B30000000000000000000000000000000000025
:109B40000000000000000000000000000000000015
:109B50000000000000000000000000000000000005
:109B600000000000000000000000000000000000F5
:109B700000000000000000000000000000000000E5
:109B800000000000000000000000000000000000D5
:109B900000000000000000000000000000000000C5
:109BA00000000000000000000000000000000000B5
:109BB00000000000000000000000000000000000A5
:109BC0000000000000000000000000000000000095
:109BD0000000000000000000000000000000000085
:109BE0000000000000000000000000000000000075
:109BF0000000000000000000000000000000000065
:109C00000000000000000000000000000000000054
:109C10000000000000000000000000000000000044
:109C20000000000000000000000000000000000034
:109C30000000000000000000000000000000000024
:109C40000000000000000000000000000000000014
:109C50000000000000000000000000000000000004
:109C600000000000000000000000000000000000F4
:109C700000000000000000000000000000000000E4
:109C800000000000000000000000000000000000D4
:109C900000000000000000000000000000000000C4
:109CA00000000000000000000000000000000000B4
:109CB00000000000000000000000000000000000A4
:109CC0000000000000000000000000000000000094
:109CD0000000000000000000000000000000000084
:109CE0000000000000000000000000000000000074
:109CF0000000000000000000000000000000000064
:109D00000000000000000000000000000000000053
:109D10000000000000000000000000000000000043
:109D20000000000000000000000000000000000033
:109D30000000000000000000000000000000000023
:109D40000000000000000000000000000000000013
:109D50000000000000000000000000000000000003
:109D600000000000000000000000000000000000F3
:109D700000000000000000000000000000000000E3
:109D800000000000000000000000000000000000D3
:109D900000000000000000000000000000000000C3
:109DA00000000000000000000000000000000000B3
:109DB00000000000000000000000000000000000A3
:109DC0000000000000000000000000000000000093
:109DD0000000000000000000000000000000000083
:109DE0000000000000000000000000000000000073
:109DF0000000000000000000000000000000000063
:109E00000000000000000000000000000000000052
:109E10000000000000000000000000000000000042
:109E20000000000000000000000000000000000032
:109E30000000000000000000000000000000000022
:109E40000000000000000000000000000000000012
:109E50000000000000000000000000000000000002
:109E600000000000000000000000000000000000F2
:109E700000000000000000000000000000000000E2
:109E800000000000000000000000000000000000D2
:109E900000000000000000000000000000000000C2
:109EA00000000000000000000000000000000000B2
:109EB00000000000000000000000000000000000A2
:109EC0000000000000000000000000000000000092
:109ED0000000000000000000000000000000000082
:109EE0000000000000000000000000000000000072
:109EF0000000000000000000000000000000000062
:109F00000000000000000000000000000000000051
:109F10000000000000000000000000000000000041
:109F20000000000000000000000000000000000031
:109F30000000000000000000000000000000000021
:109F40000000000000000000000000000000000011
:109F50000000000000000000000000000000000001
:109F600000000000000000000000000000000000F1
:109F700000000000000000000000000000000000E1
:109F800000000000000000000000000000000000D1
:109F900000000000000000000000000000000000C1
:109FA00000000000000000000000000000000000B1
:109FB00000000000000000000000000000000000A1
:109FC0000000000000000000000000000000000091
:109FD0000000000000000000000000000000000081
:109FE0000000000000000000000000000000000071
:109FF0000000000000000000000000000000000061
:10A000000000000000000000000000000000000050
:10A010000000000000000000000000000000000040
:10A020000000000000000000000000000000000030
:10A030000000000000000000000000000000000020
:10A040000000000000000000000000000000000010
:10A050000000000000000000000000000000000000
:10A0600000000000000000000000000000000000F0
:10A0700000000000000000000000000000000000E0
:10A0800000000000000000000000000000000000D0
:10A0900000000000000000000000000000000000C0
:10A0A00000000000000000000000000000000000B0
:10A0B00000000000000000000000000000000000A0
:10A0C0000000000000000000000000000000000090
:10A0D0000000000000000000000000000000000080
:10A0E0000000000000000000000000000000000070
:10A0F0000000000000000000000000000000000060
:10A10000000000000000000000000000000000004F
:10A11000000000000000000000000000000000003F
:10A12000000000000000000000000000000000002F
:10A13000000000000000000000000000000000001F
:10A14000000000000000000000000000000000000F
:10A1500000000000000000000000000000000000FF
:10A1600000000000000000000000000000000000EF
:10A1700000000000000000000000000000000000DF
:10A1800000000000000000000000000000000000CF
:10A1900000000000000000000000000000000000BF
:10A1A00000000000000000000000000000000000AF
:10A1B000000000000000000000000000000000009F
:10A1C000000000000000000000000000000000008F
:10A1D000000000000000000000000000000000007F
:10A1E000000000000000000000000000000000006F
:10A1F000000000000000000000000000000000005F
:10A20000000000000000000000000000000000004E
:10A21000000000000000000000000000000000003E
:10A22000000000000000000000000000000000002E
:10A23000000000000000000000000000000000001E
:10A24000000000000000000000000000000000000E
:10A2500000000000000000000000000000000000FE
:10A2600000000000000000000000000000000000EE
:10A2700000000000000000000000000000000000DE
:10A2800000000000000000000000000000000000CE
:10A2900000000000000000000000000000000000BE
:10A2A00000000000000000000000000000000000AE
:10A2B000000000000000000000000000000000009E
:10A2C000000000000000000000000000000000008E
:10A2D000000000000000000000000000000000007E
:10A2E000000000000000000000000000000000006E
:10A2F000000000000000000000000000000000005E
:10A30000000000000000000000000000000000004D
:10A31000000000000000000000000000000000003D
:10A32000000000000000000000000000000000002D
:10A33000000000000000000000000000000000001D
:10A34000000000000000000000000000000000000D
:10A3500000000000000000000000000000000000FD
:10A3600000000000000000000000000000000000ED
:10A3700000000000000000000000000000000000DD
:10A3800000000000000000000000000000000000CD
:10A3900000000000000000000000000000000000BD
:10A3A00000000000000000000000000000000000AD
:10A3B000000000000000000000000000000000009D
:10A3C000000000000000000000000000000000008D
:10A3D000000000000000000000000000000000007D
:10A3E000000000000000000000000000000000006D
:10A3F000000000000000000000000000000000005D
:10A40000000000000000000000000000000000004C
:10A41000000000000000000000000000000000003C
:10A42000000000000000000000000000000000002C
:10A43000000000000000000000000000000000001C
:10A44000000000000000000000000000000000000C
:10A4500000000000000000000000000000000000FC
:10A4600000000000000000000000000000000000EC
:10A4700000000000000000000000000000000000DC
:10A4800000000000000000000000000000000000CC
:10A4900000000000000000000000000000000000BC
:10A4A00000000000000000000000000000000000AC
:10A4B000000000000000000000000000000000009C
:10A4C000000000000000000000000000000000008C
:10A4D000000000000000000000000000000000007C
:10A4E000000000000000000000000000000000006C
:10A4F000000000000000000000000000000000005C
:10A50000000000000000000000000000000000004B
:10A51000000000000000000000000000000000003B
:10A52000000000000000000000000000000000002B
:10A53000000000000000000000000000000000001B
:10A54000000000000000000000000000000000000B
:10A5500000000000000000000000000000000000FB
:10A5600000000000000000000000000000000000EB
:10A5700000000000000000000000000000000000DB
:10A5800000000000000000000000000000000000CB
:10A5900000000000000000000000000000000000BB
:10A5A00000000000000000000000000000000000AB
:10A5B000000000000000000000000000000000009B
:10A5C000000000000000000000000000000000008B
:10A5D000000000000000000000000000000000007B
:10A5E000000000000000000000000000000000006B
:10A5F000000000000000000000000000000000005B
:10A60000000000000000000000000000000000004A
:10A61000000000000000000000000000000000003A
:10A62000000000000000000000000000000000002A
:10A63000000000000000000000000000000000001A
:10A64000000000000000000000000000000000000A
:10A6500000000000000000000000000000000000FA
:10A6600000000000000000000000000000000000EA
:10A6700000000000000000000000000000000000DA
:10A6800000000000000000000000000000000000CA
:10A6900000000000000000000000000000000000BA
:10A6A00000000000000000000000000000000000AA
:10A6B000000000000000000000000000000000009A
:10A6C000000000000000000000000000000000008A
:10A6D000000000000000000000000000000000007A
:10A6E000000000000000000000000000000000006A
:10A6F000000000000000000000000000000000005A
:10A700000000000000000000000000000000000049
:10A710000000000000000000000000000000000039
:10A720000000000000000000000000000000000029
:10A730000000000000000000000000000000000019
:10A740000000000000000000000000000000000009
:10A7500000000000000000000000000000000000F9
:10A7600000000000000000000000000000000000E9
:10A7700000000000000000000000000000000000D9
:10A7800000000000000000000000000000000000C9
:10A7900000000000000000000000000000000000B9
:10A7A00000000000000000000000000000000000A9
:10A7B0000000000000000000000000000000000099
:10A7C0000000000000000000000000000000000089
:10A7D0000000000000000000000000000000000079
:10A7E0000000000000000000000000000000000069
:10A7F0000000000000000000000000000000000059
:10A800000000000000000000000000000000000048
:10A810000000000000000000000000000000000038
:10A820000000000000000000000000000000000028
:10A830000000000000000000000000000000000018
:10A840000000000000000000000000000000000008
:10A8500000000000000000000000000000000000F8
:10A8600000000000000000000000000000000000E8
:10A8700000000000000000000000000000000000D8
:10A8800000000000000000000000000000000000C8
:10A8900000000000000000000000000000000000B8
:10A8A00000000000000000000000000000000000A8
:10A8B0000000000000000000000000000000000098
:10A8C0000000000000000000000000000000000088
:10A8D0000000000000000000000000000000000078
:10A8E0000000000000000000000000000000000068
:10A8F0000000000000000000000000000000000058
:10A900000000000000000000000000000000000047
:10A910000000000000000000000000000000000037
:10A920000000000000000000000000000000000027
:10A930000000000000000000000000000000000017
:10A940000000000000000000000000000000000007
:10A9500000000000000000000000000000000000F7
:10A9600000000000000000000000000000000000E7
:10A9700000000000000000000000000000000000D7
:10A9800000000000000000000000000000000000C7
:10A9900000000000000000000000000000000000B7
:10A9A00000000000000000000000000000000000A7
:10A9B0000000000000000000000000000000000097
:10A9C0000000000000000000000000000000000087
:10A9D0000000000000000000000000000000000077
:10A9E0000000000000000000000000000000000067
:10A9F0000000000000000000000000000000000057
:10AA00000000000000000000000000000000000046
:10AA10000000000000000000000000000000000036
:10AA20000000000000000000000000000000000026
:10AA30000000000000000000000000000000000016
:10AA40000000000000000000000000000000000006
:10AA500000000000000000000000000000000000F6
:10AA600000000000000000000000000000000000E6
:10AA700000000000000000000000000000000000D6
:10AA800000000000000000000000000000000000C6
:10AA900000000000000000000000000000000000B6
:10AAA00000000000000000000000000000000000A6
:10AAB0000000000000000000000000000000000096
:10AAC0000000000000000000000000000000000086
:10AAD0000000000000000000000000000000000076
:10AAE0000000000000000000000000000000000066
:10AAF0000000000000000000000000000000000056
:10AB00000000000000000000000000000000000045
:10AB10000000000000000000000000000000000035
:10AB20000000000000000000000000000000000025
:10AB30000000000000000000000000000000000015
:10AB40000000000000000000000000000000000005
:10AB500000000000000000000000000000000000F5
:10AB600000000000000000000000000000000000E5
:10AB700000000000000000000000000000000000D5
:10AB800000000000000000000000000000000000C5
:10AB900000000000000000000000000000000000B5
:10ABA00000000000000000000000000000000000A5
:10ABB0000000000000000000000000000000000095
:10ABC0000000000000000000000000000000000085
:10ABD0000000000000000000000000000000000075
:10ABE0000000000000000000000000000000000065
:10ABF0000000000000000000000000000000000055
:10AC00000000000000000000000000000000000044
:10AC10000000000000000000000000000000000034
:10AC20000000000000000000000000000000000024
:10AC30000000000000000000000000000000000014
:10AC40000000000000000000000000000000000004
:10AC500000000000000000000000000000000000F4
:10AC600000000000000000000000000000000000E4
:10AC700000000000000000000000000000000000D4
:10AC800000000000000000000000000000000000C4
:10AC900000000000000000000000000000000000B4
:10ACA00000000000000000000000000000000000A4
:10ACB0000000000000000000000000000000000094
:10ACC0000000000000000000000000000000000084
:10ACD0000000000000000000000000000000000074
:10ACE0000000000000000000000000000000000064
:10ACF0000000000000000000000000000000000054
:10AD00000000000000000000000000000000000043
:10AD10000000000000000000000000000000000033
:10AD20000000000000000000000000000000000023
:10AD30000000000000000000000000000000000013
:10AD40000000000000000000000000000000000003
:10AD500000000000000000000000000000000000F3
:10AD600000000000000000000000000000000000E3
:10AD700000000000000000000000000000000000D3
:10AD800000000000000000000000000000000000C3
:10AD900000000000000000000000000000000000B3
:10ADA00000000000000000000000000000000000A3
:10ADB0000000000000000000000000000000000093
:10ADC0000000000000000000000000000000000083
:10ADD0000000000000000000000000000000000073
:10ADE0000000000000000000000000000000000063
:10ADF0000000000000000000000000000000000053
:10AE00000000000000000000000000000000000042
:10AE10000000000000000000000000000000000032
:10AE20000000000000000000000000000000000022
:10AE30000000000000000000000000000000000012
:10AE40000000000000000000000000000000000002
:10AE500000000000000000000000000000000000F2
:10AE600000000000000000000000000000000000E2
:10AE700000000000000000000000000000000000D2
:10AE800000000000000000000000000000000000C2
:10AE900000000000000000000000000000000000B2
:10AEA00000000000000000000000000000000000A2
:10AEB0000000000000000000000000000000000092
:10AEC0000000000000000000000000000000000082
:10AED0000000000000000000000000000000000072
:10AEE0000000000000000000000000000000000062
:10AEF0000000000000000000000000000000000052
:10AF00000000000000000000000000000000000041
:10AF10000000000000000000000000000000000031
:10AF20000000000000000000000000000000000021
:10AF30000000000000000000000000000000000011
:10AF40000000000000000000000000000000000001
:10AF500000000000000000000000000000000000F1
:10AF600000000000000000000000000000000000E1
:10AF700000000000000000000000000000000000D1
:10AF800000000000000000000000000000000000C1
:10AF900000000000000000000000000000000000B1
:10AFA00000000000000000000000000000000000A1
:10AFB0000000000000000000000000000000000091
:10AFC0000000000000000000000000000000000081
:10AFD0000000000000000000000000000000000071
:10AFE0000000000000000000000000000000000061
:10AFF0000000000000000000000000000000000051
:10B000000000000000000000000000000000000040
:10B010000000000000000000000000000000000030
:10B020000000000000000000000000000000000020
:10B030000000000000000000000000000000000010
:10B040000000000000000000000000000000000000
:10B0500000000000000000000000000000000000F0
:10B0600000000000000000000000000000000000E0
:10B0700000000000000000000000000000000000D0
:10B0800000000000000000000000000000000000C0
:10B0900000000000000000000000000000000000B0
:10B0A00000000000000000000000000000000000A0
:10B0B0000000000000000000000000000000000090
:10B0C0000000000000000000000000000000000080
:10B0D0000000000000000000000000000000000070
:10B0E0000000000000000000000000000000000060
:10B0F0000000000000000000000000000000000050
:10B10000000000000000000000000000000000003F
:10B11000000000000000000000000000000000002F
:10B12000000000000000000000000000000000001F
:10B13000000000000000000000000000000000000F
:10B1400000000000000000000000000000000000FF
:10B1500000000000000000000000000000000000EF
:10B1600000000000000000000000000000000000DF
:10B1700000000000000000000000000000000000CF
:10B1800000000000000000000000000000000000BF
:10B1900000000000000000000000000000000000AF
:10B1A000000000000000000000000000000000009F
:10B1B000000000000000000000000000000000008F
:10B1C000000000000000000000000000000000007F
:10B1D000000000000000000000000000000000006F
:10B1E000000000000000000000000000000000005F
:10B1F000000000000000000000000000000000004F
:10B20000000000000000000000000000000000003E
:10B21000000000000000000000000000000000002E
:10B22000000000000000000000000000000000001E
:10B23000000000000000000000000000000000000E
:10B2400000000000000000000000000000000000FE
:10B2500000000000000000000000000000000000EE
:10B2600000000000000000000000000000000000DE
:10B2700000000000000000000000000000000000CE
:10B2800000000000000000000000000000000000BE
:10B2900000000000000000000000000000000000AE
:10B2A000000000000000000000000000000000009E
:10B2B000000000000000000000000000000000008E
:10B2C000000000000000000000000000000000007E
:10B2D000000000000000000000000000000000006E
:10B2E000000000000000000000000000000000005E
:10B2F000000000000000000000000000000000004E
:10B30000000000000000000000000000000000003D
:10B31000000000000000000000000000000000002D
:10B32000000000000000000000000000000000001D
:10B33000000000000000000000000000000000000D
:10B3400000000000000000000000000000000000FD
:10B3500000000000000000000000000000000000ED
:10B3600000000000000000000000000000000000DD
:10B3700000000000000000000000000000000000CD
:10B3800000000000000000000000000000000000BD
:10B3900000000000000000000000000000000000AD
:10B3A000000000000000000000000000000000009D
:10B3B000000000000000000000000000000000008D
:10B3C000000000000000000000000000000000007D
:10B3D000000000000000000000000000000000006D
:10B3E000000000000000000000000000000000005D
:10B3F000000000000000000000000000000000004D
:10B40000000000000000000000000000000000003C
:10B41000000000000000000000000000000000002C
:10B42000000000000000000000000000000000001C
:10B43000000000000000000000000000000000000C
:10B4400000000000000000000000000000000000FC
:10B4500000000000000000000000000000000000EC
:10B4600000000000000000000000000000000000DC
:10B4700000000000000000000000000000000000CC
:10B4800000000000000000000000000000000000BC
:10B4900000000000000000000000000000000000AC
:10B4A000000000000000000000000000000000009C
:10B4B000000000000000000000000000000000008C
:10B4C000000000000000000000000000000000007C
:10B4D000000000000000000000000000000000006C
:10B4E000000000000000000000000000000000005C
:10B4F000000000000000000000000000000000004C
:10B50000000000000000000000000000000000003B
:10B51000000000000000000000000000000000002B
:10B52000000000000000000000000000000000001B
:10B53000000000000000000000000000000000000B
:10B5400000000000000000000000000000000000FB
:10B5500000000000000000000000000000000000EB
:10B5600000000000000000000000000000000000DB
:10B5700000000000000000000000000000000000CB
:10B5800000000000000000000000000000000000BB
:10B5900000000000000000000000000000000000AB
:10B5A000000000000000000000000000000000009B
:10B5B000000000000000000000000000000000008B
:10B5C000000000000000000000000000000000007B
:10B5D000000000000000000000000000000000006B
:10B5E000000000000000000000000000000000005B
:10B5F000000000000000000000000000000000004B
:10B60000000000000000000000000000000000003A
:10B61000000000000000000000000000000000002A
:10B62000000000000000000000000000000000001A
:10B63000000000000000000000000000000000000A
:10B6400000000000000000000000000000000000FA
:10B6500000000000000000000000000000000000EA
:10B6600000000000000000000000000000000000DA
:10B6700000000000000000000000000000000000CA
:10B6800000000000000000000000000000000000BA
:10B6900000000000000000000000000000000000AA
:10B6A000000000000000000000000000000000009A
:10B6B000000000000000000000000000000000008A
:10B6C000000000000000000000000000000000007A
:10B6D000000000000000000000000000000000006A
:10B6E000000000000000000000000000000000005A
:10B6F000000000000000000000000000000000004A
:10B700000000000000000000000000000000000039
:10B710000000000000000000000000000000000029
:10B720000000000000000000000000000000000019
:10B730000000000000000000000000000000000009
:10B7400000000000000000000000000000000000F9
:10B7500000000000000000000000000000000000E9
:10B7600000000000000000000000000000000000D9
:10B7700000000000000000000000000000000000C9
:10B7800000000000000000000000000000000000B9
:10B7900000000000000000000000000000000000A9
:10B7A0000000000000000000000000000000000099
:10B7B0000000000000000000000000000000000089
:10B7C0000000000000000000000000000000000079
:10B7D0000000000000000000000000000000000069
:10B7E0000000000000000000000000000000000059
:10B7F0000000000000000000000000000000000049
:10B800000000000000000000000000000000000038
:10B810000000000000000000000000000000000028
:10B820000000000000000000000000000000000018
:10B830000000000000000000000000000000000008
:10B8400000000000000000000000000000000000F8
:10B8500000000000000000000000000000000000E8
:10B8600000000000000000000000000000000000D8
:10B8700000000000000000000000000000000000C8
:10B8800000000000000000000000000000000000B8
:10B8900000000000000000000000000000000000A8
:10B8A0000000000000000000000000000000000098
:10B8B0000000000000000000000000000000000088
:10B8C0000000000000000000000000000000000078
:10B8D0000000000000000000000000000000000068
:10B8E0000000000000000000000000000000000058
:10B8F0000000000000000000000000000000000048
:10B900000000000000000000000000000000000037
:10B910000000000000000000000000000000000027
:10B920000000000000000000000000000000000017
:10B930000000000000000000000000000000000007
:10B9400000000000000000000000000000000000F7
:10B9500000000000000000000000000000000000E7
:10B9600000000000000000000000000000000000D7
:10B9700000000000000000000000000000000000C7
:10B9800000000000000000000000000000000000B7
:10B9900000000000000000000000000000000000A7
:10B9A0000000000000000000000000000000000097
:10B9B0000000000000000000000000000000000087
:10B9C0000000000000000000000000000000000077
:10B9D0000000000000000000000000000000000067
:10B9E0000000000000000000000000000000000057
:10B9F0000000000000000000000000000000000047
:10BA00000000000000000000000000000000000036
:10BA10000000000000000000000000000000000026
:10BA20000000000000000000000000000000000016
:10BA30000000000000000000000000000000000006
:10BA400000000000000000000000000000000000F6
:10BA500000000000000000000000000000000000E6
:10BA600000000000000000000000000000000000D6
:10BA700000000000000000000000000000000000C6
:10BA800000000000000000000000000000000000B6
:10BA900000000000000000000000000000000000A6
:10BAA0000000000000000000000000000000000096
:10BAB0000000000000000000000000000000000086
:10BAC0000000000000000000000000000000000076
:10BAD0000000000000000000000000000000000066
:10BAE0000000000000000000000000000000000056
:10BAF0000000000000000000000000000000000046
:10BB00000000000000000000000000000000000035
:10BB10000000000000000000000000000000000025
:10BB20000000000000000000000000000000000015
:10BB30000000000000000000000000000000000005
:10BB400000000000000000000000000000000000F5
:10BB500000000000000000000000000000000000E5
:10BB600000000000000000000000000000000000D5
:10BB700000000000000000000000000000000000C5
:10BB800000000000000000000000000000000000B5
:10BB900000000000000000000000000000000000A5
:10BBA0000000000000000000000000000000000095
:10BBB0000000000000000000000000000000000085
:10BBC0000000000000000000000000000000000075
:10BBD0000000000000000000000000000000000065
:10BBE0000000000000000000000000000000000055
:10BBF0000000000000000000000000000000000045
:10BC00000000000000000000000000000000000034
:10BC10000000000000000000000000000000000024
:10BC20000000000000000000000000000000000014
:10BC30000000000000000000000000000000000004
:10BC400000000000000000000000000000000000F4
:10BC500000000000000000000000000000000000E4
:10BC600000000000000000000000000000000000D4
:10BC700000000000000000000000000000000000C4
:10BC800000000000000000000000000000000000B4
:10BC900000000000000000000000000000000000A4
:10BCA0000000000000000000000000000000000094
:10BCB0000000000000000000000000000000000084
:10BCC0000000000000000000000000000000000074
:10BCD0000000000000000000000000000000000064
:10BCE0000000000000000000000000000000000054
:10BCF0000000000000000000000000000000000044
:10BD00000000000000000000000000000000000033
:10BD10000000000000000000000000000000000023
:10BD20000000000000000000000000000000000013
:10BD30000000000000000000000000000000000003
:10BD400000000000000000000000000000000000F3
:10BD500000000000000000000000000000000000E3
:10BD600000000000000000000000000000000000D3
:10BD700000000000000000000000000000000000C3
:10BD800000000000000000000000000000000000B3
:10BD900000000000000000000000000000000000A3
:10BDA0000000000000000000000000000000000093
:10BDB0000000000000000000000000000000000083
:10BDC0000000000000000000000000000000000073
:10BDD0000000000000000000000000000000000063
:10BDE0000000000000000000000000000000000053
:10BDF0000000000000000000000000000000000043
:10BE00000000000000000000000000000000000032
:10BE10000000000000000000000000000000000022
:10BE20000000000000000000000000000000000012
:10BE30000000000000000000000000000000000002
:10BE400000000000000000000000000000000000F2
:10BE500000000000000000000000000000000000E2
:10BE600000000000000000000000000000000000D2
:10BE700000000000000000000000000000000000C2
:10BE800000000000000000000000000000000000B2
:10BE900000000000000000000000000000000000A2
:10BEA0000000000000000000000000000000000092
:10BEB0000000000000000000000000000000000082
:10BEC0000000000000000000000000000000000072
:10BED0000000000000000000000000000000000062
:10BEE0000000000000000000000000000000000052
:10BEF0000000000000000000000000000000000042
:10BF00000000000000000000000000000000000031
:10BF10000000000000000000000000000000000021
:10BF20000000000000000000000000000000000011
:10BF30000000000000000000000000000000000001
:10BF400000000000000000000000000000000000F1
:10BF500000000000000000000000000000000000E1
:10BF600000000000000000000000000000000000D1
:10BF700000000000000000000000000000000000C1
:10BF800000000000000000000000000000000000B1
:10BF900000000000000000000000000000000000A1
:10BFA0000000000000000000000000000000000091
:10BFB0000000000000000000000000000000000081
:10BFC0000000000000000000000000000000000071
:10BFD0000000000000000000000000000000000061
:10BFE0000000000000000000000000000000000051
:10BFF0000000000000000000000000000000000041
:10C000000000000000000000000000000000000030
:10C010000000000000000000000000000000000020
:10C020000000000000000000000000000000000010
:10C030000000000000000000000000000000000000
:10C0400000000000000000000000000000000000F0
:10C0500000000000000000000000000000000000E0
:10C0600000000000000000000000000000000000D0
:10C0700000000000000000000000000000000000C0
:10C0800000000000000000000000000000000000B0
:10C0900000000000000000000000000000000000A0
:10C0A0000000000000000000000000000000000090
:10C0B0000000000000000000000000000000000080
:10C0C0000000000000000000000000000000000070
:10C0D0000000000000000000000000000000000060
:10C0E0000000000000000000000000000000000050
:10C0F0000000000000000000000000000000000040
:10C10000000000000000000000000000000000002F
:10C11000000000000000000000000000000000001F
:10C12000000000000000000000000000000000000F
:10C1300000000000000000000000000000000000FF
:10C1400000000000000000000000000000000000EF
:10C1500000000000000000000000000000000000DF
:10C1600000000000000000000000000000000000CF
:10C1700000000000000000000000000000000000BF
:10C1800000000000000000000000000000000000AF
:10C19000000000000000000000000000000000009F
:10C1A000000000000000000000000000000000008F
:10C1B000000000000000000000000000000000007F
:10C1C000000000000000000000000000000000006F
:10C1D000000000000000000000000000000000005F
:10C1E000000000000000000000000000000000004F
:10C1F000000000000000000000000000000000003F
:10C20000000000000000000000000000000000002E
:10C21000000000000000000000000000000000001E
:10C22000000000000000000000000000000000000E
:10C2300000000000000000000000000000000000FE
:10C2400000000000000000000000000000000000EE
:10C2500000000000000000000000000000000000DE
:10C2600000000000000000000000000000000000CE
:10C2700000000000000000000000000000000000BE
:10C2800000000000000000000000000000000000AE
:10C29000000000000000000000000000000000009E
:10C2A000000000000000000000000000000000008E
:10C2B000000000000000000000000000000000007E
:10C2C000000000000000000000000000000000006E
:10C2D000000000000000000000000000000000005E
:10C2E000000000000000000000000000000000004E
:10C2F000000000000000000000000000000000003E
:10C30000000000000000000000000000000000002D
:10C31000000000000000000000000000000000001D
:10C32000000000000000000000000000000000000D
:10C3300000000000000000000000000000000000FD
:10C3400000000000000000000000000000000000ED
:10C3500000000000000000000000000000000000DD
:10C3600000000000000000000000000000000000CD
:10C3700000000000000000000000000000000000BD
:10C3800000000000000000000000000000000000AD
:10C39000000000000000000000000000000000009D
:10C3A000000000000000000000000000000000008D
:10C3B000000000000000000000000000000000007D
:10C3C000000000000000000000000000000000006D
:10C3D000000000000000000000000000000000005D
:10C3E000000000000000000000000000000000004D
:10C3F000000000000000000000000000000000003D
:10C40000000000000000000000000000000000002C
:10C41000000000000000000000000000000000001C
:10C42000000000000000000000000000000000000C
:10C4300000000000000000000000000000000000FC
:10C4400000000000000000000000000000000000EC
:10C4500000000000000000000000000000000000DC
:10C4600000000000000000000000000000000000CC
:10C4700000000000000000000000000000000000BC
:10C4800000000000000000000000000000000000AC
:10C49000000000000000000000000000000000009C
:10C4A000000000000000000000000000000000008C
:10C4B000000000000000000000000000000000007C
:10C4C000000000000000000000000000000000006C
:10C4D000000000000000000000000000000000005C
:10C4E000000000000000000000000000000000004C
:10C4F000000000000000000000000000000000003C
:10C50000000000000000000000000000000000002B
:10C51000000000000000000000000000000000001B
:10C52000000000000000000000000000000000000B
:10C5300000000000000000000000000000000000FB
:10C5400000000000000000000000000000000000EB
:10C5500000000000000000000000000000000000DB
:10C5600000000000000000000000000000000000CB
:10C5700000000000000000000000000000000000BB
:10C5800000000000000000000000000000000000AB
:10C59000000000000000000000000000000000009B
:10C5A000000000000000000000000000000000008B
:10C5B000000000000000000000000000000000007B
:10C5C000000000000000000000000000000000006B
:10C5D000000000000000000000000000000000005B
:10C5E000000000000000000000000000000000004B
:10C5F000000000000000000000000000000000003B
:10C60000000000000000000000000000000000002A
:10C61000000000000000000000000000000000001A
:10C62000000000000000000000000000000000000A
:10C6300000000000000000000000000000000000FA
:10C6400000000000000000000000000000000000EA
:10C6500000000000000000000000000000000000DA
:10C6600000000000000000000000000000000000CA
:10C6700000000000000000000000000000000000BA
:10C6800000000000000000000000000000000000AA
:10C69000000000000000000000000000000000009A
:10C6A000000000000000000000000000000000008A
:10C6B000000000000000000000000000000000007A
:10C6C000000000000000000000000000000000006A
:10C6D000000000000000000000000000000000005A
:10C6E000000000000000000000000000000000004A
:10C6F000000000000000000000000000000000003A
:10C700000000000000000000000000000000000029
:10C710000000000000000000000000000000000019
:10C720000000000000000000000000000000000009
:10C7300000000000000000000000000000000000F9
:10C7400000000000000000000000000000000000E9
:10C7500000000000000000000000000000000000D9
:10C7600000000000000000000000000000000000C9
:10C7700000000000000000000000000000000000B9
:10C7800000000000000000000000000000000000A9
:10C790000000000000000000000000000000000099
:10C7A0000000000000000000000000000000000089
:10C7B0000000000000000000000000000000000079
:10C7C0000000000000000000000000000000000069
:10C7D0000000000000000000000000000000000059
:10C7E0000000000000000000000000000000000049
:10C7F0000000000000000000000000000000000039
:10C800000000000000000000000000000000000028
:10C810000000000000000000000000000000000018
:10C820000000000000000000000000000000000008
:10C8300000000000000000000000000000000000F8
:10C8400000000000000000000000000000000000E8
:10C8500000000000000000000000000000000000D8
:10C8600000000000000000000000000000000000C8
:10C8700000000000000000000000000000000000B8
:10C8800000000000000000000000000000000000A8
:10C890000000000000000000000000000000000098
:10C8A0000000000000000000000000000000000088
:10C8B0000000000000000000000000000000000078
:10C8C0000000000000000000000000000000000068
:10C8D0000000000000000000000000000000000058
:10C8E0000000000000000000000000000000000048
:10C8F0000000000000000000000000000000000038
:10C900000000000000000000000000000000000027
:10C910000000000000000000000000000000000017
:10C920000000000000000000000000000000000007
:10C9300000000000000000000000000000000000F7
:10C9400000000000000000000000000000000000E7
:10C9500000000000000000000000000000000000D7
:10C9600000000000000000000000000000000000C7
:10C9700000000000000000000000000000000000B7
:10C9800000000000000000000000000000000000A7
:10C990000000000000000000000000000000000097
:10C9A0000000000000000000000000000000000087
:10C9B0000000000000000000000000000000000077
:10C9C0000000000000000000000000000000000067
:10C9D0000000000000000000000000000000000057
:10C9E0000000000000000000000000000000000047
:10C9F0000000000000000000000000000000000037
:10CA00000000000000000000000000000000000026
:10CA10000000000000000000000000000000000016
:10CA20000000000000000000000000000000000006
:10CA300000000000000000000000000000000000F6
:10CA400000000000000000000000000000000000E6
:10CA500000000000000000000000000000000000D6
:10CA600000000000000000000000000000000000C6
:10CA700000000000000000000000000000000000B6
:10CA800000000000000000000000000000000000A6
:10CA90000000000000000000000000000000000096
:10CAA0000000000000000000000000000000000086
:10CAB0000000000000000000000000000000000076
:10CAC0000000000000000000000000000000000066
:10CAD0000000000000000000000000000000000056
:10CAE0000000000000000000000000000000000046
:10CAF0000000000000000000000000000000000036
:10CB00000000000000000000000000000000000025
:10CB10000000000000000000000000000000000015
:10CB20000000000000000000000000000000000005
:10CB300000000000000000000000000000000000F5
:10CB400000000000000000000000000000000000E5
:10CB500000000000000000000000000000000000D5
:10CB600000000000000000000000000000000000C5
:10CB700000000000000000000000000000000000B5
:10CB800000000000000000000000000000000000A5
:10CB90000000000000000000000000000000000095
:10CBA0000000000000000000000000000000000085
:10CBB0000000000000000000000000000000000075
:10CBC0000000000000000000000000000000000065
:10CBD0000000000000000000000000000000000055
:10CBE0000000000000000000000000000000000045
:10CBF0000000000000000000000000000000000035
:10CC00000000000000000000000000000000000024
:10CC10000000000000000000000000000000000014
:10CC20000000000000000000000000000000000004
:10CC300000000000000000000000000000000000F4
:10CC400000000000000000000000000000000000E4
:10CC500000000000000000000000000000000000D4
:10CC600000000000000000000000000000000000C4
:10CC700000000000000000000000000000000000B4
:10CC800000000000000000000000000000000000A4
:10CC90000000000000000000000000000000000094
:10CCA0000000000000000000000000000000000084
:10CCB0000000000000000000000000000000000074
:10CCC0000000000000000000000000000000000064
:10CCD0000000000000000000000000000000000054
:10CCE0000000000000000000000000000000000044
:10CCF0000000000000000000000000000000000034
:10CD00000000000000000000000000000000000023
:10CD10000000000000000000000000000000000013
:10CD20000000000000000000000000000000000003
:10CD300000000000000000000000000000000000F3
:10CD400000000000000000000000000000000000E3
:10CD500000000000000000000000000000000000D3
:10CD600000000000000000000000000000000000C3
:10CD700000000000000000000000000000000000B3
:10CD800000000000000000000000000000000000A3
:10CD90000000000000000000000000000000000093
:10CDA0000000000000000000000000000000000083
:10CDB0000000000000000000000000000000000073
:10CDC0000000000000000000000000000000000063
:10CDD0000000000000000000000000000000000053
:10CDE0000000000000000000000000000000000043
:10CDF0000000000000000000000000000000000033
:10CE00000000000000000000000000000000000022
:10CE10000000000000000000000000000000000012
:10CE20000000000000000000000000000000000002
:10CE300000000000000000000000000000000000F2
:10CE400000000000000000000000000000000000E2
:10CE500000000000000000000000000000000000D2
:10CE600000000000000000000000000000000000C2
:10CE700000000000000000000000000000000000B2
:10CE800000000000000000000000000000000000A2
:10CE90000000000000000000000000000000000092
:10CEA0000000000000000000000000000000000082
:10CEB0000000000000000000000000000000000072
:10CEC0000000000000000000000000000000000062
:10CED0000000000000000000000000000000000052
:10CEE0000000000000000000000000000000000042
:10CEF0000000000000000000000000000000000032
:10CF00000000000000000000000000000000000021
:10CF10000000000000000000000000000000000011
:10CF20000000000000000000000000000000000001
:10CF300000000000000000000000000000000000F1
:10CF400000000000000000000000000000000000E1
:10CF500000000000000000000000000000000000D1
:10CF600000000000000000000000000000000000C1
:10CF700000000000000000000000000000000000B1
:10CF800000000000000000000000000000000000A1
:10CF90000000000000000000000000000000000091
:10CFA0000000000000000000000000000000000081
:10CFB0000000000000000000000000000000000071
:10CFC0000000000000000000000000000000000061
:10CFD0000000000000000000000000000000000051
:10CFE0000000000000000000000000000000000041
:10CFF0000000000000000000000000000000000031
:10D000000000000000000000000000000000000020
:10D010000000000000000000000000000000000010
:10D020000000000000000000000000000000000000
:10D0300000000000000000000000000000000000F0
:10D0400000000000000000000000000000000000E0
:10D0500000000000000000000000000000000000D0
:10D0600000000000000000000000000000000000C0
:10D0700000000000000000000000000000000000B0
:10D0800000000000000000000000000000000000A0
:10D090000000000000000000000000000000000090
:10D0A0000000000000000000000000000000000080
:10D0B0000000000000000000000000000000000070
:10D0C0000000000000000000000000000000000060
:10D0D0000000000000000000000000000000000050
:10D0E0000000000000000000000000000000000040
:10D0F0000000000000000000000000000000000030
:10D10000000000000000000000000000000000001F
:10D11000000000000000000000000000000000000F
:10D1200000000000000000000000000000000000FF
:10D1300000000000000000000000000000000000EF
:10D1400000000000000000000000000000000000DF
:10D1500000000000000000000000000000000000CF
:10D1600000000000000000000000000000000000BF
:10D1700000000000000000000000000000000000AF
:10D18000000000000000000000000000000000009F
:10D19000000000000000000000000000000000008F
:10D1A000000000000000000000000000000000007F
:10D1B000000000000000000000000000000000006F
:10D1C000000000000000000000000000000000005F
:10D1D000000000000000000000000000000000004F
:10D1E000000000000000000000000000000000003F
:10D1F000000000000000000000000000000000002F
:10D20000000000000000000000000000000000001E
:10D21000000000000000000000000000000000000E
:10D2200000000000000000000000000000000000FE
:10D2300000000000000000000000000000000000EE
:10D2400000000000000000000000000000000000DE
:10D2500000000000000000000000000000000000CE
:10D2600000000000000000000000000000000000BE
:10D2700000000000000000000000000000000000AE
:10D28000000000000000000000000000000000009E
:10D29000000000000000000000000000000000008E
:10D2A000000000000000000000000000000000007E
:10D2B000000000000000000000000000000000006E
:10D2C000000000000000000000000000000000005E
:10D2D000000000000000000000000000000000004E
:10D2E000000000000000000000000000000000003E
:10D2F000000000000000000000000000000000002E
:10D30000000000000000000000000000000000001D
:10D31000000000000000000000000000000000000D
:10D3200000000000000000000000000000000000FD
:10D3300000000000000000000000000000000000ED
:10D3400000000000000000000000000000000000DD
:10D3500000000000000000000000000000000000CD
:10D3600000000000000000000000000000000000BD
:10D3700000000000000000000000000000000000AD
:10D38000000000000000000000000000000000009D
:10D39000000000000000000000000000000000008D
:10D3A000000000000000000000000000000000007D
:10D3B000000000000000000000000000000000006D
:10D3C000000000000000000000000000000000005D
:10D3D000000000000000000000000000000000004D
:10D3E000000000000000000000000000000000003D
:10D3F000000000000000000000000000000000002D
:10D40000000000000000000000000000000000001C
:10D41000000000000000000000000000000000000C
:10D4200000000000000000000000000000000000FC
:10D4300000000000000000000000000000000000EC
:10D4400000000000000000000000000000000000DC
:10D4500000000000000000000000000000000000CC
:10D4600000000000000000000000000000000000BC
:10D4700000000000000000000000000000000000AC
:10D48000000000000000000000000000000000009C
:10D49000000000000000000000000000000000008C
:10D4A000000000000000000000000000000000007C
:10D4B000000000000000000000000000000000006C
:10D4C000000000000000000000000000000000005C
:10D4D000000000000000000000000000000000004C
:10D4E000000000000000000000000000000000003C
:10D4F000000000000000000000000000000000002C
:10D50000000000000000000000000000000000001B
:10D51000000000000000000000000000000000000B
:10D5200000000000000000000000000000000000FB
:10D5300000000000000000000000000000000000EB
:10D5400000000000000000000000000000000000DB
:10D5500000000000000000000000000000000000CB
:10D5600000000000000000000000000000000000BB
:10D5700000000000000000000000000000000000AB
:10D58000000000000000000000000000000000009B
:10D59000000000000000000000000000000000008B
:10D5A000000000000000000000000000000000007B
:10D5B000000000000000000000000000000000006B
:10D5C000000000000000000000000000000000005B
:10D5D000000000000000000000000000000000004B
:10D5E000000000000000000000000000000000003B
:10D5F000000000000000000000000000000000002B
:10D60000000000000000000000000000000000001A
:10D61000000000000000000000000000000000000A
:10D6200000000000000000000000000000000000FA
:10D6300000000000000000000000000000000000EA
:10D6400000000000000000000000000000000000DA
:10D6500000000000000000000000000000000000CA
:10D6600000000000000000000000000000000000BA
:10D6700000000000000000000000000000000000AA
:10D68000000000000000000000000000000000009A
:10D69000000000000000000000000000000000008A
:10D6A000000000000000000000000000000000007A
:10D6B000000000000000000000000000000000006A
:10D6C000000000000000000000000000000000005A
:10D6D000000000000000000000000000000000004A
:10D6E000000000000000000000000000000000003A
:10D6F000000000000000000000000000000000002A
:10D700000000000000000000000000000000000019
:10D710000000000000000000000000000000000009
:10D7200000000000000000000000000000000000F9
:10D7300000000000000000000000000000000000E9
:10D7400000000000000000000000000000000000D9
:10D7500000000000000000000000000000000000C9
:10D7600000000000000000000000000000000000B9
:10D7700000000000000000000000000000000000A9
:10D780000000000000000000000000000000000099
:10D790000000000000000000000000000000000089
:10D7A0000000000000000000000000000000000079
:10D7B0000000000000000000000000000000000069
:10D7C0000000000000000000000000000000000059
:10D7D0000000000000000000000000000000000049
:10D7E0000000000000000000000000000000000039
:10D7F0000000000000000000000000000000000029
:10D800000000000000000000000000000000000018
:10D810000000000000000000000000000000000008
:10D8200000000000000000000000000000000000F8
:10D8300000000000000000000000000000000000E8
:10D8400000000000000000000000000000000000D8
:10D8500000000000000000000000000000000000C8
:10D8600000000000000000000000000000000000B8
:10D8700000000000000000000000000000000000A8
:10D880000000000000000000000000000000000098
:10D890000000000000000000000000000000000088
:10D8A0000000000000000000000000000000000078
:10D8B0000000000000000000000000000000000068
:10D8C0000000000000000000000000000000000058
:10D8D0000000000000000000000000000000000048
:10D8E0000000000000000000000000000000000038
:10D8F0000000000000000000000000000000000028
:10D900000000000000000000000000000000000017
:10D910000000000000000000000000000000000007
:10D9200000000000000000000000000000000000F7
:10D9300000000000000000000000000000000000E7
:10D9400000000000000000000000000000000000D7
:10D9500000000000000000000000000000000000C7
:10D9600000000000000000000000000000000000B7
:10D9700000000000000000000000000000000000A7
:10D980000000000000000000000000000000000097
:10D990000000000000000000000000000000000087
:10D9A0000000000000000000000000000000000077
:10D9B0000000000000000000000000000000000067
:10D9C0000000000000000000000000000000000057
:10D9D0000000000000000000000000000000000047
:10D9E0000000000000000000000000000000000037
:10D9F0000000000000000000000000000000000027
:10DA00000000000000000000000000000000000016
:10DA10000000000000000000000000000000000006
:10DA200000000000000000000000000000000000F6
:10DA300000000000000000000000000000000000E6
:10DA400000000000000000000000000000000000D6
:10DA500000000000000000000000000000000000C6
:10DA600000000000000000000000000000000000B6
:10DA700000000000000000000000000000000000A6
:10DA80000000000000000000000000000000000096
:10DA90000000000000000000000000000000000086
:10DAA0000000000000000000000000000000000076
:10DAB0000000000000000000000000000000000066
:10DAC0000000000000000000000000000000000056
:10DAD0000000000000000000000000000000000046
:10DAE0000000000000000000000000000000000036
:10DAF0000000000000000000000000000000000026
:10DB00000000000000000000000000000000000015
:10DB10000000000000000000000000000000000005
:10DB200000000000000000000000000000000000F5
:10DB300000000000000000000000000000000000E5
:10DB400000000000000000000000000000000000D5
:10DB500000000000000000000000000000000000C5
:10DB600000000000000000000000000000000000B5
:10DB700000000000000000000000000000000000A5
:10DB80000000000000000000000000000000000095
:10DB90000000000000000000000000000000000085
:10DBA0000000000000000000000000000000000075
:10DBB0000000000000000000000000000000000065
:10DBC0000000000000000000000000000000000055
:10DBD0000000000000000000000000000000000045
:10DBE0000000000000000000000000000000000035
:10DBF0000000000000000000000000000000000025
:10DC00000000000000000000000000000000000014
:10DC10000000000000000000000000000000000004
:10DC200000000000000000000000000000000000F4
:10DC300000000000000000000000000000000000E4
:10DC400000000000000000000000000000000000D4
:10DC500000000000000000000000000000000000C4
:10DC600000000000000000000000000000000000B4
:10DC700000000000000000000000000000000000A4
:10DC80000000000000000000000000000000000094
:10DC90000000000000000000000000000000000084
:10DCA0000000000000000000000000000000000074
:10DCB0000000000000000000000000000000000064
:10DCC0000000000000000000000000000000000054
:10DCD0000000000000000000000000000000000044
:10DCE0000000000000000000000000000000000034
:10DCF0000000000000000000000000000000000024
:10DD00000000000000000000000000000000000013
:10DD10000000000000000000000000000000000003
:10DD200000000000000000000000000000000000F3
:10DD300000000000000000000000000000000000E3
:10DD400000000000000000000000000000000000D3
:10DD500000000000000000000000000000000000C3
:10DD600000000000000000000000000000000000B3
:10DD700000000000000000000000000000000000A3
:10DD80000000000000000000000000000000000093
:10DD90000000000000000000000000000000000083
:10DDA0000000000000000000000000000000000073
:10DDB0000000000000000000000000000000000063
:10DDC0000000000000000000000000000000000053
:10DDD0000000000000000000000000000000000043
:10DDE0000000000000000000000000000000000033
:10DDF0000000000000000000000000000000000023
:10DE00000000000000000000000000000000000012
:10DE10000000000000000000000000000000000002
:10DE200000000000000000000000000000000000F2
:10DE300000000000000000000000000000000000E2
:10DE400000000000000000000000000000000000D2
:10DE500000000000000000000000000000000000C2
:10DE600000000000000000000000000000000000B2
:10DE700000000000000000000000000000000000A2
:10DE80000000000000000000000000000000000092
:10DE90000000000000000000000000000000000082
:10DEA0000000000000000000000000000000000072
:10DEB0000000000000000000000000000000000062
:10DEC0000000000000000000000000000000000052
:10DED0000000000000000000000000000000000042
:10DEE0000000000000000000000000000000000032
:10DEF0000000000000000000000000000000000022
:10DF00000000000000000000000000000000000011
:10DF10000000000000000000000000000000000001
:10DF200000000000000000000000000000000000F1
:10DF300000000000000000000000000000000000E1
:10DF400000000000000000000000000000000000D1
:10DF500000000000000000000000000000000000C1
:10DF600000000000000000000000000000000000B1
:10DF700000000000000000000000000000000000A1
:10DF80000000000000000000000000000000000091
:10DF90000000000000000000000000000000000081
:10DFA0000000000000000000000000000000000071
:10DFB0000000000000000000000000000000000061
:10DFC0000000000000000000000000000000000051
:10DFD0000000000000000000000000000000000041
:10DFE0000000000000000000000000000000000031
:10DFF0000000000000000000000000000000000021
:10E000000000000000000000000000000000000010
:10E010000000000000000000000000000000000000
:10E0200000000000000000000000000000000000F0
:10E0300000000000000000000000000000000000E0
:10E0400000000000000000000000000000000000D0
:10E0500000000000000000000000000000000000C0
:10E0600000000000000000000000000000000000B0
:10E0700000000000000000000000000000000000A0
:10E080000000000000000000000000000000000090
:10E090000000000000000000000000000000000080
:10E0A0000000000000000000000000000000000070
:10E0B0000000000000000000000000000000000060
:10E0C0000000000000000000000000000000000050
:10E0D0000000000000000000000000000000000040
:10E0E0000000000000000000000000000000000030
:10E0F0000000000000000000000000000000000020
:10E10000000000000000000000000000000000000F
:10E1100000000000000000000000000000000000FF
:10E1200000000000000000000000000000000000EF
:10E1300000000000000000000000000000000000DF
:10E1400000000000000000000000000000000000CF
:10E1500000000000000000000000000000000000BF
:10E1600000000000000000000000000000000000AF
:10E17000000000000000000000000000000000009F
:10E18000000000000000000000000000000000008F
:10E19000000000000000000000000000000000007F
:10E1A000000000000000000000000000000000006F
:10E1B000000000000000000000000000000000005F
:10E1C000000000000000000000000000000000004F
:10E1D000000000000000000000000000000000003F
:10E1E000000000000000000000000000000000002F
:10E1F000000000000000000000000000000000001F
:10E20000000000000000000000000000000000000E
:10E2100000000000000000000000000000000000FE
:10E2200000000000000000000000000000000000EE
:10E2300000000000000000000000000000000000DE
:10E2400000000000000000000000000000000000CE
:10E2500000000000000000000000000000000000BE
:10E2600000000000000000000000000000000000AE
:10E27000000000000000000000000000000000009E
:10E28000000000000000000000000000000000008E
:10E29000000000000000000000000000000000007E
:10E2A000000000000000000000000000000000006E
:10E2B000000000000000000000000000000000005E
:10E2C000000000000000000000000000000000004E
:10E2D000000000000000000000000000000000003E
:10E2E000000000000000000000000000000000002E
:10E2F000000000000000000000000000000000001E
:10E30000000000000000000000000000000000000D
:10E3100000000000000000000000000000000000FD
:10E3200000000000000000000000000000000000ED
:10E3300000000000000000000000000000000000DD
:10E3400000000000000000000000000000000000CD
:10E3500000000000000000000000000000000000BD
:10E3600000000000000000000000000000000000AD
:10E37000000000000000000000000000000000009D
:10E38000000000000000000000000000000000008D
:10E39000000000000000000000000000000000007D
:10E3A000000000000000000000000000000000006D
:10E3B000000000000000000000000000000000005D
:10E3C000000000000000000000000000000000004D
:10E3D000000000000000000000000000000000003D
:10E3E000000000000000000000000000000000002D
:10E3F000000000000000000000000000000000001D
:10E40000000000000000000000000000000000000C
:10E4100000000000000000000000000000000000FC
:10E4200000000000000000000000000000000000EC
:10E4300000000000000000000000000000000000DC
:10E4400000000000000000000000000000000000CC
:10E4500000000000000000000000000000000000BC
:10E4600000000000000000000000000000000000AC
:10E47000000000000000000000000000000000009C
:10E48000000000000000000000000000000000008C
:10E49000000000000000000000000000000000007C
:10E4A000000000000000000000000000000000006C
:10E4B000000000000000000000000000000000005C
:10E4C000000000000000000000000000000000004C
:10E4D000000000000000000000000000000000003C
:10E4E000000000000000000000000000000000002C
:10E4F000000000000000000000000000000000001C
:10E50000000000000000000000000000000000000B
:10E5100000000000000000000000000000000000FB
:10E5200000000000000000000000000000000000EB
:10E5300000000000000000000000000000000000DB
:10E5400000000000000000000000000000000000CB
:10E5500000000000000000000000000000000000BB
:10E5600000000000000000000000000000000000AB
:10E57000000000000000000000000000000000009B
:10E58000000000000000000000000000000000008B
:10E59000000000000000000000000000000000007B
:10E5A000000000000000000000000000000000006B
:10E5B000000000000000000000000000000000005B
:10E5C000000000000000000000000000000000004B
:10E5D000000000000000000000000000000000003B
:10E5E000000000000000000000000000000000002B
:10E5F000000000000000000000000000000000001B
:10E60000000000000000000000000000000000000A
:10E6100000000000000000000000000000000000FA
:10E6200000000000000000000000000000000000EA
:10E6300000000000000000000000000000000000DA
:10E6400000000000000000000000000000000000CA
:10E6500000000000000000000000000000000000BA
:10E6600000000000000000000000000000000000AA
:10E67000000000000000000000000000000000009A
:10E68000000000000000000000000000000000008A
:10E69000000000000000000000000000000000007A
:10E6A000000000000000000000000000000000006A
:10E6B000000000000000000000000000000000005A
:10E6C000000000000000000000000000000000004A
:10E6D000000000000000000000000000000000003A
:10E6E000000000000000000000000000000000002A
:10E6F000000000000000000000000000000000001A
:10E700000000000000000000000000000000000009
:10E7100000000000000000000000000000000000F9
:10E7200000000000000000000000000000000000E9
:10E7300000000000000000000000000000000000D9
:10E7400000000000000000000000000000000000C9
:10E7500000000000000000000000000000000000B9
:10E7600000000000000000000000000000000000A9
:10E770000000000000000000000000000000000099
:10E780000000000000000000000000000000000089
:10E790000000000000000000000000000000000079
:10E7A0000000000000000000000000000000000069
:10E7B0000000000000000000000000000000000059
:10E7C0000000000000000000000000000000000049
:10E7D0000000000000000000000000000000000039
:10E7E0000000000000000000000000000000000029
:10E7F0000000000000000000000000000000000019
:10E800000000000000000000000000000000000008
:10E8100000000000000000000000000000000000F8
:10E8200000000000000000000000000000000000E8
:10E8300000000000000000000000000000000000D8
:10E8400000000000000000000000000000000000C8
:10E8500000000000000000000000000000000000B8
:10E8600000000000000000000000000000000000A8
:10E870000000000000000000000000000000000098
:10E880000000000000000000000000000000000088
:10E890000000000000000000000000000000000078
:10E8A0000000000000000000000000000000000068
:10E8B0000000000000000000000000000000000058
:10E8C0000000000000000000000000000000000048
:10E8D0000000000000000000000000000000000038
:10E8E0000000000000000000000000000000000028
:10E8F0000000000000000000000000000000000018
:10E900000000000000000000000000000000000007
:10E9100000000000000000000000000000000000F7
:10E9200000000000000000000000000000000000E7
:10E9300000000000000000000000000000000000D7
:10E9400000000000000000000000000000000000C7
:10E9500000000000000000000000000000000000B7
:10E9600000000000000000000000000000000000A7
:10E970000000000000000000000000000000000097
:10E980000000000000000000000000000000000087
:10E990000000000000000000000000000000000077
:10E9A0000000000000000000000000000000000067
:10E9B0000000000000000000000000000000000057
:10E9C0000000000000000000000000000000000047
:10E9D0000000000000000000000000000000000037
:10E9E0000000000000000000000000000000000027
:10E9F0000000000000000000000000000000000017
:10EA00000000000000000000000000000000000006
:10EA100000000000000000000000000000000000F6
:10EA200000000000000000000000000000000000E6
:10EA300000000000000000000000000000000000D6
:10EA400000000000000000000000000000000000C6
:10EA500000000000000000000000000000000000B6
:10EA600000000000000000000000000000000000A6
:10EA70000000000000000000000000000000000096
:10EA80000000000000000000000000000000000086
:10EA90000000000000000000000000000000000076
:10EAA0000000000000000000000000000000000066
:10EAB0000000000000000000000000000000000056
:10EAC0000000000000000000000000000000000046
:10EAD0000000000000000000000000000000000036
:10EAE0000000000000000000000000000000000026
:10EAF0000000000000000000000000000000000016
:10EB00000000000000000000000000000000000005
:10EB100000000000000000000000000000000000F5
:10EB200000000000000000000000000000000000E5
:10EB300000000000000000000000000000000000D5
:10EB400000000000000000000000000000000000C5
:10EB500000000000000000000000000000000000B5
:10EB600000000000000000000000000000000000A5
:10EB70000000000000000000000000000000000095
:10EB80000000000000000000000000000000000085
:10EB90000000000000000000000000000000000075
:10EBA0000000000000000000000000000000000065
:10EBB0000000000000000000000000000000000055
:10EBC0000000000000000000000000000000000045
:10EBD0000000000000000000000000000000000035
:10EBE0000000000000000000000000000000000025
:10EBF0000000000000000000000000000000000015
:10EC00000000000000000000000000000000000004
:10EC100000000000000000000000000000000000F4
:10EC200000000000000000000000000000000000E4
:10EC300000000000000000000000000000000000D4
:10EC400000000000000000000000000000000000C4
:10EC500000000000000000000000000000000000B4
:10EC600000000000000000000000000000000000A4
:10EC70000000000000000000000000000000000094
:10EC80000000000000000000000000000000000084
:10EC90000000000000000000000000000000000074
:10ECA0000000000000000000000000000000000064
:10ECB0000000000000000000000000000000000054
:10ECC0000000000000000000000000000000000044
:10ECD0000000000000000000000000000000000034
:10ECE0000000000000000000000000000000000024
:10ECF0000000000000000000000000000000000014
:10ED00000000000000000000000000000000000003
:10ED100000000000000000000000000000000000F3
:10ED200000000000000000000000000000000000E3
:10ED300000000000000000000000000000000000D3
:10ED400000000000000000000000000000000000C3
:10ED500000000000000000000000000000000000B3
:10ED600000000000000000000000000000000000A3
:10ED70000000000000000000000000000000000093
:10ED80000000000000000000000000000000000083
:10ED90000000000000000000000000000000000073
:10EDA0000000000000000000000000000000000063
:10EDB0000000000000000000000000000000000053
:10EDC0000000000000000000000000000000000043
:10EDD0000000000000000000000000000000000033
:10EDE0000000000000000000000000000000000023
:10EDF0000000000000000000000000000000000013
:10EE00000000000000000000000000000000000002
:10EE100000000000000000000000000000000000F2
:10EE200000000000000000000000000000000000E2
:10EE300000000000000000000000000000000000D2
:10EE400000000000000000000000000000000000C2
:10EE500000000000000000000000000000000000B2
:10EE600000000000000000000000000000000000A2
:10EE70000000000000000000000000000000000092
:10EE80000000000000000000000000000000000082
:10EE90000000000000000000000000000000000072
:10EEA0000000000000000000000000000000000062
:10EEB0000000000000000000000000000000000052
:10EEC0000000000000000000000000000000000042
:10EED0000000000000000000000000000000000032
:10EEE0000000000000000000000000000000000022
:10EEF0000000000000000000000000000000000012
:10EF00000000000000000000000000000000000001
:10EF100000000000000000000000000000000000F1
:10EF200000000000000000000000000000000000E1
:10EF300000000000000000000000000000000000D1
:10EF400000000000000000000000000000000000C1
:10EF500000000000000000000000000000000000B1
:10EF600000000000000000000000000000000000A1
:10EF70000000000000000000000000000000000091
:10EF80000000000000000000000000000000000081
:10EF90000000000000000000000000000000000071
:10EFA0000000000000000000000000000000000061
:10EFB0000000000000000000000000000000000051
:10EFC0000000000000000000000000000000000041
:10EFD0000000000000000000000000000000000031
:10EFE0000000000000000000000000000000000021
:10EFF0000000000000000000000000000000000011
:10F000000000000000000000000000000000000000
:10F0100000000000000000000000000000000000F0
:10F0200000000000000000000000000000000000E0
:10F0300000000000000000000000000000000000D0
:10F0400000000000000000000000000000000000C0
:10F0500000000000000000000000000000000000B0
:10F0600000000000000000000000000000000000A0
:10F070000000000000000000000000000000000090
:10F080000000000000000000000000000000000080
:10F090000000000000000000000000000000000070
:10F0A0000000000000000000000000000000000060
:10F0B0000000000000000000000000000000000050
:10F0C0000000000000000000000000000000000040
:10F0D0000000000000000000000000000000000030
:10F0E0000000000000000000000000000000000020
:10F0F0000000000000000000000000000000000010
:10F1000000000000000000000000000000000000FF
:10F1100000000000000000000000000000000000EF
:10F1200000000000000000000000000000000000DF
:10F1300000000000000000000000000000000000CF
:10F1400000000000000000000000000000000000BF
:10F1500000000000000000000000000000000000AF
:10F16000000000000000000000000000000000009F
:10F17000000000000000000000000000000000008F
:10F18000000000000000000000000000000000007F
:10F19000000000000000000000000000000000006F
:10F1A000000000000000000000000000000000005F
:10F1B000000000000000000000000000000000004F
:10F1C000000000000000000000000000000000003F
:10F1D000000000000000000000000000000000002F
:10F1E000000000000000000000000000000000001F
:10F1F000000000000000000000000000000000000F
:10F2000000000000000000000000000000000000FE
:10F2100000000000000000000000000000000000EE
:10F2200000000000000000000000000000000000DE
:10F2300000000000000000000000000000000000CE
:10F2400000000000000000000000000000000000BE
:10F2500000000000000000000000000000000000AE
:10F26000000000000000000000000000000000009E
:10F27000000000000000000000000000000000008E
:10F28000000000000000000000000000000000007E
:10F29000000000000000000000000000000000006E
:10F2A000000000000000000000000000000000005E
:10F2B000000000000000000000000000000000004E
:10F2C000000000000000000000000000000000003E
:10F2D000000000000000000000000000000000002E
:10F2E000000000000000000000000000000000001E
:10F2F000000000000000000000000000000000000E
:10F3000000000000000000000000000000000000FD
:10F3100000000000000000000000000000000000ED
:10F3200000000000000000000000000000000000DD
:10F3300000000000000000000000000000000000CD
:10F3400000000000000000000000000000000000BD
:10F3500000000000000000000000000000000000AD
:10F36000000000000000000000000000000000009D
:10F37000000000000000000000000000000000008D
:10F38000000000000000000000000000000000007D
:10F39000000000000000000000000000000000006D
:10F3A000000000000000000000000000000000005D
:10F3B000000000000000000000000000000000004D
:10F3C000000000000000000000000000000000003D
:10F3D000000000000000000000000000000000002D
:10F3E000000000000000000000000000000000001D
:10F3F000000000000000000000000000000000000D
:10F4000000000000000000000000000000000000FC
:10F4100000000000000000000000000000000000EC
:10F4200000000000000000000000000000000000DC
:10F4300000000000000000000000000000000000CC
:10F4400000000000000000000000000000000000BC
:10F4500000000000000000000000000000000000AC
:10F46000000000000000000000000000000000009C
:10F47000000000000000000000000000000000008C
:10F48000000000000000000000000000000000007C
:10F49000000000000000000000000000000000006C
:10F4A000000000000000000000000000000000005C
:10F4B000000000000000000000000000000000004C
:10F4C000000000000000000000000000000000003C
:10F4D000000000000000000000000000000000002C
:10F4E000000000000000000000000000000000001C
:10F4F000000000000000000000000000000000000C
:10F5000000000000000000000000000000000000FB
:10F5100000000000000000000000000000000000EB
:10F5200000000000000000000000000000000000DB
:10F5300000000000000000000000000000000000CB
:10F5400000000000000000000000000000000000BB
:10F5500000000000000000000000000000000000AB
:10F56000000000000000000000000000000000009B
:10F57000000000000000000000000000000000008B
:10F58000000000000000000000000000000000007B
:10F59000000000000000000000000000000000006B
:10F5A000000000000000000000000000000000005B
:10F5B000000000000000000000000000000000004B
:10F5C000000000000000000000000000000000003B
:10F5D000000000000000000000000000000000002B
:10F5E000000000000000000000000000000000001B
:10F5F000000000000000000000000000000000000B
:10F6000000000000000000000000000000000000FA
:10F6100000000000000000000000000000000000EA
:10F6200000000000000000000000000000000000DA
:10F6300000000000000000000000000000000000CA
:10F6400000000000000000000000000000000000BA
:10F6500000000000000000000000000000000000AA
:10F66000000000000000000000000000000000009A
:10F67000000000000000000000000000000000008A
:10F68000000000000000000000000000000000007A
:10F69000000000000000000000000000000000006A
:10F6A000000000000000000000000000000000005A
:10F6B000000000000000000000000000000000004A
:10F6C000000000000000000000000000000000003A
:10F6D000000000000000000000000000000000002A
:10F6E000000000000000000000000000000000001A
:10F6F000000000000000000000000000000000000A
:10F7000000000000000000000000000000000000F9
:10F7100000000000000000000000000000000000E9
:10F7200000000000000000000000000000000000D9
:10F7300000000000000000000000000000000000C9
:10F7400000000000000000000000000000000000B9
:10F7500000000000000000000000000000000000A9
:10F760000000000000000000000000000000000099
:10F770000000000000000000000000000000000089
:10F780000000000000000000000000000000000079
:10F790000000000000000000000000000000000069
:10F7A0000000000000000000000000000000000059
:10F7B0000000000000000000000000000000000049
:10F7C0000000000000000000000000000000000039
:10F7D0000000000000000000000000000000000029
:10F7E0000000000000000000000000000000000019
:10F7F0000000000000000000000000000000000009
:10F8000000000000000000000000000000000000F8
:10F8100000000000000000000000000000000000E8
:10F8200000000000000000000000000000000000D8
:10F8300000000000000000000000000000000000C8
:10F8400000000000000000000000000000000000B8
:10F8500000000000000000000000000000000000A8
:10F860000000000000000000000000000000000098
:10F870000000000000000000000000000000000088
:10F880000000000000000000000000000000000078
:10F890000000000000000000000000000000000068
:10F8A0000000000000000000000000000000000058
:10F8B0000000000000000000000000000000000048
:10F8C0000000000000000000000000000000000038
:10F8D0000000000000000000000000000000000028
:10F8E0000000000000000000000000000000000018
:10F8F0000000000000000000000000000000000008
:10F9000000000000000000000000000000000000F7
:10F9100000000000000000000000000000000000E7
:10F9200000000000000000000000000000000000D7
:10F9300000000000000000000000000000000000C7
:10F9400000000000000000000000000000000000B7
:10F9500000000000000000000000000000000000A7
:10F960000000000000000000000000000000000097
:10F970000000000000000000000000000000000087
:10F980000000000000000000000000000000000077
:10F990000000000000000000000000000000000067
:10F9A0000000000000000000000000000000000057
:10F9B0000000000000000000000000000000000047
:10F9C0000000000000000000000000000000000037
:10F9D0000000000000000000000000000000000027
:10F9E0000000000000000000000000000000000017
:10F9F0000000000000000000000000000000000007
:10FA000000000000000000000000000000000000F6
:10FA100000000000000000000000000000000000E6
:10FA200000000000000000000000000000000000D6
:10FA300000000000000000000000000000000000C6
:10FA400000000000000000000000000000000000B6
:10FA500000000000000000000000000000000000A6
:10FA60000000000000000000000000000000000096
:10FA70000000000000000000000000000000000086
:10FA80000000000000000000000000000000000076
:10FA90000000000000000000000000000000000066
:10FAA0000000000000000000000000000000000056
:10FAB0000000000000000000000000000000000046
:10FAC0000000000000000000000000000000000036
:10FAD0000000000000000000000000000000000026
:10FAE0000000000000000000000000000000000016
:10FAF0000000000000000000000000000000000006
:10FB000000000000000000000000000000000000F5
:10FB100000000000000000000000000000000000E5
:10FB200000000000000000000000000000000000D5
:10FB300000000000000000000000000000000000C5
:10FB400000000000000000000000000000000000B5
:10FB500000000000000000000000000000000000A5
:10FB60000000000000000000000000000000000095
:10FB70000000000000000000000000000000000085
:10FB80000000000000000000000000000000000075
:10FB90000000000000000000000000000000000065
:10FBA0000000000000000000000000000000000055
:10FBB0000000000000000000000000000000000045
:10FBC0000000000000000000000000000000000035
:10FBD0000000000000000000000000000000000025
:10FBE0000000000000000000000000000000000015
:10FBF0000000000000000000000000000000000005
:10FC000000000000000000000000000000000000F4
:10FC100000000000000000000000000000000000E4
:10FC200000000000000000000000000000000000D4
:10FC300000000000000000000000000000000000C4
:10FC400000000000000000000000000000000000B4
:10FC500000000000000000000000000000000000A4
:10FC60000000000000000000000000000000000094
:10FC70000000000000000000000000000000000084
:10FC80000000000000000000000000000000000074
:10FC90000000000000000000000000000000000064
:10FCA0000000000000000000000000000000000054
:10FCB0000000000000000000000000000000000044
:10FCC0000000000000000000000000000000000034
:10FCD0000000000000000000000000000000000024
:10FCE0000000000000000000000000000000000014
:10FCF0000000000000000000000000000000000004
:10FD000000000000000000000000000000000000F3
:10FD100000000000000000000000000000000000E3
:10FD200000000000000000000000000000000000D3
:10FD300000000000000000000000000000000000C3
:10FD400000000000000000000000000000000000B3
:10FD500000000000000000000000000000000000A3
:10FD60000000000000000000000000000000000093
:10FD70000000000000000000000000000000000083
:10FD80000000000000000000000000000000000073
:10FD90000000000000000000000000000000000063
:10FDA0000000000000000000000000000000000053
:10FDB0000000000000000000000000000000000043
:10FDC0000000000000000000000000000000000033
:10FDD0000000000000000000000000000000000023
:10FDE0000000000000000000000000000000000013
:10FDF0000000000000000000000000000000000003
:10FE000000000000000000000000000000000000F2
:10FE100000000000000000000000000000000000E2
:10FE200000000000000000000000000000000000D2
:10FE300000000000000000000000000000000000C2
:10FE400000000000000000000000000000000000B2
:10FE500000000000000000000000000000000000A2
:10FE60000000000000000000000000000000000092
:10FE70000000000000000000000000000000000082
:10FE80000000000000000000000000000000000072
:10FE90000000000000000000000000000000000062
:10FEA0000000000000000000000000000000000052
:10FEB0000000000000000000000000000000000042
:10FEC0000000000000000000000000000000000032
:10FED0000000000000000000000000000000000022
:10FEE0000000000000000000000000000000000012
:10FEF0000000000000000000000000000000000002
:10FF000000000000000000000000000000000000F1
:10FF100000000000000000000000000000000000E1
:10FF200000000000000000000000000000000000D1
:10FF300000000000000000000000000000000000C1
:10FF400000000000000000000000000000000000B1
:10FF500000000000000000000000000000000000A1
:10FF60000000000000000000000000000000000091
:10FF70000000000000000000000000000000000081
:10FF80000000000000000000000000000000000071
:10FF90000000000000000000000000000000000061
:10FFA0000000000000000000000000000000000051
:10FFB0000000000000000000000000000000000041
:10FFC0000000000000000000000000000000000031
:10FFD0000000000000000000000000000000000021
:10FFE0000000000000000000000000000000000011
:10FFF0000000000000000000000000000000000001
:020000040C07E7
:1000000000000000000000000000000000000000F0
:1000100000000000000000000000000000000000E0
:1000200000000000000000000000000000000000D0
:1000300000000000000000000000000000000000C0
:1000400000000000000000000000000000000000B0
:1000500000000000000000000000000000000000A0
:100060000000000000000000000000000000000090
:100070000000000000000000000000000000000080
:100080000000000000000000000000000000000070
:100090000000000000000000000000000000000060
:1000A0000000000000000000000000000000000050
:1000B0000000000000000000000000000000000040
:1000C0000000000000000000000000000000000030
:1000D0000000000000000000000000000000000020
:1000E0000000000000000000000000000000000010
:1000F0000000000000000000000000000000000000
:1001000000000000000000000000000000000000EF
:1001100000000000000000000000000000000000DF
:1001200000000000000000000000000000000000CF
:1001300000000000000000000000000000000000BF
:1001400000000000000000000000000000000000AF
:10015000000000000000000000000000000000009F
:10016000000000000000000000000000000000008F
:10017000000000000000000000000000000000007F
:10018000000000000000000000000000000000006F
:10019000000000000000000000000000000000005F
:1001A000000000000000000000000000000000004F
:1001B000000000000000000000000000000000003F
:1001C000000000000000000000000000000000002F
:1001D000000000000000000000000000000000001F
:1001E000000000000000000000000000000000000F
:1001F00000000000000000000000000000000000FF
:1002000000000000000000000000000000000000EE
:1002100000000000000000000000000000000000DE
:1002200000000000000000000000000000000000CE
:1002300000000000000000000000000000000000BE
:1002400000000000000000000000000000000000AE
:10025000000000000000000000000000000000009E
:10026000000000000000000000000000000000008E
:10027000000000000000000000000000000000007E
:10028000000000000000000000000000000000006E
:10029000000000000000000000000000000000005E
:1002A000000000000000000000000000000000004E
:1002B000000000000000000000000000000000003E
:1002C000000000000000000000000000000000002E
:1002D000000000000000000000000000000000001E
:1002E000000000000000000000000000000000000E
:1002F00000000000000000000000000000000000FE
:1003000000000000000000000000000000000000ED
:1003100000000000000000000000000000000000DD
:1003200000000000000000000000000000000000CD
:1003300000000000000000000000000000000000BD
:1003400000000000000000000000000000000000AD
:10035000000000000000000000000000000000009D
:10036000000000000000000000000000000000008D
:10037000000000000000000000000000000000007D
:10038000000000000000000000000000000000006D
:10039000000000000000000000000000000000005D
:1003A000000000000000000000000000000000004D
:1003B000000000000000000000000000000000003D
:1003C000000000000000000000000000000000002D
:1003D000000000000000000000000000000000001D
:1003E000000000000000000000000000000000000D
:1003F00000000000000000000000000000000000FD
:1004000000000000000000000000000000000000EC
:1004100000000000000000000000000000000000DC
:1004200000000000000000000000000000000000CC
:1004300000000000000000000000000000000000BC
:1004400000000000000000000000000000000000AC
:10045000000000000000000000000000000000009C
:10046000000000000000000000000000000000008C
:10047000000000000000000000000000000000007C
:10048000000000000000000000000000000000006C
:10049000000000000000000000000000000000005C
:1004A000000000000000000000000000000000004C
:1004B000000000000000000000000000000000003C
:1004C000000000000000000000000000000000002C
:1004D000000000000000000000000000000000001C
:1004E000000000000000000000000000000000000C
:1004F00000000000000000000000000000000000FC
:1005000000000000000000000000000000000000EB
:1005100000000000000000000000000000000000DB
:1005200000000000000000000000000000000000CB
:1005300000000000000000000000000000000000BB
:1005400000000000000000000000000000000000AB
:10055000000000000000000000000000000000009B
:10056000000000000000000000000000000000008B
:10057000000000000000000000000000000000007B
:10058000000000000000000000000000000000006B
:10059000000000000000000000000000000000005B
:1005A000000000000000000000000000000000004B
:1005B000000000000000000000000000000000003B
:1005C000000000000000000000000000000000002B
:1005D000000000000000000000000000000000001B
:1005E000000000000000000000000000000000000B
:1005F00000000000000000000000000000000000FB
:1006000000000000000000000000000000000000EA
:1006100000000000000000000000000000000000DA
:1006200000000000000000000000000000000000CA
:1006300000000000000000000000000000000000BA
:1006400000000000000000000000000000000000AA
:10065000000000000000000000000000000000009A
:10066000000000000000000000000000000000008A
:10067000000000000000000000000000000000007A
:10068000000000000000000000000000000000006A
:10069000000000000000000000000000000000005A
:1006A000000000000000000000000000000000004A
:1006B000000000000000000000000000000000003A
:1006C000000000000000000000000000000000002A
:1006D000000000000000000000000000000000001A
:1006E000000000000000000000000000000000000A
:1006F00000000000000000000000000000000000FA
:1007000000000000000000000000000000000000E9
:1007100000000000000000000000000000000000D9
:1007200000000000000000000000000000000000C9
:1007300000000000000000000000000000000000B9
:1007400000000000000000000000000000000000A9
:100750000000000000000000000000000000000099
:100760000000000000000000000000000000000089
:100770000000000000000000000000000000000079
:100780000000000000000000000000000000000069
:100790000000000000000000000000000000000059
:1007A0000000000000000000000000000000000049
:1007B0000000000000000000000000000000000039
:1007C0000000000000000000000000000000000029
:1007D0000000000000000000000000000000000019
:1007E0000000000000000000000000000000000009
:1007F00000000000000000000000000000000000F9
:1008000000000000000000000000000000000000E8
:1008100000000000000000000000000000000000D8
:1008200000000000000000000000000000000000C8
:1008300000000000000000000000000000000000B8
:1008400000000000000000000000000000000000A8
:100850000000000000000000000000000000000098
:100860000000000000000000000000000000000088
:100870000000000000000000000000000000000078
:100880000000000000000000000000000000000068
:100890000000000000000000000000000000000058
:1008A0000000000000000000000000000000000048
:1008B0000000000000000000000000000000000038
:1008C0000000000000000000000000000000000028
:1008D0000000000000000000000000000000000018
:1008E0000000000000000000000000000000000008
:1008F00000000000000000000000000000000000F8
:1009000000000000000000000000000000000000E7
:1009100000000000000000000000000000000000D7
:1009200000000000000000000000000000000000C7
:1009300000000000000000000000000000000000B7
:1009400000000000000000000000000000000000A7
:100950000000000000000000000000000000000097
:100960000000000000000000000000000000000087
:100970000000000000000000000000000000000077
:100980000000000000000000000000000000000067
:100990000000000000000000000000000000000057
:1009A0000000000000000000000000000000000047
:1009B0000000000000000000000000000000000037
:1009C0000000000000000000000000000000000027
:1009D0000000000000000000000000000000000017
:1009E0000000000000000000000000000000000007
:1009F00000000000000000000000000000000000F7
:100A000000000000000000000000000000000000E6
:100A100000000000000000000000000000000000D6
:100A200000000000000000000000000000000000C6
:100A300000000000000000000000000000000000B6
:100A400000000000000000000000000000000000A6
:100A50000000000000000000000000000000000096
:100A60000000000000000000000000000000000086
:100A70000000000000000000000000000000000076
:100A80000000000000000000000000000000000066
:100A90000000000000000000000000000000000056
:100AA0000000000000000000000000000000000046
:100AB0000000000000000000000000000000000036
:100AC0000000000000000000000000000000000026
:100AD0000000000000000000000000000000000016
:100AE0000000000000000000000000000000000006
:100AF00000000000000000000000000000000000F6
:100B000000000000000000000000000000000000E5
:100B100000000000000000000000000000000000D5
:100B200000000000000000000000000000000000C5
:100B300000000000000000000000000000000000B5
:100B400000000000000000000000000000000000A5
:100B50000000000000000000000000000000000095
:100B60000000000000000000000000000000000085
:100B70000000000000000000000000000000000075
:100B80000000000000000000000000000000000065
:100B90000000000000000000000000000000000055
:100BA0000000000000000000000000000000000045
:100BB0000000000000000000000000000000000035
:100BC0000000000000000000000000000000000025
:100BD0000000000000000000000000000000000015
:100BE0000000000000000000000000000000000005
:100BF00000000000000000000000000000000000F5
:100C000000000000000000000000000000000000E4
:100C100000000000000000000000000000000000D4
:100C200000000000000000000000000000000000C4
:100C300000000000000000000000000000000000B4
:100C400000000000000000000000000000000000A4
:100C50000000000000000000000000000000000094
:100C60000000000000000000000000000000000084
:100C70000000000000000000000000000000000074
:100C80000000000000000000000000000000000064
:100C90000000000000000000000000000000000054
:100CA0000000000000000000000000000000000044
:100CB0000000000000000000000000000000000034
:100CC0000000000000000000000000000000000024
:100CD0000000000000000000000000000000000014
:100CE0000000000000000000000000000000000004
:100CF00000000000000000000000000000000000F4
:100D000000000000000000000000000000000000E3
:100D100000000000000000000000000000000000D3
:100D200000000000000000000000000000000000C3
:100D300000000000000000000000000000000000B3
:100D400000000000000000000000000000000000A3
:100D50000000000000000000000000000000000093
:100D60000000000000000000000000000000000083
:100D70000000000000000000000000000000000073
:100D80000000000000000000000000000000000063
:100D90000000000000000000000000000000000053
:100DA0000000000000000000000000000000000043
:100DB0000000000000000000000000000000000033
:100DC0000000000000000000000000000000000023
:100DD0000000000000000000000000000000000013
:100DE0000000000000000000000000000000000003
:100DF00000000000000000000000000000000000F3
:100E000000000000000000000000000000000000E2
:100E100000000000000000000000000000000000D2
:100E200000000000000000000000000000000000C2
:100E300000000000000000000000000000000000B2
:100E400000000000000000000000000000000000A2
:100E50000000000000000000000000000000000092
:100E60000000000000000000000000000000000082
:100E70000000000000000000000000000000000072
:100E80000000000000000000000000000000000062
:100E90000000000000000000000000000000000052
:100EA0000000000000000000000000000000000042
:100EB0000000000000000000000000000000000032
:100EC0000000000000000000000000000000000022
:100ED0000000000000000000000000000000000012
:100EE0000000000000000000000000000000000002
:100EF00000000000000000000000000000000000F2
:100F000000000000000000000000000000000000E1
:100F100000000000000000000000000000000000D1
:100F200000000000000000000000000000000000C1
:100F300000000000000000000000000000000000B1
:100F400000000000000000000000000000000000A1
:100F50000000000000000000000000000000000091
:100F60000000000000000000000000000000000081
:100F70000000000000000000000000000000000071
:100F80000000000000000000000000000000000061
:100F90000000000000000000000000000000000051
:100FA0000000000000000000000000000000000041
:100FB0000000000000000000000000000000000031
:100FC0000000000000000000000000000000000021
:100FD0000000000000000000000000000000000011
:100FE0000000000000000000000000000000000001
:100FF00000000000000000000000000000000000F1
:1010000000000000000000000000000000000000E0
:1010100000000000000000000000000000000000D0
:1010200000000000000000000000000000000000C0
:1010300000000000000000000000000000000000B0
:1010400000000000000000000000000000000000A0
:101050000000000000000000000000000000000090
:101060000000000000000000000000000000000080
:101070000000000000000000000000000000000070
:101080000000000000000000000000000000000060
:101090000000000000000000000000000000000050
:1010A0000000000000000000000000000000000040
:1010B0000000000000000000000000000000000030
:1010C0000000000000000000000000000000000020
:1010D0000000000000000000000000000000000010
:1010E0000000000000000000000000000000000000
:1010F00000000000000000000000000000000000F0
:1011000000000000000000000000000000000000DF
:1011100000000000000000000000000000000000CF
:1011200000000000000000000000000000000000BF
:1011300000000000000000000000000000000000AF
:10114000000000000000000000000000000000009F
:10115000000000000000000000000000000000008F
:10116000000000000000000000000000000000007F
:10117000000000000000000000000000000000006F
:10118000000000000000000000000000000000005F
:10119000000000000000000000000000000000004F
:1011A000000000000000000000000000000000003F
:1011B000000000000000000000000000000000002F
:1011C000000000000000000000000000000000001F
:1011D000000000000000000000000000000000000F
:1011E00000000000000000000000000000000000FF
:1011F00000000000000000000000000000000000EF
:1012000000000000000000000000000000000000DE
:1012100000000000000000000000000000000000CE
:1012200000000000000000000000000000000000BE
:1012300000000000000000000000000000000000AE
:10124000000000000000000000000000000000009E
:10125000000000000000000000000000000000008E
:10126000000000000000000000000000000000007E
:10127000000000000000000000000000000000006E
:10128000000000000000000000000000000000005E
:10129000000000000000000000000000000000004E
:1012A000000000000000000000000000000000003E
:1012B000000000000000000000000000000000002E
:1012C000000000000000000000000000000000001E
:1012D000000000000000000000000000000000000E
:1012E00000000000000000000000000000000000FE
:1012F00000000000000000000000000000000000EE
:1013000000000000000000000000000000000000DD
:1013100000000000000000000000000000000000CD
:1013200000000000000000000000000000000000BD
:1013300000000000000000000000000000000000AD
:10134000000000000000000000000000000000009D
:10135000000000000000000000000000000000008D
:10136000000000000000000000000000000000007D
:10137000000000000000000000000000000000006D
:10138000000000000000000000000000000000005D
:10139000000000000000000000000000000000004D
:1013A000000000000000000000000000000000003D
:1013B000000000000000000000000000000000002D
:1013C000000000000000000000000000000000001D
:1013D000000000000000000000000000000000000D
:1013E00000000000000000000000000000000000FD
:1013F00000000000000000000000000000000000ED
:1014000000000000000000000000000000000000DC
:1014100000000000000000000000000000000000CC
:1014200000000000000000000000000000000000BC
:1014300000000000000000000000000000000000AC
:10144000000000000000000000000000000000009C
:10145000000000000000000000000000000000008C
:10146000000000000000000000000000000000007C
:10147000000000000000000000000000000000006C
:10148000000000000000000000000000000000005C
:10149000000000000000000000000000000000004C
:1014A000000000000000000000000000000000003C
:1014B000000000000000000000000000000000002C
:1014C000000000000000000000000000000000001C
:1014D000000000000000000000000000000000000C
:1014E00000000000000000000000000000000000FC
:1014F00000000000000000000000000000000000EC
:1015000000000000000000000000000000000000DB
:1015100000000000000000000000000000000000CB
:1015200000000000000000000000000000000000BB
:1015300000000000000000000000000000000000AB
:10154000000000000000000000000000000000009B
:10155000000000000000000000000000000000008B
:10156000000000000000000000000000000000007B
:10157000000000000000000000000000000000006B
:10158000000000000000000000000000000000005B
:10159000000000000000000000000000000000004B
:1015A000000000000000000000000000000000003B
:1015B000000000000000000000000000000000002B
:1015C000000000000000000000000000000000001B
:1015D000000000000000000000000000000000000B
:1015E00000000000000000000000000000000000FB
:1015F00000000000000000000000000000000000EB
:1016000000000000000000000000000000000000DA
:1016100000000000000000000000000000000000CA
:1016200000000000000000000000000000000000BA
:1016300000000000000000000000000000000000AA
:10164000000000000000000000000000000000009A
:10165000000000000000000000000000000000008A
:10166000000000000000000000000000000000007A
:10167000000000000000000000000000000000006A
:10168000000000000000000000000000000000005A
:10169000000000000000000000000000000000004A
:1016A000000000000000000000000000000000003A
:1016B000000000000000000000000000000000002A
:1016C000000000000000000000000000000000001A
:1016D000000000000000000000000000000000000A
:1016E00000000000000000000000000000000000FA
:1016F00000000000000000000000000000000000EA
:1017000000000000000000000000000000000000D9
:1017100000000000000000000000000000000000C9
:1017200000000000000000000000000000000000B9
:1017300000000000000000000000000000000000A9
:101740000000000000000000000000000000000099
:101750000000000000000000000000000000000089
:101760000000000000000000000000000000000079
:101770000000000000000000000000000000000069
:101780000000000000000000000000000000000059
:101790000000000000000000000000000000000049
:1017A0000000000000000000000000000000000039
:1017B0000000000000000000000000000000000029
:1017C0000000000000000000000000000000000019
:1017D0000000000000000000000000000000000009
:1017E00000000000000000000000000000000000F9
:1017F00000000000000000000000000000000000E9
:1018000000000000000000000000000000000000D8
:1018100000000000000000000000000000000000C8
:1018200000000000000000000000000000000000B8
:1018300000000000000000000000000000000000A8
:101840000000000000000000000000000000000098
:101850000000000000000000000000000000000088
:101860000000000000000000000000000000000078
:101870000000000000000000000000000000000068
:101880000000000000000000000000000000000058
:101890000000000000000000000000000000000048
:1018A0000000000000000000000000000000000038
:1018B0000000000000000000000000000000000028
:1018C0000000000000000000000000000000000018
:1018D0000000000000000000000000000000000008
:1018E00000000000000000000000000000000000F8
:1018F00000000000000000000000000000000000E8
:1019000000000000000000000000000000000000D7
:1019100000000000000000000000000000000000C7
:1019200000000000000000000000000000000000B7
:1019300000000000000000000000000000000000A7
:101940000000000000000000000000000000000097
:101950000000000000000000000000000000000087
:101960000000000000000000000000000000000077
:101970000000000000000000000000000000000067
:101980000000000000000000000000000000000057
:101990000000000000000000000000000000000047
:1019A0000000000000000000000000000000000037
:1019B0000000000000000000000000000000000027
:1019C0000000000000000000000000000000000017
:1019D0000000000000000000000000000000000007
:1019E00000000000000000000000000000000000F7
:1019F00000000000000000000000000000000000E7
:101A000000000000000000000000000000000000D6
:101A100000000000000000000000000000000000C6
:101A200000000000000000000000000000000000B6
:101A300000000000000000000000000000000000A6
:101A40000000000000000000000000000000000096
:101A50000000000000000000000000000000000086
:101A60000000000000000000000000000000000076
:101A70000000000000000000000000000000000066
:101A80000000000000000000000000000000000056
:101A90000000000000000000000000000000000046
:101AA0000000000000000000000000000000000036
:101AB0000000000000000000000000000000000026
:101AC0000000000000000000000000000000000016
:101AD0000000000000000000000000000000000006
:101AE00000000000000000000000000000000000F6
:101AF00000000000000000000000000000000000E6
:101B000000000000000000000000000000000000D5
:101B100000000000000000000000000000000000C5
:101B200000000000000000000000000000000000B5
:101B300000000000000000000000000000000000A5
:101B40000000000000000000000000000000000095
:101B50000000000000000000000000000000000085
:101B60000000000000000000000000000000000075
:101B70000000000000000000000000000000000065
:101B80000000000000000000000000000000000055
:101B90000000000000000000000000000000000045
:101BA0000000000000000000000000000000000035
:101BB0000000000000000000000000000000000025
:101BC0000000000000000000000000000000000015
:101BD0000000000000000000000000000000000005
:101BE00000000000000000000000000000000000F5
:101BF00000000000000000000000000000000000E5
:101C000000000000000000000000000000000000D4
:101C100000000000000000000000000000000000C4
:101C200000000000000000000000000000000000B4
:101C300000000000000000000000000000000000A4
:101C40000000000000000000000000000000000094
:101C50000000000000000000000000000000000084
:101C60000000000000000000000000000000000074
:101C70000000000000000000000000000000000064
:101C80000000000000000000000000000000000054
:101C90000000000000000000000000000000000044
:101CA0000000000000000000000000000000000034
:101CB0000000000000000000000000000000000024
:101CC0000000000000000000000000000000000014
:101CD0000000000000000000000000000000000004
:101CE00000000000000000000000000000000000F4
:101CF00000000000000000000000000000000000E4
:101D000000000000000000000000000000000000D3
:101D100000000000000000000000000000000000C3
:101D200000000000000000000000000000000000B3
:101D300000000000000000000000000000000000A3
:101D40000000000000000000000000000000000093
:101D50000000000000000000000000000000000083
:101D60000000000000000000000000000000000073
:101D70000000000000000000000000000000000063
:101D80000000000000000000000000000000000053
:101D90000000000000000000000000000000000043
:101DA0000000000000000000000000000000000033
:101DB0000000000000000000000000000000000023
:101DC0000000000000000000000000000000000013
:101DD0000000000000000000000000000000000003
:101DE00000000000000000000000000000000000F3
:101DF00000000000000000000000000000000000E3
:101E000000000000000000000000000000000000D2
:101E100000000000000000000000000000000000C2
:101E200000000000000000000000000000000000B2
:101E300000000000000000000000000000000000A2
:101E40000000000000000000000000000000000092
:101E50000000000000000000000000000000000082
:101E60000000000000000000000000000000000072
:101E70000000000000000000000000000000000062
:101E80000000000000000000000000000000000052
:101E90000000000000000000000000000000000042
:101EA0000000000000000000000000000000000032
:101EB0000000000000000000000000000000000022
:101EC0000000000000000000000000000000000012
:101ED0000000000000000000000000000000000002
:101EE00000000000000000000000000000000000F2
:101EF00000000000000000000000000000000000E2
:101F000000000000000000000000000000000000D1
:101F100000000000000000000000000000000000C1
:101F200000000000000000000000000000000000B1
:101F300000000000000000000000000000000000A1
:101F40000000000000000000000000000000000091
:101F50000000000000000000000000000000000081
:101F60000000000000000000000000000000000071
:101F70000000000000000000000000000000000061
:101F80000000000000000000000000000000000051
:101F90000000000000000000000000000000000041
:101FA0000000000000000000000000000000000031
:101FB0000000000000000000000000000000000021
:101FC0000000000000000000000000000000000011
:101FD0000000000000000000000000000000000001
:101FE00000000000000000000000000000000000F1
:101FF00000000000000000000000000000000000E1
:1020000000000000000000000000000000000000D0
:1020100000000000000000000000000000000000C0
:1020200000000000000000000000000000000000B0
:1020300000000000000000000000000000000000A0
:102040000000000000000000000000000000000090
:102050000000000000000000000000000000000080
:102060000000000000000000000000000000000070
:102070000000000000000000000000000000000060
:102080000000000000000000000000000000000050
:102090000000000000000000000000000000000040
:1020A0000000000000000000000000000000000030
:1020B0000000000000000000000000000000000020
:1020C0000000000000000000000000000000000010
:1020D0000000000000000000000000000000000000
:1020E00000000000000000000000000000000000F0
:1020F00000000000000000000000000000000000E0
:1021000000000000000000000000000000000000CF
:1021100000000000000000000000000000000000BF
:1021200000000000000000000000000000000000AF
:10213000000000000000000000000000000000009F
:10214000000000000000000000000000000000008F
:10215000000000000000000000000000000000007F
:10216000000000000000000000000000000000006F
:10217000000000000000000000000000000000005F
:10218000000000000000000000000000000000004F
:10219000000000000000000000000000000000003F
:1021A000000000000000000000000000000000002F
:1021B000000000000000000000000000000000001F
:1021C000000000000000000000000000000000000F
:1021D00000000000000000000000000000000000FF
:1021E00000000000000000000000000000000000EF
:1021F00000000000000000000000000000000000DF
:1022000000000000000000000000000000000000CE
:1022100000000000000000000000000000000000BE
:1022200000000000000000000000000000000000AE
:10223000000000000000000000000000000000009E
:10224000000000000000000000000000000000008E
:10225000000000000000000000000000000000007E
:10226000000000000000000000000000000000006E
:10227000000000000000000000000000000000005E
:10228000000000000000000000000000000000004E
:10229000000000000000000000000000000000003E
:1022A000000000000000000000000000000000002E
:1022B000000000000000000000000000000000001E
:1022C000000000000000000000000000000000000E
:1022D00000000000000000000000000000000000FE
:1022E00000000000000000000000000000000000EE
:1022F00000000000000000000000000000000000DE
:1023000000000000000000000000000000000000CD
:1023100000000000000000000000000000000000BD
:1023200000000000000000000000000000000000AD
:10233000000000000000000000000000000000009D
:10234000000000000000000000000000000000008D
:10235000000000000000000000000000000000007D
:10236000000000000000000000000000000000006D
:10237000000000000000000000000000000000005D
:10238000000000000000000000000000000000004D
:10239000000000000000000000000000000000003D
:1023A000000000000000000000000000000000002D
:1023B000000000000000000000000000000000001D
:1023C000000000000000000000000000000000000D
:1023D00000000000000000000000000000000000FD
:1023E00000000000000000000000000000000000ED
:1023F00000000000000000000000000000000000DD
:1024000000000000000000000000000000000000CC
:1024100000000000000000000000000000000000BC
:1024200000000000000000000000000000000000AC
:10243000000000000000000000000000000000009C
:10244000000000000000000000000000000000008C
:10245000000000000000000000000000000000007C
:10246000000000000000000000000000000000006C
:10247000000000000000000000000000000000005C
:10248000000000000000000000000000000000004C
:10249000000000000000000000000000000000003C
:1024A000000000000000000000000000000000002C
:1024B000000000000000000000000000000000001C
:1024C000000000000000000000000000000000000C
:1024D00000000000000000000000000000000000FC
:1024E00000000000000000000000000000000000EC
:1024F00000000000000000000000000000000000DC
:1025000000000000000000000000000000000000CB
:1025100000000000000000000000000000000000BB
:1025200000000000000000000000000000000000AB
:10253000000000000000000000000000000000009B
:10254000000000000000000000000000000000008B
:10255000000000000000000000000000000000007B
:10256000000000000000000000000000000000006B
:10257000000000000000000000000000000000005B
:10258000000000000000000000000000000000004B
:10259000000000000000000000000000000000003B
:1025A000000000000000000000000000000000002B
:1025B000000000000000000000000000000000001B
:1025C000000000000000000000000000000000000B
:1025D00000000000000000000000000000000000FB
:1025E00000000000000000000000000000000000EB
:1025F00000000000000000000000000000000000DB
:1026000000000000000000000000000000000000CA
:1026100000000000000000000000000000000000BA
:1026200000000000000000000000000000000000AA
:10263000000000000000000000000000000000009A
:10264000000000000000000000000000000000008A
:10265000000000000000000000000000000000007A
:10266000000000000000000000000000000000006A
:10267000000000000000000000000000000000005A
:10268000000000000000000000000000000000004A
:10269000000000000000000000000000000000003A
:1026A000000000000000000000000000000000002A
:1026B000000000000000000000000000000000001A
:1026C000000000000000000000000000000000000A
:1026D00000000000000000000000000000000000FA
:1026E00000000000000000000000000000000000EA
:1026F00000000000000000000000000000000000DA
:1027000000000000000000000000000000000000C9
:1027100000000000000000000000000000000000B9
:1027200000000000000000000000000000000000A9
:102730000000000000000000000000000000000099
:102740000000000000000000000000000000000089
:102750000000000000000000000000000000000079
:102760000000000000000000000000000000000069
:102770000000000000000000000000000000000059
:102780000000000000000000000000000000000049
:102790000000000000000000000000000000000039
:1027A0000000000000000000000000000000000029
:1027B0000000000000000000000000000000000019
:1027C0000000000000000000000000000000000009
:1027D00000000000000000000000000000000000F9
:1027E00000000000000000000000000000000000E9
:1027F00000000000000000000000000000000000D9
:1028000000000000000000000000000000000000C8
:1028100000000000000000000000000000000000B8
:1028200000000000000000000000000000000000A8
:102830000000000000000000000000000000000098
:102840000000000000000000000000000000000088
:102850000000000000000000000000000000000078
:102860000000000000000000000000000000000068
:102870000000000000000000000000000000000058
:102880000000000000000000000000000000000048
:102890000000000000000000000000000000000038
:1028A0000000000000000000000000000000000028
:1028B0000000000000000000000000000000000018
:1028C0000000000000000000000000000000000008
:1028D00000000000000000000000000000000000F8
:1028E00000000000000000000000000000000000E8
:1028F00000000000000000000000000000000000D8
:1029000000000000000000000000000000000000C7
:1029100000000000000000000000000000000000B7
:1029200000000000000000000000000000000000A7
:102930000000000000000000000000000000000097
:102940000000000000000000000000000000000087
:102950000000000000000000000000000000000077
:102960000000000000000000000000000000000067
:102970000000000000000000000000000000000057
:102980000000000000000000000000000000000047
:102990000000000000000000000000000000000037
:1029A0000000000000000000000000000000000027
:1029B0000000000000000000000000000000000017
:1029C0000000000000000000000000000000000007
:1029D00000000000000000000000000000000000F7
:1029E00000000000000000000000000000000000E7
:1029F00000000000000000000000000000000000D7
:102A000000000000000000000000000000000000C6
:102A100000000000000000000000000000000000B6
:102A200000000000000000000000000000000000A6
:102A30000000000000000000000000000000000096
:102A40000000000000000000000000000000000086
:102A50000000000000000000000000000000000076
:102A60000000000000000000000000000000000066
:102A70000000000000000000000000000000000056
:102A80000000000000000000000000000000000046
:102A90000000000000000000000000000000000036
:102AA0000000000000000000000000000000000026
:102AB0000000000000000000000000000000000016
:102AC0000000000000000000000000000000000006
:102AD00000000000000000000000000000000000F6
:102AE00000000000000000000000000000000000E6
:102AF00000000000000000000000000000000000D6
:102B000000000000000000000000000000000000C5
:102B100000000000000000000000000000000000B5
:102B200000000000000000000000000000000000A5
:102B30000000000000000000000000000000000095
:102B40000000000000000000000000000000000085
:102B50000000000000000000000000000000000075
:102B60000000000000000000000000000000000065
:102B70000000000000000000000000000000000055
:102B80000000000000000000000000000000000045
:102B90000000000000000000000000000000000035
:102BA0000000000000000000000000000000000025
:102BB0000000000000000000000000000000000015
:102BC0000000000000000000000000000000000005
:102BD00000000000000000000000000000000000F5
:102BE00000000000000000000000000000000000E5
:102BF00000000000000000000000000000000000D5
:102C000000000000000000000000000000000000C4
:102C100000000000000000000000000000000000B4
:102C200000000000000000000000000000000000A4
:102C30000000000000000000000000000000000094
:102C40000000000000000000000000000000000084
:102C50000000000000000000000000000000000074
:102C60000000000000000000000000000000000064
:102C70000000000000000000000000000000000054
:102C80000000000000000000000000000000000044
:102C90000000000000000000000000000000000034
:102CA0000000000000000000000000000000000024
:102CB0000000000000000000000000000000000014
:102CC0000000000000000000000000000000000004
:102CD00000000000000000000000000000000000F4
:102CE00000000000000000000000000000000000E4
:102CF00000000000000000000000000000000000D4
:102D000000000000000000000000000000000000C3
:102D100000000000000000000000000000000000B3
:102D200000000000000000000000000000000000A3
:102D30000000000000000000000000000000000093
:102D40000000000000000000000000000000000083
:102D50000000000000000000000000000000000073
:102D60000000000000000000000000000000000063
:102D70000000000000000000000000000000000053
:102D80000000000000000000000000000000000043
:102D90000000000000000000000000000000000033
:102DA0000000000000000000000000000000000023
:102DB0000000000000000000000000000000000013
:102DC0000000000000000000000000000000000003
:102DD00000000000000000000000000000000000F3
:102DE00000000000000000000000000000000000E3
:102DF00000000000000000000000000000000000D3
:102E000000000000000000000000000000000000C2
:102E100000000000000000000000000000000000B2
:102E200000000000000000000000000000000000A2
:102E30000000000000000000000000000000000092
:102E40000000000000000000000000000000000082
:102E50000000000000000000000000000000000072
:102E60000000000000000000000000000000000062
:102E70000000000000000000000000000000000052
:102E80000000000000000000000000000000000042
:102E90000000000000000000000000000000000032
:102EA0000000000000000000000000000000000022
:102EB0000000000000000000000000000000000012
:102EC0000000000000000000000000000000000002
:102ED00000000000000000000000000000000000F2
:102EE00000000000000000000000000000000000E2
:102EF00000000000000000000000000000000000D2
:102F000000000000000000000000000000000000C1
:102F100000000000000000000000000000000000B1
:102F200000000000000000000000000000000000A1
:102F30000000000000000000000000000000000091
:102F40000000000000000000000000000000000081
:102F50000000000000000000000000000000000071
:102F60000000000000000000000000000000000061
:102F70000000000000000000000000000000000051
:102F80000000000000000000000000000000000041
:102F90000000000000000000000000000000000031
:102FA0000000000000000000000000000000000021
:102FB0000000000000000000000000000000000011
:102FC0000000000000000000000000000000000001
:102FD00000000000000000000000000000000000F1
:102FE00000000000000000000000000000000000E1
:102FF00000000000000000000000000000000000D1
:1030000000000000000000000000000000000000C0
:1030100000000000000000000000000000000000B0
:1030200000000000000000000000000000000000A0
:103030000000000000000000000000000000000090
:103040000000000000000000000000000000000080
:103050000000000000000000000000000000000070
:103060000000000000000000000000000000000060
:103070000000000000000000000000000000000050
:103080000000000000000000000000000000000040
:103090000000000000000000000000000000000030
:1030A0000000000000000000000000000000000020
:1030B0000000000000000000000000000000000010
:1030C0000000000000000000000000000000000000
:1030D00000000000000000000000000000000000F0
:1030E00000000000000000000000000000000000E0
:1030F00000000000000000000000000000000000D0
:1031000000000000000000000000000000000000BF
:1031100000000000000000000000000000000000AF
:10312000000000000000000000000000000000009F
:10313000000000000000000000000000000000008F
:10314000000000000000000000000000000000007F
:10315000000000000000000000000000000000006F
:10316000000000000000000000000000000000005F
:10317000000000000000000000000000000000004F
:10318000000000000000000000000000000000003F
:10319000000000000000000000000000000000002F
:1031A000000000000000000000000000000000001F
:1031B000000000000000000000000000000000000F
:1031C00000000000000000000000000000000000FF
:1031D00000000000000000000000000000000000EF
:1031E00000000000000000000000000000000000DF
:1031F00000000000000000000000000000000000CF
:1032000000000000000000000000000000000000BE
:1032100000000000000000000000000000000000AE
:10322000000000000000000000000000000000009E
:10323000000000000000000000000000000000008E
:10324000000000000000000000000000000000007E
:10325000000000000000000000000000000000006E
:10326000000000000000000000000000000000005E
:10327000000000000000000000000000000000004E
:10328000000000000000000000000000000000003E
:10329000000000000000000000000000000000002E
:1032A000000000000000000000000000000000001E
:1032B000000000000000000000000000000000000E
:1032C00000000000000000000000000000000000FE
:1032D00000000000000000000000000000000000EE
:1032E00000000000000000000000000000000000DE
:1032F00000000000000000000000000000000000CE
:1033000000000000000000000000000000000000BD
:1033100000000000000000000000000000000000AD
:10332000000000000000000000000000000000009D
:10333000000000000000000000000000000000008D
:10334000000000000000000000000000000000007D
:10335000000000000000000000000000000000006D
:10336000000000000000000000000000000000005D
:10337000000000000000000000000000000000004D
:10338000000000000000000000000000000000003D
:10339000000000000000000000000000000000002D
:1033A000000000000000000000000000000000001D
:1033B000000000000000000000000000000000000D
:1033C00000000000000000000000000000000000FD
:1033D00000000000000000000000000000000000ED
:1033E00000000000000000000000000000000000DD
:1033F00000000000000000000000000000000000CD
:1034000000000000000000000000000000000000BC
:1034100000000000000000000000000000000000AC
:10342000000000000000000000000000000000009C
:10343000000000000000000000000000000000008C
:10344000000000000000000000000000000000007C
:10345000000000000000000000000000000000006C
:10346000000000000000000000000000000000005C
:10347000000000000000000000000000000000004C
:10348000000000000000000000000000000000003C
:10349000000000000000000000000000000000002C
:1034A000000000000000000000000000000000001C
:1034B000000000000000000000000000000000000C
:1034C00000000000000000000000000000000000FC
:1034D00000000000000000000000000000000000EC
:1034E00000000000000000000000000000000000DC
:1034F00000000000000000000000000000000000CC
:1035000000000000000000000000000000000000BB
:1035100000000000000000000000000000000000AB
:10352000000000000000000000000000000000009B
:10353000000000000000000000000000000000008B
:10354000000000000000000000000000000000007B
:10355000000000000000000000000000000000006B
:10356000000000000000000000000000000000005B
:10357000000000000000000000000000000000004B
:10358000000000000000000000000000000000003B
:10359000000000000000000000000000000000002B
:1035A000000000000000000000000000000000001B
:1035B000000000000000000000000000000000000B
:1035C00000000000000000000000000000000000FB
:1035D00000000000000000000000000000000000EB
:1035E00000000000000000000000000000000000DB
:1035F00000000000000000000000000000000000CB
:1036000000000000000000000000000000000000BA
:1036100000000000000000000000000000000000AA
:10362000000000000000000000000000000000009A
:10363000000000000000000000000000000000008A
:10364000000000000000000000000000000000007A
:10365000000000000000000000000000000000006A
:10366000000000000000000000000000000000005A
:10367000000000000000000000000000000000004A
:10368000000000000000000000000000000000003A
:10369000000000000000000000000000000000002A
:1036A000000000000000000000000000000000001A
:1036B000000000000000000000000000000000000A
:1036C00000000000000000000000000000000000FA
:1036D00000000000000000000000000000000000EA
:1036E00000000000000000000000000000000000DA
:1036F00000000000000000000000000000000000CA
:1037000000000000000000000000000000000000B9
:1037100000000000000000000000000000000000A9
:103720000000000000000000000000000000000099
:103730000000000000000000000000000000000089
:103740000000000000000000000000000000000079
:103750000000000000000000000000000000000069
:103760000000000000000000000000000000000059
:103770000000000000000000000000000000000049
:103780000000000000000000000000000000000039
:103790000000000000000000000000000000000029
:1037A0000000000000000000000000000000000019
:1037B0000000000000000000000000000000000009
:1037C00000000000000000000000000000000000F9
:1037D00000000000000000000000000000000000E9
:1037E00000000000000000000000000000000000D9
:1037F00000000000000000000000000000000000C9
:1038000000000000000000000000000000000000B8
:1038100000000000000000000000000000000000A8
:103820000000000000000000000000000000000098
:103830000000000000000000000000000000000088
:103840000000000000000000000000000000000078
:103850000000000000000000000000000000000068
:103860000000000000000000000000000000000058
:103870000000000000000000000000000000000048
:103880000000000000000000000000000000000038
:103890000000000000000000000000000000000028
:1038A0000000000000000000000000000000000018
:1038B0000000000000000000000000000000000008
:1038C00000000000000000000000000000000000F8
:1038D00000000000000000000000000000000000E8
:1038E00000000000000000000000000000000000D8
:1038F00000000000000000000000000000000000C8
:1039000000000000000000000000000000000000B7
:1039100000000000000000000000000000000000A7
:103920000000000000000000000000000000000097
:103930000000000000000000000000000000000087
:103940000000000000000000000000000000000077
:103950000000000000000000000000000000000067
:103960000000000000000000000000000000000057
:103970000000000000000000000000000000000047
:103980000000000000000000000000000000000037
:103990000000000000000000000000000000000027
:1039A0000000000000000000000000000000000017
:1039B0000000000000000000000000000000000007
:1039C00000000000000000000000000000000000F7
:1039D00000000000000000000000000000000000E7
:1039E00000000000000000000000000000000000D7
:1039F00000000000000000000000000000000000C7
:103A000000000000000000000000000000000000B6
:103A100000000000000000000000000000000000A6
:103A20000000000000000000000000000000000096
:103A30000000000000000000000000000000000086
:103A40000000000000000000000000000000000076
:103A50000000000000000000000000000000000066
:103A60000000000000000000000000000000000056
:103A70000000000000000000000000000000000046
:103A80000000000000000000000000000000000036
:103A90000000000000000000000000000000000026
:103AA0000000000000000000000000000000000016
:103AB0000000000000000000000000000000000006
:103AC00000000000000000000000000000000000F6
:103AD00000000000000000000000000000000000E6
:103AE00000000000000000000000000000000000D6
:103AF00000000000000000000000000000000000C6
:103B000000000000000000000000000000000000B5
:103B100000000000000000000000000000000000A5
:103B20000000000000000000000000000000000095
:103B30000000000000000000000000000000000085
:103B40000000000000000000000000000000000075
:103B50000000000000000000000000000000000065
:103B60000000000000000000000000000000000055
:103B70000000000000000000000000000000000045
:103B80000000000000000000000000000000000035
:103B90000000000000000000000000000000000025
:103BA0000000000000000000000000000000000015
:103BB0000000000000000000000000000000000005
:103BC00000000000000000000000000000000000F5
:103BD00000000000000000000000000000000000E5
:103BE00000000000000000000000000000000000D5
:103BF00000000000000000000000000000000000C5
:103C000000000000000000000000000000000000B4
:103C100000000000000000000000000000000000A4
:103C20000000000000000000000000000000000094
:103C30000000000000000000000000000000000084
:103C40000000000000000000000000000000000074
:103C50000000000000000000000000000000000064
:103C60000000000000000000000000000000000054
:103C70000000000000000000000000000000000044
:103C80000000000000000000000000000000000034
:103C90000000000000000000000000000000000024
:103CA0000000000000000000000000000000000014
:103CB0000000000000000000000000000000000004
:103CC00000000000000000000000000000000000F4
:103CD00000000000000000000000000000000000E4
:103CE00000000000000000000000000000000000D4
:103CF00000000000000000000000000000000000C4
:103D000000000000000000000000000000000000B3
:103D100000000000000000000000000000000000A3
:103D20000000000000000000000000000000000093
:103D30000000000000000000000000000000000083
:103D40000000000000000000000000000000000073
:103D50000000000000000000000000000000000063
:103D60000000000000000000000000000000000053
:103D70000000000000000000000000000000000043
:103D80000000000000000000000000000000000033
:103D90000000000000000000000000000000000023
:103DA0000000000000000000000000000000000013
:103DB0000000000000000000000000000000000003
:103DC00000000000000000000000000000000000F3
:103DD00000000000000000000000000000000000E3
:103DE00000000000000000000000000000000000D3
:103DF00000000000000000000000000000000000C3
:103E000000000000000000000000000000000000B2
:103E100000000000000000000000000000000000A2
:103E20000000000000000000000000000000000092
:103E30000000000000000000000000000000000082
:103E40000000000000000000000000000000000072
:103E50000000000000000000000000000000000062
:103E60000000000000000000000000000000000052
:103E70000000000000000000000000000000000042
:103E80000000000000000000000000000000000032
:103E90000000000000000000000000000000000022
:103EA0000000000000000000000000000000000012
:103EB0000000000000000000000000000000000002
:103EC00000000000000000000000000000000000F2
:103ED00000000000000000000000000000000000E2
:103EE00000000000000000000000000000000000D2
:103EF00000000000000000000000000000000000C2
:103F000000000000000000000000000000000000B1
:103F100000000000000000000000000000000000A1
:103F20000000000000000000000000000000000091
:103F30000000000000000000000000000000000081
:103F40000000000000000000000000000000000071
:103F50000000000000000000000000000000000061
:103F60000000000000000000000000000000000051
:103F70000000000000000000000000000000000041
:103F80000000000000000000000000000000000031
:103F90000000000000000000000000000000000021
:103FA0000000000000000000000000000000000011
:103FB0000000000000000000000000000000000001
:103FC00000000000000000000000000000000000F1
:103FD00000000000000000000000000000000000E1
:103FE00000000000000000000000000000000000D1
:103FF00000000000000000000000000000000000C1
:1040000000000000000000000000000000000000B0
:1040100000000000000000000000000000000000A0
:104020000000000000000000000000000000000090
:104030000000000000000000000000000000000080
:104040000000000000000000000000000000000070
:104050000000000000000000000000000000000060
:104060000000000000000000000000000000000050
:104070000000000000000000000000000000000040
:104080000000000000000000000000000000000030
:104090000000000000000000000000000000000020
:1040A0000000000000000000000000000000000010
:1040B0000000000000000000000000000000000000
:1040C00000000000000000000000000000000000F0
:1040D00000000000000000000000000000000000E0
:1040E00000000000000000000000000000000000D0
:1040F00000000000000000000000000000000000C0
:1041000000000000000000000000000000000000AF
:10411000000000000000000000000000000000009F
:10412000000000000000000000000000000000008F
:10413000000000000000000000000000000000007F
:10414000000000000000000000000000000000006F
:10415000000000000000000000000000000000005F
:10416000000000000000000000000000000000004F
:10417000000000000000000000000000000000003F
:10418000000000000000000000000000000000002F
:10419000000000000000000000000000000000001F
:1041A000000000000000000000000000000000000F
:1041B00000000000000000000000000000000000FF
:1041C00000000000000000000000000000000000EF
:1041D00000000000000000000000000000000000DF
:1041E00000000000000000000000000000000000CF
:1041F00000000000000000000000000000000000BF
:1042000000000000000000000000000000000000AE
:10421000000000000000000000000000000000009E
:10422000000000000000000000000000000000008E
:10423000000000000000000000000000000000007E
:10424000000000000000000000000000000000006E
:10425000000000000000000000000000000000005E
:10426000000000000000000000000000000000004E
:10427000000000000000000000000000000000003E
:10428000000000000000000000000000000000002E
:10429000000000000000000000000000000000001E
:1042A000000000000000000000000000000000000E
:1042B00000000000000000000000000000000000FE
:1042C00000000000000000000000000000000000EE
:1042D00000000000000000000000000000000000DE
:1042E00000000000000000000000000000000000CE
:1042F00000000000000000000000000000000000BE
:1043000000000000000000000000000000000000AD
:10431000000000000000000000000000000000009D
:10432000000000000000000000000000000000008D
:10433000000000000000000000000000000000007D
:10434000000000000000000000000000000000006D
:10435000000000000000000000000000000000005D
:10436000000000000000000000000000000000004D
:10437000000000000000000000000000000000003D
:10438000000000000000000000000000000000002D
:10439000000000000000000000000000000000001D
:1043A000000000000000000000000000000000000D
:1043B00000000000000000000000000000000000FD
:1043C00000000000000000000000000000000000ED
:1043D00000000000000000000000000000000000DD
:1043E00000000000000000000000000000000000CD
:1043F00000000000000000000000000000000000BD
:1044000000000000000000000000000000000000AC
:10441000000000000000000000000000000000009C
:10442000000000000000000000000000000000008C
:10443000000000000000000000000000000000007C
:10444000000000000000000000000000000000006C
:10445000000000000000000000000000000000005C
:10446000000000000000000000000000000000004C
:10447000000000000000000000000000000000003C
:10448000000000000000000000000000000000002C
:10449000000000000000000000000000000000001C
:1044A000000000000000000000000000000000000C
:1044B00000000000000000000000000000000000FC
:1044C00000000000000000000000000000000000EC
:1044D00000000000000000000000000000000000DC
:1044E00000000000000000000000000000000000CC
:1044F00000000000000000000000000000000000BC
:1045000000000000000000000000000000000000AB
:10451000000000000000000000000000000000009B
:10452000000000000000000000000000000000008B
:10453000000000000000000000000000000000007B
:10454000000000000000000000000000000000006B
:10455000000000000000000000000000000000005B
:10456000000000000000000000000000000000004B
:10457000000000000000000000000000000000003B
:10458000000000000000000000000000000000002B
:10459000000000000000000000000000000000001B
:1045A000000000000000000000000000000000000B
:1045B00000000000000000000000000000000000FB
:1045C00000000000000000000000000000000000EB
:1045D00000000000000000000000000000000000DB
:1045E00000000000000000000000000000000000CB
:1045F00000000000000000000000000000000000BB
:1046000000000000000000000000000000000000AA
:10461000000000000000000000000000000000009A
:10462000000000000000000000000000000000008A
:10463000000000000000000000000000000000007A
:10464000000000000000000000000000000000006A
:10465000000000000000000000000000000000005A
:10466000000000000000000000000000000000004A
:10467000000000000000000000000000000000003A
:10468000000000000000000000000000000000002A
:10469000000000000000000000000000000000001A
:1046A000000000000000000000000000000000000A
:1046B00000000000000000000000000000000000FA
:1046C00000000000000000000000000000000000EA
:1046D00000000000000000000000000000000000DA
:1046E00000000000000000000000000000000000CA
:1046F00000000000000000000000000000000000BA
:1047000000000000000000000000000000000000A9
:104710000000000000000000000000000000000099
:104720000000000000000000000000000000000089
:104730000000000000000000000000000000000079
:104740000000000000000000000000000000000069
:104750000000000000000000000000000000000059
:104760000000000000000000000000000000000049
:104770000000000000000000000000000000000039
:104780000000000000000000000000000000000029
:104790000000000000000000000000000000000019
:1047A0000000000000000000000000000000000009
:1047B00000000000000000000000000000000000F9
:1047C00000000000000000000000000000000000E9
:1047D00000000000000000000000000000000000D9
:1047E00000000000000000000000000000000000C9
:1047F00000000000000000000000000000000000B9
:1048000000000000000000000000000000000000A8
:104810000000000000000000000000000000000098
:104820000000000000000000000000000000000088
:104830000000000000000000000000000000000078
:104840000000000000000000000000000000000068
:104850000000000000000000000000000000000058
:104860000000000000000000000000000000000048
:104870000000000000000000000000000000000038
:104880000000000000000000000000000000000028
:104890000000000000000000000000000000000018
:1048A0000000000000000000000000000000000008
:1048B00000000000000000000000000000000000F8
:1048C00000000000000000000000000000000000E8
:1048D00000000000000000000000000000000000D8
:1048E00000000000000000000000000000000000C8
:1048F00000000000000000000000000000000000B8
:1049000000000000000000000000000000000000A7
:104910000000000000000000000000000000000097
:104920000000000000000000000000000000000087
:104930000000000000000000000000000000000077
:104940000000000000000000000000000000000067
:104950000000000000000000000000000000000057
:104960000000000000000000000000000000000047
:104970000000000000000000000000000000000037
:104980000000000000000000000000000000000027
:104990000000000000000000000000000000000017
:1049A0000000000000000000000000000000000007
:1049B00000000000000000000000000000000000F7
:1049C00000000000000000000000000000000000E7
:1049D00000000000000000000000000000000000D7
:1049E00000000000000000000000000000000000C7
:1049F00000000000000000000000000000000000B7
:104A000000000000000000000000000000000000A6
:104A10000000000000000000000000000000000096
:104A20000000000000000000000000000000000086
:104A30000000000000000000000000000000000076
:104A40000000000000000000000000000000000066
:104A50000000000000000000000000000000000056
:104A60000000000000000000000000000000000046
:104A70000000000000000000000000000000000036
:104A80000000000000000000000000000000000026
:104A90000000000000000000000000000000000016
:104AA0000000000000000000000000000000000006
:104AB00000000000000000000000000000000000F6
:104AC00000000000000000000000000000000000E6
:104AD00000000000000000000000000000000000D6
:104AE00000000000000000000000000000000000C6
:104AF00000000000000000000000000000000000B6
:104B000000000000000000000000000000000000A5
:104B10000000000000000000000000000000000095
:104B20000000000000000000000000000000000085
:104B30000000000000000000000000000000000075
:104B40000000000000000000000000000000000065
:104B50000000000000000000000000000000000055
:104B60000000000000000000000000000000000045
:104B70000000000000000000000000000000000035
:104B80000000000000000000000000000000000025
:104B90000000000000000000000000000000000015
:104BA0000000000000000000000000000000000005
:104BB00000000000000000000000000000000000F5
:104BC00000000000000000000000000000000000E5
:104BD00000000000000000000000000000000000D5
:104BE00000000000000000000000000000000000C5
:104BF00000000000000000000000000000000000B5
:104C000000000000000000000000000000000000A4
:104C10000000000000000000000000000000000094
:104C20000000000000000000000000000000000084
:104C30000000000000000000000000000000000074
:104C40000000000000000000000000000000000064
:104C50000000000000000000000000000000000054
:104C60000000000000000000000000000000000044
:104C70000000000000000000000000000000000034
:104C80000000000000000000000000000000000024
:104C90000000000000000000000000000000000014
:104CA0000000000000000000000000000000000004
:104CB00000000000000000000000000000000000F4
:104CC00000000000000000000000000000000000E4
:104CD00000000000000000000000000000000000D4
:104CE00000000000000000000000000000000000C4
:104CF00000000000000000000000000000000000B4
:104D000000000000000000000000000000000000A3
:104D10000000000000000000000000000000000093
:104D20000000000000000000000000000000000083
:104D30000000000000000000000000000000000073
:104D40000000000000000000000000000000000063
:104D50000000000000000000000000000000000053
:104D60000000000000000000000000000000000043
:104D70000000000000000000000000000000000033
:104D80000000000000000000000000000000000023
:104D90000000000000000000000000000000000013
:104DA0000000000000000000000000000000000003
:104DB00000000000000000000000000000000000F3
:104DC00000000000000000000000000000000000E3
:104DD00000000000000000000000000000000000D3
:104DE00000000000000000000000000000000000C3
:104DF00000000000000000000000000000000000B3
:104E000000000000000000000000000000000000A2
:104E10000000000000000000000000000000000092
:104E20000000000000000000000000000000000082
:104E30000000000000000000000000000000000072
:104E40000000000000000000000000000000000062
:104E50000000000000000000000000000000000052
:104E60000000000000000000000000000000000042
:104E70000000000000000000000000000000000032
:104E80000000000000000000000000000000000022
:104E90000000000000000000000000000000000012
:104EA0000000000000000000000000000000000002
:104EB00000000000000000000000000000000000F2
:104EC00000000000000000000000000000000000E2
:104ED00000000000000000000000000000000000D2
:104EE00000000000000000000000000000000000C2
:104EF00000000000000000000000000000000000B2
:104F000000000000000000000000000000000000A1
:104F10000000000000000000000000000000000091
:104F20000000000000000000000000000000000081
:104F30000000000000000000000000000000000071
:104F40000000000000000000000000000000000061
:104F50000000000000000000000000000000000051
:104F60000000000000000000000000000000000041
:104F70000000000000000000000000000000000031
:104F80000000000000000000000000000000000021
:104F90000000000000000000000000000000000011
:104FA0000000000000000000000000000000000001
:104FB00000000000000000000000000000000000F1
:104FC00000000000000000000000000000000000E1
:104FD00000000000000000000000000000000000D1
:104FE00000000000000000000000000000000000C1
:104FF00000000000000000000000000000000000B1
:1050000000000000000000000000000000000000A0
:105010000000000000000000000000000000000090
:105020000000000000000000000000000000000080
:105030000000000000000000000000000000000070
:105040000000000000000000000000000000000060
:105050000000000000000000000000000000000050
:105060000000000000000000000000000000000040
:105070000000000000000000000000000000000030
:105080000000000000000000000000000000000020
:105090000000000000000000000000000000000010
:1050A0000000000000000000000000000000000000
:1050B00000000000000000000000000000000000F0
:1050C00000000000000000000000000000000000E0
:1050D00000000000000000000000000000000000D0
:1050E00000000000000000000000000000000000C0
:1050F00000000000000000000000000000000000B0
:10510000000000000000000000000000000000009F
:10511000000000000000000000000000000000008F
:10512000000000000000000000000000000000007F
:10513000000000000000000000000000000000006F
:10514000000000000000000000000000000000005F
:10515000000000000000000000000000000000004F
:10516000000000000000000000000000000000003F
:10517000000000000000000000000000000000002F
:10518000000000000000000000000000000000001F
:10519000000000000000000000000000000000000F
:1051A00000000000000000000000000000000000FF
:1051B00000000000000000000000000000000000EF
:1051C00000000000000000000000000000000000DF
:1051D00000000000000000000000000000000000CF
:1051E00000000000000000000000000000000000BF
:1051F00000000000000000000000000000000000AF
:10520000000000000000000000000000000000009E
:10521000000000000000000000000000000000008E
:10522000000000000000000000000000000000007E
:10523000000000000000000000000000000000006E
:10524000000000000000000000000000000000005E
:10525000000000000000000000000000000000004E
:10526000000000000000000000000000000000003E
:10527000000000000000000000000000000000002E
:10528000000000000000000000000000000000001E
:10529000000000000000000000000000000000000E
:1052A00000000000000000000000000000000000FE
:1052B00000000000000000000000000000000000EE
:1052C00000000000000000000000000000000000DE
:1052D00000000000000000000000000000000000CE
:1052E00000000000000000000000000000000000BE
:1052F00000000000000000000000000000000000AE
:10530000000000000000000000000000000000009D
:10531000000000000000000000000000000000008D
:10532000000000000000000000000000000000007D
:10533000000000000000000000000000000000006D
:10534000000000000000000000000000000000005D
:10535000000000000000000000000000000000004D
:10536000000000000000000000000000000000003D
:10537000000000000000000000000000000000002D
:10538000000000000000000000000000000000001D
:10539000000000000000000000000000000000000D
:1053A00000000000000000000000000000000000FD
:1053B00000000000000000000000000000000000ED
:1053C00000000000000000000000000000000000DD
:1053D00000000000000000000000000000000000CD
:1053E00000000000000000000000000000000000BD
:1053F00000000000000000000000000000000000AD
:10540000000000000000000000000000000000009C
:10541000000000000000000000000000000000008C
:10542000000000000000000000000000000000007C
:10543000000000000000000000000000000000006C
:10544000000000000000000000000000000000005C
:10545000000000000000000000000000000000004C
:10546000000000000000000000000000000000003C
:10547000000000000000000000000000000000002C
:10548000000000000000000000000000000000001C
:10549000000000000000000000000000000000000C
:1054A00000000000000000000000000000000000FC
:1054B00000000000000000000000000000000000EC
:1054C00000000000000000000000000000000000DC
:1054D00000000000000000000000000000000000CC
:1054E00000000000000000000000000000000000BC
:1054F00000000000000000000000000000000000AC
:10550000000000000000000000000000000000009B
:10551000000000000000000000000000000000008B
:10552000000000000000000000000000000000007B
:10553000000000000000000000000000000000006B
:10554000000000000000000000000000000000005B
:10555000000000000000000000000000000000004B
:10556000000000000000000000000000000000003B
:10557000000000000000000000000000000000002B
:10558000000000000000000000000000000000001B
:10559000000000000000000000000000000000000B
:1055A00000000000000000000000000000000000FB
:1055B00000000000000000000000000000000000EB
:1055C00000000000000000000000000000000000DB
:1055D00000000000000000000000000000000000CB
:1055E00000000000000000000000000000000000BB
:1055F00000000000000000000000000000000000AB
:10560000000000000000000000000000000000009A
:10561000000000000000000000000000000000008A
:10562000000000000000000000000000000000007A
:10563000000000000000000000000000000000006A
:10564000000000000000000000000000000000005A
:10565000000000000000000000000000000000004A
:10566000000000000000000000000000000000003A
:10567000000000000000000000000000000000002A
:10568000000000000000000000000000000000001A
:10569000000000000000000000000000000000000A
:1056A00000000000000000000000000000000000FA
:1056B00000000000000000000000000000000000EA
:1056C00000000000000000000000000000000000DA
:1056D00000000000000000000000000000000000CA
:1056E00000000000000000000000000000000000BA
:1056F00000000000000000000000000000000000AA
:105700000000000000000000000000000000000099
:105710000000000000000000000000000000000089
:105720000000000000000000000000000000000079
:105730000000000000000000000000000000000069
:105740000000000000000000000000000000000059
:105750000000000000000000000000000000000049
:105760000000000000000000000000000000000039
:105770000000000000000000000000000000000029
:105780000000000000000000000000000000000019
:105790000000000000000000000000000000000009
:1057A00000000000000000000000000000000000F9
:1057B00000000000000000000000000000000000E9
:1057C00000000000000000000000000000000000D9
:1057D00000000000000000000000000000000000C9
:1057E00000000000000000000000000000000000B9
:1057F00000000000000000000000000000000000A9
:105800000000000000000000000000000000000098
:105810000000000000000000000000000000000088
:105820000000000000000000000000000000000078
:105830000000000000000000000000000000000068
:105840000000000000000000000000000000000058
:105850000000000000000000000000000000000048
:105860000000000000000000000000000000000038
:105870000000000000000000000000000000000028
:105880000000000000000000000000000000000018
:105890000000000000000000000000000000000008
:1058A00000000000000000000000000000000000F8
:1058B00000000000000000000000000000000000E8
:1058C00000000000000000000000000000000000D8
:1058D00000000000000000000000000000000000C8
:1058E00000000000000000000000000000000000B8
:1058F00000000000000000000000000000000000A8
:105900000000000000000000000000000000000097
:105910000000000000000000000000000000000087
:105920000000000000000000000000000000000077
:105930000000000000000000000000000000000067
:105940000000000000000000000000000000000057
:105950000000000000000000000000000000000047
:105960000000000000000000000000000000000037
:105970000000000000000000000000000000000027
:105980000000000000000000000000000000000017
:105990000000000000000000000000000000000007
:1059A00000000000000000000000000000000000F7
:1059B00000000000000000000000000000000000E7
:1059C00000000000000000000000000000000000D7
:1059D00000000000000000000000000000000000C7
:1059E00000000000000000000000000000000000B7
:1059F00000000000000000000000000000000000A7
:105A00000000000000000000000000000000000096
:105A10000000000000000000000000000000000086
:105A20000000000000000000000000000000000076
:105A30000000000000000000000000000000000066
:105A40000000000000000000000000000000000056
:105A50000000000000000000000000000000000046
:105A60000000000000000000000000000000000036
:105A70000000000000000000000000000000000026
:105A80000000000000000000000000000000000016
:105A90000000000000000000000000000000000006
:105AA00000000000000000000000000000000000F6
:105AB00000000000000000000000000000000000E6
:105AC00000000000000000000000000000000000D6
:105AD00000000000000000000000000000000000C6
:105AE00000000000000000000000000000000000B6
:105AF00000000000000000000000000000000000A6
:105B00000000000000000000000000000000000095
:105B10000000000000000000000000000000000085
:105B20000000000000000000000000000000000075
:105B30000000000000000000000000000000000065
:105B40000000000000000000000000000000000055
:105B50000000000000000000000000000000000045
:105B60000000000000000000000000000000000035
:105B70000000000000000000000000000000000025
:105B80000000000000000000000000000000000015
:105B90000000000000000000000000000000000005
:105BA00000000000000000000000000000000000F5
:105BB00000000000000000000000000000000000E5
:105BC00000000000000000000000000000000000D5
:105BD00000000000000000000000000000000000C5
:105BE00000000000000000000000000000000000B5
:105BF00000000000000000000000000000000000A5
:105C00000000000000000000000000000000000094
:105C10000000000000000000000000000000000084
:105C20000000000000000000000000000000000074
:105C30000000000000000000000000000000000064
:105C40000000000000000000000000000000000054
:105C50000000000000000000000000000000000044
:105C60000000000000000000000000000000000034
:105C70000000000000000000000000000000000024
:105C80000000000000000000000000000000000014
:105C90000000000000000000000000000000000004
:105CA00000000000000000000000000000000000F4
:105CB00000000000000000000000000000000000E4
:105CC00000000000000000000000000000000000D4
:105CD00000000000000000000000000000000000C4
:105CE00000000000000000000000000000000000B4
:105CF00000000000000000000000000000000000A4
:105D00000000000000000000000000000000000093
:105D10000000000000000000000000000000000083
:105D20000000000000000000000000000000000073
:105D30000000000000000000000000000000000063
:105D40000000000000000000000000000000000053
:105D50000000000000000000000000000000000043
:105D60000000000000000000000000000000000033
:105D70000000000000000000000000000000000023
:105D80000000000000000000000000000000000013
:105D90000000000000000000000000000000000003
:105DA00000000000000000000000000000000000F3
:105DB00000000000000000000000000000000000E3
:105DC00000000000000000000000000000000000D3
:105DD00000000000000000000000000000000000C3
:105DE00000000000000000000000000000000000B3
:105DF00000000000000000000000000000000000A3
:105E00000000000000000000000000000000000092
:105E10000000000000000000000000000000000082
:105E20000000000000000000000000000000000072
:105E30000000000000000000000000000000000062
:105E40000000000000000000000000000000000052
:105E50000000000000000000000000000000000042
:105E60000000000000000000000000000000000032
:105E70000000000000000000000000000000000022
:105E80000000000000000000000000000000000012
:105E90000000000000000000000000000000000002
:105EA00000000000000000000000000000000000F2
:105EB00000000000000000000000000000000000E2
:105EC00000000000000000000000000000000000D2
:105ED00000000000000000000000000000000000C2
:105EE00000000000000000000000000000000000B2
:105EF00000000000000000000000000000000000A2
:105F00000000000000000000000000000000000091
:105F10000000000000000000000000000000000081
:105F20000000000000000000000000000000000071
:105F30000000000000000000000000000000000061
:105F40000000000000000000000000000000000051
:105F50000000000000000000000000000000000041
:105F60000000000000000000000000000000000031
:105F70000000000000000000000000000000000021
:105F80000000000000000000000000000000000011
:105F90000000000000000000000000000000000001
:105FA00000000000000000000000000000000000F1
:105FB00000000000000000000000000000000000E1
:105FC00000000000000000000000000000000000D1
:105FD00000000000000000000000000000000000C1
:105FE00000000000000000000000000000000000B1
:105FF00000000000000000000000000000000000A1
:106000000000000000000000000000000000000090
:106010000000000000000000000000000000000080
:106020000000000000000000000000000000000070
:106030000000000000000000000000000000000060
:106040000000000000000000000000000000000050
:106050000000000000000000000000000000000040
:106060000000000000000000000000000000000030
:106070000000000000000000000000000000000020
:106080000000000000000000000000000000000010
:106090000000000000000000000000000000000000
:1060A00000000000000000000000000000000000F0
:1060B00000000000000000000000000000000000E0
:1060C00000000000000000000000000000000000D0
:1060D00000000000000000000000000000000000C0
:1060E00000000000000000000000000000000000B0
:1060F00000000000000000000000000000000000A0
:10610000000000000000000000000000000000008F
:10611000000000000000000000000000000000007F
:10612000000000000000000000000000000000006F
:10613000000000000000000000000000000000005F
:10614000000000000000000000000000000000004F
:10615000000000000000000000000000000000003F
:10616000000000000000000000000000000000002F
:10617000000000000000000000000000000000001F
:10618000000000000000000000000000000000000F
:1061900000000000000000000000000000000000FF
:1061A00000000000000000000000000000000000EF
:1061B00000000000000000000000000000000000DF
:1061C00000000000000000000000000000000000CF
:1061D00000000000000000000000000000000000BF
:1061E00000000000000000000000000000000000AF
:1061F000000000000000000000000000000000009F
:10620000000000000000000000000000000000008E
:10621000000000000000000000000000000000007E
:10622000000000000000000000000000000000006E
:10623000000000000000000000000000000000005E
:10624000000000000000000000000000000000004E
:10625000000000000000000000000000000000003E
:10626000000000000000000000000000000000002E
:10627000000000000000000000000000000000001E
:10628000000000000000000000000000000000000E
:1062900000000000000000000000000000000000FE
:1062A00000000000000000000000000000000000EE
:1062B00000000000000000000000000000000000DE
:1062C00000000000000000000000000000000000CE
:1062D00000000000000000000000000000000000BE
:1062E00000000000000000000000000000000000AE
:1062F000000000000000000000000000000000009E
:10630000000000000000000000000000000000008D
:10631000000000000000000000000000000000007D
:10632000000000000000000000000000000000006D
:10633000000000000000000000000000000000005D
:10634000000000000000000000000000000000004D
:10635000000000000000000000000000000000003D
:10636000000000000000000000000000000000002D
:10637000000000000000000000000000000000001D
:10638000000000000000000000000000000000000D
:1063900000000000000000000000000000000000FD
:1063A00000000000000000000000000000000000ED
:1063B00000000000000000000000000000000000DD
:1063C00000000000000000000000000000000000CD
:1063D00000000000000000000000000000000000BD
:1063E00000000000000000000000000000000000AD
:1063F000000000000000000000000000000000009D
:10640000000000000000000000000000000000008C
:10641000000000000000000000000000000000007C
:10642000000000000000000000000000000000006C
:10643000000000000000000000000000000000005C
:10644000000000000000000000000000000000004C
:10645000000000000000000000000000000000003C
:10646000000000000000000000000000000000002C
:10647000000000000000000000000000000000001C
:10648000000000000000000000000000000000000C
:1064900000000000000000000000000000000000FC
:1064A00000000000000000000000000000000000EC
:1064B00000000000000000000000000000000000DC
:1064C00000000000000000000000000000000000CC
:1064D00000000000000000000000000000000000BC
:1064E00000000000000000000000000000000000AC
:1064F000000000000000000000000000000000009C
:10650000000000000000000000000000000000008B
:10651000000000000000000000000000000000007B
:10652000000000000000000000000000000000006B
:10653000000000000000000000000000000000005B
:10654000000000000000000000000000000000004B
:10655000000000000000000000000000000000003B
:10656000000000000000000000000000000000002B
:10657000000000000000000000000000000000001B
:10658000000000000000000000000000000000000B
:1065900000000000000000000000000000000000FB
:1065A00000000000000000000000000000000000EB
:1065B00000000000000000000000000000000000DB
:1065C00000000000000000000000000000000000CB
:1065D00000000000000000000000000000000000BB
:1065E00000000000000000000000000000000000AB
:1065F000000000000000000000000000000000009B
:10660000000000000000000000000000000000008A
:10661000000000000000000000000000000000007A
:10662000000000000000000000000000000000006A
:10663000000000000000000000000000000000005A
:10664000000000000000000000000000000000004A
:10665000000000000000000000000000000000003A
:10666000000000000000000000000000000000002A
:10667000000000000000000000000000000000001A
:10668000000000000000000000000000000000000A
:1066900000000000000000000000000000000000FA
:1066A00000000000000000000000000000000000EA
:1066B00000000000000000000000000000000000DA
:1066C00000000000000000000000000000000000CA
:1066D00000000000000000000000000000000000BA
:1066E00000000000000000000000000000000000AA
:1066F000000000000000000000000000000000009A
:106700000000000000000000000000000000000089
:106710000000000000000000000000000000000079
:106720000000000000000000000000000000000069
:106730000000000000000000000000000000000059
:106740000000000000000000000000000000000049
:106750000000000000000000000000000000000039
:106760000000000000000000000000000000000029
:106770000000000000000000000000000000000019
:106780000000000000000000000000000000000009
:1067900000000000000000000000000000000000F9
:1067A00000000000000000000000000000000000E9
:1067B00000000000000000000000000000000000D9
:1067C00000000000000000000000000000000000C9
:1067D00000000000000000000000000000000000B9
:1067E00000000000000000000000000000000000A9
:1067F0000000000000000000000000000000000099
:106800000000000000000000000000000000000088
:106810000000000000000000000000000000000078
:106820000000000000000000000000000000000068
:106830000000000000000000000000000000000058
:106840000000000000000000000000000000000048
:106850000000000000000000000000000000000038
:106860000000000000000000000000000000000028
:106870000000000000000000000000000000000018
:106880000000000000000000000000000000000008
:1068900000000000000000000000000000000000F8
:1068A00000000000000000000000000000000000E8
:1068B00000000000000000000000000000000000D8
:1068C00000000000000000000000000000000000C8
:1068D00000000000000000000000000000000000B8
:1068E00000000000000000000000000000000000A8
:1068F0000000000000000000000000000000000098
:106900000000000000000000000000000000000087
:106910000000000000000000000000000000000077
:106920000000000000000000000000000000000067
:106930000000000000000000000000000000000057
:106940000000000000000000000000000000000047
:106950000000000000000000000000000000000037
:106960000000000000000000000000000000000027
:106970000000000000000000000000000000000017
:106980000000000000000000000000000000000007
:1069900000000000000000000000000000000000F7
:1069A00000000000000000000000000000000000E7
:1069B00000000000000000000000000000000000D7
:1069C00000000000000000000000000000000000C7
:1069D00000000000000000000000000000000000B7
:1069E00000000000000000000000000000000000A7
:1069F0000000000000000000000000000000000097
:106A00000000000000000000000000000000000086
:106A10000000000000000000000000000000000076
:106A20000000000000000000000000000000000066
:106A30000000000000000000000000000000000056
:106A40000000000000000000000000000000000046
:106A50000000000000000000000000000000000036
:106A60000000000000000000000000000000000026
:106A70000000000000000000000000000000000016
:106A80000000000000000000000000000000000006
:106A900000000000000000000000000000000000F6
:106AA00000000000000000000000000000000000E6
:106AB00000000000000000000000000000000000D6
:106AC00000000000000000000000000000000000C6
:106AD00000000000000000000000000000000000B6
:106AE00000000000000000000000000000000000A6
:106AF0000000000000000000000000000000000096
:106B00000000000000000000000000000000000085
:106B10000000000000000000000000000000000075
:106B20000000000000000000000000000000000065
:106B30000000000000000000000000000000000055
:106B40000000000000000000000000000000000045
:106B50000000000000000000000000000000000035
:106B60000000000000000000000000000000000025
:106B70000000000000000000000000000000000015
:106B80000000000000000000000000000000000005
:106B900000000000000000000000000000000000F5
:106BA00000000000000000000000000000000000E5
:106BB00000000000000000000000000000000000D5
:106BC00000000000000000000000000000000000C5
:106BD00000000000000000000000000000000000B5
:106BE00000000000000000000000000000000000A5
:106BF0000000000000000000000000000000000095
:106C00000000000000000000000000000000000084
:106C10000000000000000000000000000000000074
:106C20000000000000000000000000000000000064
:106C30000000000000000000000000000000000054
:106C40000000000000000000000000000000000044
:106C50000000000000000000000000000000000034
:106C60000000000000000000000000000000000024
:106C70000000000000000000000000000000000014
:106C80000000000000000000000000000000000004
:106C900000000000000000000000000000000000F4
:106CA00000000000000000000000000000000000E4
:106CB00000000000000000000000000000000000D4
:106CC00000000000000000000000000000000000C4
:106CD00000000000000000000000000000000000B4
:106CE00000000000000000000000000000000000A4
:106CF0000000000000000000000000000000000094
:106D00000000000000000000000000000000000083
:106D10000000000000000000000000000000000073
:106D20000000000000000000000000000000000063
:106D30000000000000000000000000000000000053
:106D40000000000000000000000000000000000043
:106D50000000000000000000000000000000000033
:106D60000000000000000000000000000000000023
:106D70000000000000000000000000000000000013
:106D80000000000000000000000000000000000003
:106D900000000000000000000000000000000000F3
:106DA00000000000000000000000000000000000E3
:106DB00000000000000000000000000000000000D3
:106DC00000000000000000000000000000000000C3
:106DD00000000000000000000000000000000000B3
:106DE00000000000000000000000000000000000A3
:106DF0000000000000000000000000000000000093
:106E00000000000000000000000000000000000082
:106E10000000000000000000000000000000000072
:106E20000000000000000000000000000000000062
:106E30000000000000000000000000000000000052
:106E40000000000000000000000000000000000042
:106E50000000000000000000000000000000000032
:106E60000000000000000000000000000000000022
:106E70000000000000000000000000000000000012
:106E80000000000000000000000000000000000002
:106E900000000000000000000000000000000000F2
:106EA00000000000000000000000000000000000E2
:106EB00000000000000000000000000000000000D2
:106EC00000000000000000000000000000000000C2
:106ED00000000000000000000000000000000000B2
:106EE00000000000000000000000000000000000A2
:106EF0000000000000000000000000000000000092
:106F00000000000000000000000000000000000081
:106F10000000000000000000000000000000000071
:106F20000000000000000000000000000000000061
:106F30000000000000000000000000000000000051
:106F40000000000000000000000000000000000041
:106F50000000000000000000000000000000000031
:106F60000000000000000000000000000000000021
:106F70000000000000000000000000000000000011
:106F80000000000000000000000000000000000001
:106F900000000000000000000000000000000000F1
:106FA00000000000000000000000000000000000E1
:106FB00000000000000000000000000000000000D1
:106FC00000000000000000000000000000000000C1
:106FD00000000000000000000000000000000000B1
:106FE00000000000000000000000000000000000A1
:106FF0000000000000000000000000000000000091
:107000000000000000000000000000000000000080
:107010000000000000000000000000000000000070
:107020000000000000000000000000000000000060
:107030000000000000000000000000000000000050
:107040000000000000000000000000000000000040
:107050000000000000000000000000000000000030
:107060000000000000000000000000000000000020
:107070000000000000000000000000000000000010
:107080000000000000000000000000000000000000
:1070900000000000000000000000000000000000F0
:1070A00000000000000000000000000000000000E0
:1070B00000000000000000000000000000000000D0
:1070C00000000000000000000000000000000000C0
:1070D00000000000000000000000000000000000B0
:1070E00000000000000000000000000000000000A0
:1070F0000000000000000000000000000000000090
:10710000000000000000000000000000000000007F
:10711000000000000000000000000000000000006F
:10712000000000000000000000000000000000005F
:10713000000000000000000000000000000000004F
:10714000000000000000000000000000000000003F
:10715000000000000000000000000000000000002F
:10716000000000000000000000000000000000001F
:10717000000000000000000000000000000000000F
:1071800000000000000000000000000000000000FF
:1071900000000000000000000000000000000000EF
:1071A00000000000000000000000000000000000DF
:1071B00000000000000000000000000000000000CF
:1071C00000000000000000000000000000000000BF
:1071D00000000000000000000000000000000000AF
:1071E000000000000000000000000000000000009F
:1071F000000000000000000000000000000000008F
:10720000000000000000000000000000000000007E
:10721000000000000000000000000000000000006E
:10722000000000000000000000000000000000005E
:10723000000000000000000000000000000000004E
:10724000000000000000000000000000000000003E
:10725000000000000000000000000000000000002E
:10726000000000000000000000000000000000001E
:10727000000000000000000000000000000000000E
:1072800000000000000000000000000000000000FE
:1072900000000000000000000000000000000000EE
:1072A00000000000000000000000000000000000DE
:1072B00000000000000000000000000000000000CE
:1072C00000000000000000000000000000000000BE
:1072D00000000000000000000000000000000000AE
:1072E000000000000000000000000000000000009E
:1072F000000000000000000000000000000000008E
:10730000000000000000000000000000000000007D
:10731000000000000000000000000000000000006D
:10732000000000000000000000000000000000005D
:10733000000000000000000000000000000000004D
:10734000000000000000000000000000000000003D
:10735000000000000000000000000000000000002D
:10736000000000000000000000000000000000001D
:10737000000000000000000000000000000000000D
:1073800000000000000000000000000000000000FD
:1073900000000000000000000000000000000000ED
:1073A00000000000000000000000000000000000DD
:1073B00000000000000000000000000000000000CD
:1073C00000000000000000000000000000000000BD
:1073D00000000000000000000000000000000000AD
:1073E000000000000000000000000000000000009D
:1073F000000000000000000000000000000000008D
:10740000000000000000000000000000000000007C
:10741000000000000000000000000000000000006C
:10742000000000000000000000000000000000005C
:10743000000000000000000000000000000000004C
:10744000000000000000000000000000000000003C
:10745000000000000000000000000000000000002C
:10746000000000000000000000000000000000001C
:10747000000000000000000000000000000000000C
:1074800000000000000000000000000000000000FC
:1074900000000000000000000000000000000000EC
:1074A00000000000000000000000000000000000DC
:1074B00000000000000000000000000000000000CC
:1074C00000000000000000000000000000000000BC
:1074D00000000000000000000000000000000000AC
:1074E000000000000000000000000000000000009C
:1074F000000000000000000000000000000000008C
:10750000000000000000000000000000000000007B
:10751000000000000000000000000000000000006B
:10752000000000000000000000000000000000005B
:10753000000000000000000000000000000000004B
:10754000000000000000000000000000000000003B
:10755000000000000000000000000000000000002B
:10756000000000000000000000000000000000001B
:10757000000000000000000000000000000000000B
:1075800000000000000000000000000000000000FB
:1075900000000000000000000000000000000000EB
:1075A00000000000000000000000000000000000DB
:1075B00000000000000000000000000000000000CB
:1075C00000000000000000000000000000000000BB
:1075D00000000000000000000000000000000000AB
:1075E000000000000000000000000000000000009B
:1075F000000000000000000000000000000000008B
:10760000000000000000000000000000000000007A
:10761000000000000000000000000000000000006A
:10762000000000000000000000000000000000005A
:10763000000000000000000000000000000000004A
:10764000000000000000000000000000000000003A
:10765000000000000000000000000000000000002A
:10766000000000000000000000000000000000001A
:10767000000000000000000000000000000000000A
:1076800000000000000000000000000000000000FA
:1076900000000000000000000000000000000000EA
:1076A00000000000000000000000000000000000DA
:1076B00000000000000000000000000000000000CA
:1076C00000000000000000000000000000000000BA
:1076D00000000000000000000000000000000000AA
:1076E000000000000000000000000000000000009A
:1076F000000000000000000000000000000000008A
:107700000000000000000000000000000000000079
:107710000000000000000000000000000000000069
:107720000000000000000000000000000000000059
:107730000000000000000000000000000000000049
:107740000000000000000000000000000000000039
:107750000000000000000000000000000000000029
:107760000000000000000000000000000000000019
:107770000000000000000000000000000000000009
:1077800000000000000000000000000000000000F9
:1077900000000000000000000000000000000000E9
:1077A00000000000000000000000000000000000D9
:1077B00000000000000000000000000000000000C9
:1077C00000000000000000000000000000000000B9
:1077D00000000000000000000000000000000000A9
:1077E0000000000000000000000000000000000099
:1077F0000000000000000000000000000000000089
:107800000000000000000000000000000000000078
:107810000000000000000000000000000000000068
:107820000000000000000000000000000000000058
:107830000000000000000000000000000000000048
:107840000000000000000000000000000000000038
:107850000000000000000000000000000000000028
:107860000000000000000000000000000000000018
:107870000000000000000000000000000000000008
:1078800000000000000000000000000000000000F8
:1078900000000000000000000000000000000000E8
:1078A00000000000000000000000000000000000D8
:1078B00000000000000000000000000000000000C8
:1078C00000000000000000000000000000000000B8
:1078D00000000000000000000000000000000000A8
:1078E0000000000000000000000000000000000098
:1078F0000000000000000000000000000000000088
:107900000000000000000000000000000000000077
:107910000000000000000000000000000000000067
:107920000000000000000000000000000000000057
:107930000000000000000000000000000000000047
:107940000000000000000000000000000000000037
:107950000000000000000000000000000000000027
:107960000000000000000000000000000000000017
:107970000000000000000000000000000000000007
:1079800000000000000000000000000000000000F7
:1079900000000000000000000000000000000000E7
:1079A00000000000000000000000000000000000D7
:1079B00000000000000000000000000000000000C7
:1079C00000000000000000000000000000000000B7
:1079D00000000000000000000000000000000000A7
:1079E0000000000000000000000000000000000097
:1079F0000000000000000000000000000000000087
:107A00000000000000000000000000000000000076
:107A10000000000000000000000000000000000066
:107A20000000000000000000000000000000000056
:107A30000000000000000000000000000000000046
:107A40000000000000000000000000000000000036
:107A50000000000000000000000000000000000026
:107A60000000000000000000000000000000000016
:107A70000000000000000000000000000000000006
:107A800000000000000000000000000000000000F6
:107A900000000000000000000000000000000000E6
:107AA00000000000000000000000000000000000D6
:107AB00000000000000000000000000000000000C6
:107AC00000000000000000000000000000000000B6
:107AD00000000000000000000000000000000000A6
:107AE0000000000000000000000000000000000096
:107AF0000000000000000000000000000000000086
:107B00000000000000000000000000000000000075
:107B10000000000000000000000000000000000065
:107B20000000000000000000000000000000000055
:107B30000000000000000000000000000000000045
:107B40000000000000000000000000000000000035
:107B50000000000000000000000000000000000025
:107B60000000000000000000000000000000000015
:107B70000000000000000000000000000000000005
:107B800000000000000000000000000000000000F5
:107B900000000000000000000000000000000000E5
:107BA00000000000000000000000000000000000D5
:107BB00000000000000000000000000000000000C5
:107BC00000000000000000000000000000000000B5
:107BD00000000000000000000000000000000000A5
:107BE0000000000000000000000000000000000095
:107BF0000000000000000000000000000000000085
:107C00000000000000000000000000000000000074
:107C10000000000000000000000000000000000064
:107C20000000000000000000000000000000000054
:107C30000000000000000000000000000000000044
:107C40000000000000000000000000000000000034
:107C50000000000000000000000000000000000024
:107C60000000000000000000000000000000000014
:107C70000000000000000000000000000000000004
:107C800000000000000000000000000000000000F4
:107C900000000000000000000000000000000000E4
:107CA00000000000000000000000000000000000D4
:107CB00000000000000000000000000000000000C4
:107CC00000000000000000000000000000000000B4
:107CD00000000000000000000000000000000000A4
:107CE0000000000000000000000000000000000094
:107CF0000000000000000000000000000000000084
:107D00000000000000000000000000000000000073
:107D10000000000000000000000000000000000063
:107D20000000000000000000000000000000000053
:107D30000000000000000000000000000000000043
:107D40000000000000000000000000000000000033
:107D50000000000000000000000000000000000023
:107D60000000000000000000000000000000000013
:107D70000000000000000000000000000000000003
:107D800000000000000000000000000000000000F3
:107D900000000000000000000000000000000000E3
:107DA00000000000000000000000000000000000D3
:107DB00000000000000000000000000000000000C3
:107DC00000000000000000000000000000000000B3
:107DD00000000000000000000000000000000000A3
:107DE0000000000000000000000000000000000093
:107DF0000000000000000000000000000000000083
:107E00000000000000000000000000000000000072
:107E10000000000000000000000000000000000062
:107E20000000000000000000000000000000000052
:107E30000000000000000000000000000000000042
:107E40000000000000000000000000000000000032
:107E50000000000000000000000000000000000022
:107E60000000000000000000000000000000000012
:107E70000000000000000000000000000000000002
:107E800000000000000000000000000000000000F2
:107E900000000000000000000000000000000000E2
:107EA00000000000000000000000000000000000D2
:107EB00000000000000000000000000000000000C2
:107EC00000000000000000000000000000000000B2
:107ED00000000000000000000000000000000000A2
:107EE0000000000000000000000000000000000092
:107EF0000000000000000000000000000000000082
:107F00000000000000000000000000000000000071
:107F10000000000000000000000000000000000061
:107F20000000000000000000000000000000000051
:107F30000000000000000000000000000000000041
:107F40000000000000000000000000000000000031
:107F50000000000000000000000000000000000021
:107F60000000000000000000000000000000000011
:107F70000000000000000000000000000000000001
:107F800000000000000000000000000000000000F1
:107F900000000000000000000000000000000000E1
:107FA00000000000000000000000000000000000D1
:107FB00000000000000000000000000000000000C1
:107FC00000000000000000000000000000000000B1
:107FD00000000000000000000000000000000000A1
:107FE0000000000000000000000000000000000091
:107FF0000000000000000000000000000000000081
:108000000000000000000000000000000000000070
:108010000000000000000000000000000000000060
:108020000000000000000000000000000000000050
:108030000000000000000000000000000000000040
:108040000000000000000000000000000000000030
:108050000000000000000000000000000000000020
:108060000000000000000000000000000000000010
:108070000000000000000000000000000000000000
:1080800000000000000000000000000000000000F0
:1080900000000000000000000000000000000000E0
:1080A00000000000000000000000000000000000D0
:1080B00000000000000000000000000000000000C0
:1080C00000000000000000000000000000000000B0
:1080D00000000000000000000000000000000000A0
:1080E0000000000000000000000000000000000090
:1080F0000000000000000000000000000000000080
:10810000000000000000000000000000000000006F
:10811000000000000000000000000000000000005F
:10812000000000000000000000000000000000004F
:10813000000000000000000000000000000000003F
:10814000000000000000000000000000000000002F
:10815000000000000000000000000000000000001F
:10816000000000000000000000000000000000000F
:1081700000000000000000000000000000000000FF
:1081800000000000000000000000000000000000EF
:1081900000000000000000000000000000000000DF
:1081A00000000000000000000000000000000000CF
:1081B00000000000000000000000000000000000BF
:1081C00000000000000000000000000000000000AF
:1081D000000000000000000000000000000000009F
:1081E000000000000000000000000000000000008F
:1081F000000000000000000000000000000000007F
:10820000000000000000000000000000000000006E
:10821000000000000000000000000000000000005E
:10822000000000000000000000000000000000004E
:10823000000000000000000000000000000000003E
:10824000000000000000000000000000000000002E
:10825000000000000000000000000000000000001E
:10826000000000000000000000000000000000000E
:1082700000000000000000000000000000000000FE
:1082800000000000000000000000000000000000EE
:1082900000000000000000000000000000000000DE
:1082A00000000000000000000000000000000000CE
:1082B00000000000000000000000000000000000BE
:1082C00000000000000000000000000000000000AE
:1082D000000000000000000000000000000000009E
:1082E000000000000000000000000000000000008E
:1082F000000000000000000000000000000000007E
:10830000000000000000000000000000000000006D
:10831000000000000000000000000000000000005D
:10832000000000000000000000000000000000004D
:10833000000000000000000000000000000000003D
:10834000000000000000000000000000000000002D
:10835000000000000000000000000000000000001D
:10836000000000000000000000000000000000000D
:1083700000000000000000000000000000000000FD
:1083800000000000000000000000000000000000ED
:1083900000000000000000000000000000000000DD
:1083A00000000000000000000000000000000000CD
:1083B00000000000000000000000000000000000BD
:1083C00000000000000000000000000000000000AD
:1083D000000000000000000000000000000000009D
:1083E000000000000000000000000000000000008D
:1083F000000000000000000000000000000000007D
:10840000000000000000000000000000000000006C
:10841000000000000000000000000000000000005C
:10842000000000000000000000000000000000004C
:10843000000000000000000000000000000000003C
:10844000000000000000000000000000000000002C
:10845000000000000000000000000000000000001C
:10846000000000000000000000000000000000000C
:1084700000000000000000000000000000000000FC
:1084800000000000000000000000000000000000EC
:1084900000000000000000000000000000000000DC
:1084A00000000000000000000000000000000000CC
:1084B00000000000000000000000000000000000BC
:1084C00000000000000000000000000000000000AC
:1084D000000000000000000000000000000000009C
:1084E000000000000000000000000000000000008C
:1084F000000000000000000000000000000000007C
:10850000000000000000000000000000000000006B
:10851000000000000000000000000000000000005B
:10852000000000000000000000000000000000004B
:10853000000000000000000000000000000000003B
:10854000000000000000000000000000000000002B
:10855000000000000000000000000000000000001B
:10856000000000000000000000000000000000000B
:1085700000000000000000000000000000000000FB
:1085800000000000000000000000000000000000EB
:1085900000000000000000000000000000000000DB
:1085A00000000000000000000000000000000000CB
:1085B00000000000000000000000000000000000BB
:1085C00000000000000000000000000000000000AB
:1085D000000000000000000000000000000000009B
:1085E000000000000000000000000000000000008B
:1085F000000000000000000000000000000000007B
:10860000000000000000000000000000000000006A
:10861000000000000000000000000000000000005A
:10862000000000000000000000000000000000004A
:10863000000000000000000000000000000000003A
:10864000000000000000000000000000000000002A
:10865000000000000000000000000000000000001A
:10866000000000000000000000000000000000000A
:1086700000000000000000000000000000000000FA
:1086800000000000000000000000000000000000EA
:1086900000000000000000000000000000000000DA
:1086A00000000000000000000000000000000000CA
:1086B00000000000000000000000000000000000BA
:1086C00000000000000000000000000000000000AA
:1086D000000000000000000000000000000000009A
:1086E000000000000000000000000000000000008A
:1086F000000000000000000000000000000000007A
:108700000000000000000000000000000000000069
:108710000000000000000000000000000000000059
:108720000000000000000000000000000000000049
:108730000000000000000000000000000000000039
:108740000000000000000000000000000000000029
:108750000000000000000000000000000000000019
:108760000000000000000000000000000000000009
:1087700000000000000000000000000000000000F9
:1087800000000000000000000000000000000000E9
:1087900000000000000000000000000000000000D9
:1087A00000000000000000000000000000000000C9
:1087B00000000000000000000000000000000000B9
:1087C00000000000000000000000000000000000A9
:1087D0000000000000000000000000000000000099
:1087E0000000000000000000000000000000000089
:1087F0000000000000000000000000000000000079
:108800000000000000000000000000000000000068
:108810000000000000000000000000000000000058
:108820000000000000000000000000000000000048
:108830000000000000000000000000000000000038
:108840000000000000000000000000000000000028
:108850000000000000000000000000000000000018
:108860000000000000000000000000000000000008
:1088700000000000000000000000000000000000F8
:1088800000000000000000000000000000000000E8
:1088900000000000000000000000000000000000D8
:1088A00000000000000000000000000000000000C8
:1088B00000000000000000000000000000000000B8
:1088C00000000000000000000000000000000000A8
:1088D0000000000000000000000000000000000098
:1088E0000000000000000000000000000000000088
:1088F0000000000000000000000000000000000078
:108900000000000000000000000000000000000067
:108910000000000000000000000000000000000057
:108920000000000000000000000000000000000047
:108930000000000000000000000000000000000037
:108940000000000000000000000000000000000027
:108950000000000000000000000000000000000017
:108960000000000000000000000000000000000007
:1089700000000000000000000000000000000000F7
:1089800000000000000000000000000000000000E7
:1089900000000000000000000000000000000000D7
:1089A00000000000000000000000000000000000C7
:1089B00000000000000000000000000000000000B7
:1089C00000000000000000000000000000000000A7
:1089D0000000000000000000000000000000000097
:1089E0000000000000000000000000000000000087
:1089F0000000000000000000000000000000000077
:108A00000000000000000000000000000000000066
:108A10000000000000000000000000000000000056
:108A20000000000000000000000000000000000046
:108A30000000000000000000000000000000000036
:108A40000000000000000000000000000000000026
:108A50000000000000000000000000000000000016
:108A60000000000000000000000000000000000006
:108A700000000000000000000000000000000000F6
:108A800000000000000000000000000000000000E6
:108A900000000000000000000000000000000000D6
:108AA00000000000000000000000000000000000C6
:108AB00000000000000000000000000000000000B6
:108AC00000000000000000000000000000000000A6
:108AD0000000000000000000000000000000000096
:108AE0000000000000000000000000000000000086
:108AF0000000000000000000000000000000000076
:108B00000000000000000000000000000000000065
:108B10000000000000000000000000000000000055
:108B20000000000000000000000000000000000045
:108B30000000000000000000000000000000000035
:108B40000000000000000000000000000000000025
:108B50000000000000000000000000000000000015
:108B60000000000000000000000000000000000005
:108B700000000000000000000000000000000000F5
:108B800000000000000000000000000000000000E5
:108B900000000000000000000000000000000000D5
:108BA00000000000000000000000000000000000C5
:108BB00000000000000000000000000000000000B5
:108BC00000000000000000000000000000000000A5
:108BD0000000000000000000000000000000000095
:108BE0000000000000000000000000000000000085
:108BF0000000000000000000000000000000000075
:108C00000000000000000000000000000000000064
:108C10000000000000000000000000000000000054
:108C20000000000000000000000000000000000044
:108C30000000000000000000000000000000000034
:108C40000000000000000000000000000000000024
:108C50000000000000000000000000000000000014
:108C60000000000000000000000000000000000004
:108C700000000000000000000000000000000000F4
:108C800000000000000000000000000000000000E4
:108C900000000000000000000000000000000000D4
:108CA00000000000000000000000000000000000C4
:108CB00000000000000000000000000000000000B4
:108CC00000000000000000000000000000000000A4
:108CD0000000000000000000000000000000000094
:108CE0000000000000000000000000000000000084
:108CF0000000000000000000000000000000000074
:108D00000000000000000000000000000000000063
:108D10000000000000000000000000000000000053
:108D20000000000000000000000000000000000043
:108D30000000000000000000000000000000000033
:108D40000000000000000000000000000000000023
:108D50000000000000000000000000000000000013
:108D60000000000000000000000000000000000003
:108D700000000000000000000000000000000000F3
:108D800000000000000000000000000000000000E3
:108D900000000000000000000000000000000000D3
:108DA00000000000000000000000000000000000C3
:108DB00000000000000000000000000000000000B3
:108DC00000000000000000000000000000000000A3
:108DD0000000000000000000000000000000000093
:108DE0000000000000000000000000000000000083
:108DF0000000000000000000000000000000000073
:108E00000000000000000000000000000000000062
:108E10000000000000000000000000000000000052
:108E20000000000000000000000000000000000042
:108E30000000000000000000000000000000000032
:108E40000000000000000000000000000000000022
:108E50000000000000000000000000000000000012
:108E60000000000000000000000000000000000002
:108E700000000000000000000000000000000000F2
:108E800000000000000000000000000000000000E2
:108E900000000000000000000000000000000000D2
:108EA00000000000000000000000000000000000C2
:108EB00000000000000000000000000000000000B2
:108EC00000000000000000000000000000000000A2
:108ED0000000000000000000000000000000000092
:108EE0000000000000000000000000000000000082
:108EF0000000000000000000000000000000000072
:108F00000000000000000000000000000000000061
:108F10000000000000000000000000000000000051
:108F20000000000000000000000000000000000041
:108F30000000000000000000000000000000000031
:108F40000000000000000000000000000000000021
:108F50000000000000000000000000000000000011
:108F60000000000000000000000000000000000001
:108F700000000000000000000000000000000000F1
:108F800000000000000000000000000000000000E1
:108F900000000000000000000000000000000000D1
:108FA00000000000000000000000000000000000C1
:108FB00000000000000000000000000000000000B1
:108FC00000000000000000000000000000000000A1
:108FD0000000000000000000000000000000000091
:108FE0000000000000000000000000000000000081
:108FF0000000000000000000000000000000000071
:109000000000000000000000000000000000000060
:109010000000000000000000000000000000000050
:109020000000000000000000000000000000000040
:109030000000000000000000000000000000000030
:109040000000000000000000000000000000000020
:109050000000000000000000000000000000000010
:109060000000000000000000000000000000000000
:1090700000000000000000000000000000000000F0
:1090800000000000000000000000000000000000E0
:1090900000000000000000000000000000000000D0
:1090A00000000000000000000000000000000000C0
:1090B00000000000000000000000000000000000B0
:1090C00000000000000000000000000000000000A0
:1090D0000000000000000000000000000000000090
:1090E0000000000000000000000000000000000080
:1090F0000000000000000000000000000000000070
:10910000000000000000000000000000000000005F
:10911000000000000000000000000000000000004F
:10912000000000000000000000000000000000003F
:10913000000000000000000000000000000000002F
:10914000000000000000000000000000000000001F
:10915000000000000000000000000000000000000F
:1091600000000000000000000000000000000000FF
:1091700000000000000000000000000000000000EF
:1091800000000000000000000000000000000000DF
:1091900000000000000000000000000000000000CF
:1091A00000000000000000000000000000000000BF
:1091B00000000000000000000000000000000000AF
:1091C000000000000000000000000000000000009F
:1091D000000000000000000000000000000000008F
:1091E000000000000000000000000000000000007F
:1091F000000000000000000000000000000000006F
:10920000000000000000000000000000000000005E
:10921000000000000000000000000000000000004E
:10922000000000000000000000000000000000003E
:10923000000000000000000000000000000000002E
:10924000000000000000000000000000000000001E
:10925000000000000000000000000000000000000E
:1092600000000000000000000000000000000000FE
:1092700000000000000000000000000000000000EE
:1092800000000000000000000000000000000000DE
:1092900000000000000000000000000000000000CE
:1092A00000000000000000000000000000000000BE
:1092B00000000000000000000000000000000000AE
:1092C000000000000000000000000000000000009E
:1092D000000000000000000000000000000000008E
:1092E000000000000000000000000000000000007E
:1092F000000000000000000000000000000000006E
:10930000000000000000000000000000000000005D
:10931000000000000000000000000000000000004D
:10932000000000000000000000000000000000003D
:10933000000000000000000000000000000000002D
:10934000000000000000000000000000000000001D
:10935000000000000000000000000000000000000D
:1093600000000000000000000000000000000000FD
:1093700000000000000000000000000000000000ED
:1093800000000000000000000000000000000000DD
:1093900000000000000000000000000000000000CD
:1093A00000000000000000000000000000000000BD
:1093B00000000000000000000000000000000000AD
:1093C000000000000000000000000000000000009D
:1093D000000000000000000000000000000000008D
:1093E000000000000000000000000000000000007D
:1093F000000000000000000000000000000000006D
:10940000000000000000000000000000000000005C
:10941000000000000000000000000000000000004C
:10942000000000000000000000000000000000003C
:10943000000000000000000000000000000000002C
:10944000000000000000000000000000000000001C
:10945000000000000000000000000000000000000C
:1094600000000000000000000000000000000000FC
:1094700000000000000000000000000000000000EC
:1094800000000000000000000000000000000000DC
:1094900000000000000000000000000000000000CC
:1094A00000000000000000000000000000000000BC
:1094B00000000000000000000000000000000000AC
:1094C000000000000000000000000000000000009C
:1094D000000000000000000000000000000000008C
:1094E000000000000000000000000000000000007C
:1094F000000000000000000000000000000000006C
:10950000000000000000000000000000000000005B
:10951000000000000000000000000000000000004B
:10952000000000000000000000000000000000003B
:10953000000000000000000000000000000000002B
:10954000000000000000000000000000000000001B
:10955000000000000000000000000000000000000B
:1095600000000000000000000000000000000000FB
:1095700000000000000000000000000000000000EB
:1095800000000000000000000000000000000000DB
:1095900000000000000000000000000000000000CB
:1095A00000000000000000000000000000000000BB
:1095B00000000000000000000000000000000000AB
:1095C000000000000000000000000000000000009B
:1095D000000000000000000000000000000000008B
:1095E000000000000000000000000000000000007B
:1095F000000000000000000000000000000000006B
:10960000000000000000000000000000000000005A
:10961000000000000000000000000000000000004A
:10962000000000000000000000000000000000003A
:10963000000000000000000000000000000000002A
:10964000000000000000000000000000000000001A
:10965000000000000000000000000000000000000A
:1096600000000000000000000000000000000000FA
:1096700000000000000000000000000000000000EA
:1096800000000000000000000000000000000000DA
:1096900000000000000000000000000000000000CA
:1096A00000000000000000000000000000000000BA
:1096B00000000000000000000000000000000000AA
:1096C000000000000000000000000000000000009A
:1096D000000000000000000000000000000000008A
:1096E000000000000000000000000000000000007A
:1096F000000000000000000000000000000000006A
:109700000000000000000000000000000000000059
:109710000000000000000000000000000000000049
:109720000000000000000000000000000000000039
:109730000000000000000000000000000000000029
:109740000000000000000000000000000000000019
:109750000000000000000000000000000000000009
:1097600000000000000000000000000000000000F9
:1097700000000000000000000000000000000000E9
:1097800000000000000000000000000000000000D9
:1097900000000000000000000000000000000000C9
:1097A00000000000000000000000000000000000B9
:1097B00000000000000000000000000000000000A9
:1097C0000000000000000000000000000000000099
:1097D0000000000000000000000000000000000089
:1097E0000000000000000000000000000000000079
:1097F0000000000000000000000000000000000069
:109800000000000000000000000000000000000058
:109810000000000000000000000000000000000048
:109820000000000000000000000000000000000038
:109830000000000000000000000000000000000028
:109840000000000000000000000000000000000018
:109850000000000000000000000000000000000008
:1098600000000000000000000000000000000000F8
:1098700000000000000000000000000000000000E8
:1098800000000000000000000000000000000000D8
:1098900000000000000000000000000000000000C8
:1098A00000000000000000000000000000000000B8
:1098B00000000000000000000000000000000000A8
:1098C0000000000000000000000000000000000098
:1098D0000000000000000000000000000000000088
:1098E0000000000000000000000000000000000078
:1098F0000000000000000000000000000000000068
:109900000000000000000000000000000000000057
:109910000000000000000000000000000000000047
:109920000000000000000000000000000000000037
:109930000000000000000000000000000000000027
:109940000000000000000000000000000000000017
:109950000000000000000000000000000000000007
:1099600000000000000000000000000000000000F7
:1099700000000000000000000000000000000000E7
:1099800000000000000000000000000000000000D7
:1099900000000000000000000000000000000000C7
:1099A00000000000000000000000000000000000B7
:1099B00000000000000000000000000000000000A7
:1099C0000000000000000000000000000000000097
:1099D0000000000000000000000000000000000087
:1099E0000000000000000000000000000000000077
:1099F0000000000000000000000000000000000067
:109A00000000000000000000000000000000000056
:109A10000000000000000000000000000000000046
:109A20000000000000000000000000000000000036
:109A30000000000000000000000000000000000026
:109A40000000000000000000000000000000000016
:109A50000000000000000000000000000000000006
:109A600000000000000000000000000000000000F6
:109A700000000000000000000000000000000000E6
:109A800000000000000000000000000000000000D6
:109A900000000000000000000000000000000000C6
:109AA00000000000000000000000000000000000B6
:109AB00000000000000000000000000000000000A6
:109AC0000000000000000000000000000000000096
:109AD0000000000000000000000000000000000086
:109AE0000000000000000000000000000000000076
:109AF0000000000000000000000000000000000066
:109B00000000000000000000000000000000000055
:109B10000000000000000000000000000000000045
:109B20000000000000000000000000000000000035
:109B30000000000000000000000000000000000025
:109B40000000000000000000000000000000000015
:109B50000000000000000000000000000000000005
:109B600000000000000000000000000000000000F5
:109B700000000000000000000000000000000000E5
:109B800000000000000000000000000000000000D5
:109B900000000000000000000000000000000000C5
:109BA00000000000000000000000000000000000B5
:109BB00000000000000000000000000000000000A5
:109BC0000000000000000000000000000000000095
:109BD0000000000000000000000000000000000085
:109BE0000000000000000000000000000000000075
:109BF0000000000000000000000000000000000065
:109C00000000000000000000000000000000000054
:109C10000000000000000000000000000000000044
:109C20000000000000000000000000000000000034
:109C30000000000000000000000000000000000024
:109C40000000000000000000000000000000000014
:109C50000000000000000000000000000000000004
:109C600000000000000000000000000000000000F4
:109C700000000000000000000000000000000000E4
:109C800000000000000000000000000000000000D4
:109C900000000000000000000000000000000000C4
:109CA00000000000000000000000000000000000B4
:109CB00000000000000000000000000000000000A4
:109CC0000000000000000000000000000000000094
:109CD0000000000000000000000000000000000084
:109CE0000000000000000000000000000000000074
:109CF0000000000000000000000000000000000064
:109D00000000000000000000000000000000000053
:109D10000000000000000000000000000000000043
:109D20000000000000000000000000000000000033
:109D30000000000000000000000000000000000023
:109D40000000000000000000000000000000000013
:109D50000000000000000000000000000000000003
:109D600000000000000000000000000000000000F3
:109D700000000000000000000000000000000000E3
:109D800000000000000000000000000000000000D3
:109D900000000000000000000000000000000000C3
:109DA00000000000000000000000000000000000B3
:109DB00000000000000000000000000000000000A3
:109DC0000000000000000000000000000000000093
:109DD0000000000000000000000000000000000083
:109DE0000000000000000000000000000000000073
:109DF0000000000000000000000000000000000063
:109E00000000000000000000000000000000000052
:109E10000000000000000000000000000000000042
:109E20000000000000000000000000000000000032
:109E30000000000000000000000000000000000022
:109E40000000000000000000000000000000000012
:109E50000000000000000000000000000000000002
:109E600000000000000000000000000000000000F2
:109E700000000000000000000000000000000000E2
:109E800000000000000000000000000000000000D2
:109E900000000000000000000000000000000000C2
:109EA00000000000000000000000000000000000B2
:109EB00000000000000000000000000000000000A2
:109EC0000000000000000000000000000000000092
:109ED0000000000000000000000000000000000082
:109EE0000000000000000000000000000000000072
:109EF0000000000000000000000000000000000062
:109F00000000000000000000000000000000000051
:109F10000000000000000000000000000000000041
:109F20000000000000000000000000000000000031
:109F30000000000000000000000000000000000021
:109F40000000000000000000000000000000000011
:109F50000000000000000000000000000000000001
:109F600000000000000000000000000000000000F1
:109F700000000000000000000000000000000000E1
:109F800000000000000000000000000000000000D1
:109F900000000000000000000000000000000000C1
:109FA00000000000000000000000000000000000B1
:109FB00000000000000000000000000000000000A1
:109FC0000000000000000000000000000000000091
:109FD0000000000000000000000000000000000081
:109FE0000000000000000000000000000000000071
:109FF0000000000000000000000000000000000061
:10A000000000000000000000000000000000000050
:10A010000000000000000000000000000000000040
:10A020000000000000000000000000000000000030
:10A030000000000000000000000000000000000020
:10A040000000000000000000000000000000000010
:10A050000000000000000000000000000000000000
:10A0600000000000000000000000000000000000F0
:10A0700000000000000000000000000000000000E0
:10A0800000000000000000000000000000000000D0
:10A0900000000000000000000000000000000000C0
:10A0A00000000000000000000000000000000000B0
:10A0B00000000000000000000000000000000000A0
:10A0C0000000000000000000000000000000000090
:10A0D0000000000000000000000000000000000080
:10A0E0000000000000000000000000000000000070
:10A0F0000000000000000000000000000000000060
:10A10000000000000000000000000000000000004F
:10A11000000000000000000000000000000000003F
:10A12000000000000000000000000000000000002F
:10A13000000000000000000000000000000000001F
:10A14000000000000000000000000000000000000F
:10A1500000000000000000000000000000000000FF
:10A1600000000000000000000000000000000000EF
:10A1700000000000000000000000000000000000DF
:10A1800000000000000000000000000000000000CF
:10A1900000000000000000000000000000000000BF
:10A1A00000000000000000000000000000000000AF
:10A1B000000000000000000000000000000000009F
:10A1C000000000000000000000000000000000008F
:10A1D000000000000000000000000000000000007F
:10A1E000000000000000000000000000000000006F
:10A1F000000000000000000000000000000000005F
:10A20000000000000000000000000000000000004E
:10A21000000000000000000000000000000000003E
:10A22000000000000000000000000000000000002E
:10A23000000000000000000000000000000000001E
:10A24000000000000000000000000000000000000E
:10A2500000000000000000000000000000000000FE
:10A2600000000000000000000000000000000000EE
:10A2700000000000000000000000000000000000DE
:10A2800000000000000000000000000000000000CE
:10A2900000000000000000000000000000000000BE
:10A2A00000000000000000000000000000000000AE
:10A2B000000000000000000000000000000000009E
:10A2C000000000000000000000000000000000008E
:10A2D000000000000000000000000000000000007E
:10A2E000000000000000000000000000000000006E
:10A2F000000000000000000000000000000000005E
:10A30000000000000000000000000000000000004D
:10A31000000000000000000000000000000000003D
:10A32000000000000000000000000000000000002D
:10A33000000000000000000000000000000000001D
:10A34000000000000000000000000000000000000D
:10A3500000000000000000000000000000000000FD
:10A3600000000000000000000000000000000000ED
:10A3700000000000000000000000000000000000DD
:10A3800000000000000000000000000000000000CD
:10A3900000000000000000000000000000000000BD
:10A3A00000000000000000000000000000000000AD
:10A3B000000000000000000000000000000000009D
:10A3C000000000000000000000000000000000008D
:10A3D000000000000000000000000000000000007D
:10A3E000000000000000000000000000000000006D
:10A3F000000000000000000000000000000000005D
:10A40000000000000000000000000000000000004C
:10A41000000000000000000000000000000000003C
:10A42000000000000000000000000000000000002C
:10A43000000000000000000000000000000000001C
:10A44000000000000000000000000000000000000C
:10A4500000000000000000000000000000000000FC
:10A4600000000000000000000000000000000000EC
:10A4700000000000000000000000000000000000DC
:10A4800000000000000000000000000000000000CC
:10A4900000000000000000000000000000000000BC
:10A4A00000000000000000000000000000000000AC
:10A4B000000000000000000000000000000000009C
:10A4C000000000000000000000000000000000008C
:10A4D000000000000000000000000000000000007C
:10A4E000000000000000000000000000000000006C
:10A4F000000000000000000000000000000000005C
:10A50000000000000000000000000000000000004B
:10A51000000000000000000000000000000000003B
:10A52000000000000000000000000000000000002B
:10A53000000000000000000000000000000000001B
:10A54000000000000000000000000000000000000B
:10A5500000000000000000000000000000000000FB
:10A5600000000000000000000000000000000000EB
:10A5700000000000000000000000000000000000DB
:10A5800000000000000000000000000000000000CB
:10A5900000000000000000000000000000000000BB
:10A5A00000000000000000000000000000000000AB
:10A5B000000000000000000000000000000000009B
:10A5C000000000000000000000000000000000008B
:10A5D000000000000000000000000000000000007B
:10A5E000000000000000000000000000000000006B
:10A5F000000000000000000000000000000000005B
:10A60000000000000000000000000000000000004A
:10A61000000000000000000000000000000000003A
:10A62000000000000000000000000000000000002A
:10A63000000000000000000000000000000000001A
:10A64000000000000000000000000000000000000A
:10A6500000000000000000000000000000000000FA
:10A6600000000000000000000000000000000000EA
:10A6700000000000000000000000000000000000DA
:10A6800000000000000000000000000000000000CA
:10A6900000000000000000000000000000000000BA
:10A6A00000000000000000000000000000000000AA
:10A6B000000000000000000000000000000000009A
:10A6C000000000000000000000000000000000008A
:10A6D000000000000000000000000000000000007A
:10A6E000000000000000000000000000000000006A
:10A6F000000000000000000000000000000000005A
:10A700000000000000000000000000000000000049
:10A710000000000000000000000000000000000039
:10A720000000000000000000000000000000000029
:10A730000000000000000000000000000000000019
:10A740000000000000000000000000000000000009
:10A7500000000000000000000000000000000000F9
:10A7600000000000000000000000000000000000E9
:10A7700000000000000000000000000000000000D9
:10A7800000000000000000000000000000000000C9
:10A7900000000000000000000000000000000000B9
:10A7A00000000000000000000000000000000000A9
:10A7B0000000000000000000000000000000000099
:10A7C0000000000000000000000000000000000089
:10A7D0000000000000000000000000000000000079
:10A7E0000000000000000000000000000000000069
:10A7F0000000000000000000000000000000000059
:10A800000000000000000000000000000000000048
:10A810000000000000000000000000000000000038
:10A820000000000000000000000000000000000028
:10A830000000000000000000000000000000000018
:10A840000000000000000000000000000000000008
:10A8500000000000000000000000000000000000F8
:10A8600000000000000000000000000000000000E8
:10A8700000000000000000000000000000000000D8
:10A8800000000000000000000000000000000000C8
:10A8900000000000000000000000000000000000B8
:10A8A00000000000000000000000000000000000A8
:10A8B0000000000000000000000000000000000098
:10A8C0000000000000000000000000000000000088
:10A8D0000000000000000000000000000000000078
:10A8E0000000000000000000000000000000000068
:10A8F0000000000000000000000000000000000058
:10A900000000000000000000000000000000000047
:10A910000000000000000000000000000000000037
:10A920000000000000000000000000000000000027
:10A930000000000000000000000000000000000017
:10A940000000000000000000000000000000000007
:10A9500000000000000000000000000000000000F7
:10A9600000000000000000000000000000000000E7
:10A9700000000000000000000000000000000000D7
:10A9800000000000000000000000000000000000C7
:10A9900000000000000000000000000000000000B7
:10A9A00000000000000000000000000000000000A7
:10A9B0000000000000000000000000000000000097
:10A9C0000000000000000000000000000000000087
:10A9D0000000000000000000000000000000000077
:10A9E0000000000000000000000000000000000067
:10A9F0000000000000000000000000000000000057
:10AA00000000000000000000000000000000000046
:10AA10000000000000000000000000000000000036
:10AA20000000000000000000000000000000000026
:10AA30000000000000000000000000000000000016
:10AA40000000000000000000000000000000000006
:10AA500000000000000000000000000000000000F6
:10AA600000000000000000000000000000000000E6
:10AA700000000000000000000000000000000000D6
:10AA800000000000000000000000000000000000C6
:10AA900000000000000000000000000000000000B6
:10AAA00000000000000000000000000000000000A6
:10AAB0000000000000000000000000000000000096
:10AAC0000000000000000000000000000000000086
:10AAD0000000000000000000000000000000000076
:10AAE0000000000000000000000000000000000066
:10AAF0000000000000000000000000000000000056
:10AB00000000000000000000000000000000000045
:10AB10000000000000000000000000000000000035
:10AB20000000000000000000000000000000000025
:10AB30000000000000000000000000000000000015
:10AB40000000000000000000000000000000000005
:10AB500000000000000000000000000000000000F5
:10AB600000000000000000000000000000000000E5
:10AB700000000000000000000000000000000000D5
:10AB800000000000000000000000000000000000C5
:10AB900000000000000000000000000000000000B5
:10ABA00000000000000000000000000000000000A5
:10ABB0000000000000000000000000000000000095
:10ABC0000000000000000000000000000000000085
:10ABD0000000000000000000000000000000000075
:10ABE0000000000000000000000000000000000065
:10ABF0000000000000000000000000000000000055
:10AC00000000000000000000000000000000000044
:10AC10000000000000000000000000000000000034
:10AC20000000000000000000000000000000000024
:10AC30000000000000000000000000000000000014
:10AC40000000000000000000000000000000000004
:10AC500000000000000000000000000000000000F4
:10AC600000000000000000000000000000000000E4
:10AC700000000000000000000000000000000000D4
:10AC800000000000000000000000000000000000C4
:10AC900000000000000000000000000000000000B4
:10ACA00000000000000000000000000000000000A4
:10ACB0000000000000000000000000000000000094
:10ACC0000000000000000000000000000000000084
:10ACD0000000000000000000000000000000000074
:10ACE0000000000000000000000000000000000064
:10ACF0000000000000000000000000000000000054
:10AD00000000000000000000000000000000000043
:10AD10000000000000000000000000000000000033
:10AD20000000000000000000000000000000000023
:10AD30000000000000000000000000000000000013
:10AD40000000000000000000000000000000000003
:10AD500000000000000000000000000000000000F3
:10AD600000000000000000000000000000000000E3
:10AD700000000000000000000000000000000000D3
:10AD800000000000000000000000000000000000C3
:10AD900000000000000000000000000000000000B3
:10ADA00000000000000000000000000000000000A3
:10ADB0000000000000000000000000000000000093
:10ADC0000000000000000000000000000000000083
:10ADD0000000000000000000000000000000000073
:10ADE0000000000000000000000000000000000063
:10ADF0000000000000000000000000000000000053
:10AE00000000000000000000000000000000000042
:10AE10000000000000000000000000000000000032
:10AE20000000000000000000000000000000000022
:10AE30000000000000000000000000000000000012
:10AE40000000000000000000000000000000000002
:10AE500000000000000000000000000000000000F2
:10AE600000000000000000000000000000000000E2
:10AE700000000000000000000000000000000000D2
:10AE800000000000000000000000000000000000C2
:10AE900000000000000000000000000000000000B2
:10AEA00000000000000000000000000000000000A2
:10AEB0000000000000000000000000000000000092
:10AEC0000000000000000000000000000000000082
:10AED0000000000000000000000000000000000072
:10AEE0000000000000000000000000000000000062
:10AEF0000000000000000000000000000000000052
:10AF00000000000000000000000000000000000041
:10AF10000000000000000000000000000000000031
:10AF20000000000000000000000000000000000021
:10AF30000000000000000000000000000000000011
:10AF40000000000000000000000000000000000001
:10AF500000000000000000000000000000000000F1
:10AF600000000000000000000000000000000000E1
:10AF700000000000000000000000000000000000D1
:10AF800000000000000000000000000000000000C1
:10AF900000000000000000000000000000000000B1
:10AFA00000000000000000000000000000000000A1
:10AFB0000000000000000000000000000000000091
:10AFC0000000000000000000000000000000000081
:10AFD0000000000000000000000000000000000071
:10AFE0000000000000000000000000000000000061
:10AFF0000000000000000000000000000000000051
:10B000000000000000000000000000000000000040
:10B010000000000000000000000000000000000030
:10B020000000000000000000000000000000000020
:10B030000000000000000000000000000000000010
:10B040000000000000000000000000000000000000
:10B0500000000000000000000000000000000000F0
:10B0600000000000000000000000000000000000E0
:10B0700000000000000000000000000000000000D0
:10B0800000000000000000000000000000000000C0
:10B0900000000000000000000000000000000000B0
:10B0A00000000000000000000000000000000000A0
:10B0B0000000000000000000000000000000000090
:10B0C0000000000000000000000000000000000080
:10B0D0000000000000000000000000000000000070
:10B0E0000000000000000000000000000000000060
:10B0F0000000000000000000000000000000000050
:10B10000000000000000000000000000000000003F
:10B11000000000000000000000000000000000002F
:10B12000000000000000000000000000000000001F
:10B13000000000000000000000000000000000000F
:10B1400000000000000000000000000000000000FF
:10B1500000000000000000000000000000000000EF
:10B1600000000000000000000000000000000000DF
:10B1700000000000000000000000000000000000CF
:10B1800000000000000000000000000000000000BF
:10B1900000000000000000000000000000000000AF
:10B1A000000000000000000000000000000000009F
:10B1B000000000000000000000000000000000008F
:10B1C000000000000000000000000000000000007F
:10B1D000000000000000000000000000000000006F
:10B1E000000000000000000000000000000000005F
:10B1F000000000000000000000000000000000004F
:10B20000000000000000000000000000000000003E
:10B21000000000000000000000000000000000002E
:10B22000000000000000000000000000000000001E
:10B23000000000000000000000000000000000000E
:10B2400000000000000000000000000000000000FE
:10B2500000000000000000000000000000000000EE
:10B2600000000000000000000000000000000000DE
:10B2700000000000000000000000000000000000CE
:10B2800000000000000000000000000000000000BE
:10B2900000000000000000000000000000000000AE
:10B2A000000000000000000000000000000000009E
:10B2B000000000000000000000000000000000008E
:10B2C000000000000000000000000000000000007E
:10B2D000000000000000000000000000000000006E
:10B2E000000000000000000000000000000000005E
:10B2F000000000000000000000000000000000004E
:10B30000000000000000000000000000000000003D
:10B31000000000000000000000000000000000002D
:10B32000000000000000000000000000000000001D
:10B33000000000000000000000000000000000000D
:10B3400000000000000000000000000000000000FD
:10B3500000000000000000000000000000000000ED
:10B3600000000000000000000000000000000000DD
:10B3700000000000000000000000000000000000CD
:10B3800000000000000000000000000000000000BD
:10B3900000000000000000000000000000000000AD
:10B3A000000000000000000000000000000000009D
:10B3B000000000000000000000000000000000008D
:10B3C000000000000000000000000000000000007D
:10B3D000000000000000000000000000000000006D
:10B3E000000000000000000000000000000000005D
:10B3F000000000000000000000000000000000004D
:10B40000000000000000000000000000000000003C
:10B41000000000000000000000000000000000002C
:10B42000000000000000000000000000000000001C
:10B43000000000000000000000000000000000000C
:10B4400000000000000000000000000000000000FC
:10B4500000000000000000000000000000000000EC
:10B4600000000000000000000000000000000000DC
:10B4700000000000000000000000000000000000CC
:10B4800000000000000000000000000000000000BC
:10B4900000000000000000000000000000000000AC
:10B4A000000000000000000000000000000000009C
:10B4B000000000000000000000000000000000008C
:10B4C000000000000000000000000000000000007C
:10B4D000000000000000000000000000000000006C
:10B4E000000000000000000000000000000000005C
:10B4F000000000000000000000000000000000004C
:10B50000000000000000000000000000000000003B
:10B51000000000000000000000000000000000002B
:10B52000000000000000000000000000000000001B
:10B53000000000000000000000000000000000000B
:10B5400000000000000000000000000000000000FB
:10B5500000000000000000000000000000000000EB
:10B5600000000000000000000000000000000000DB
:10B5700000000000000000000000000000000000CB
:10B5800000000000000000000000000000000000BB
:10B5900000000000000000000000000000000000AB
:10B5A000000000000000000000000000000000009B
:10B5B000000000000000000000000000000000008B
:10B5C000000000000000000000000000000000007B
:10B5D000000000000000000000000000000000006B
:10B5E000000000000000000000000000000000005B
:10B5F000000000000000000000000000000000004B
:10B60000000000000000000000000000000000003A
:10B61000000000000000000000000000000000002A
:10B62000000000000000000000000000000000001A
:10B63000000000000000000000000000000000000A
:10B6400000000000000000000000000000000000FA
:10B6500000000000000000000000000000000000EA
:10B6600000000000000000000000000000000000DA
:10B6700000000000000000000000000000000000CA
:10B6800000000000000000000000000000000000BA
:10B6900000000000000000000000000000000000AA
:10B6A000000000000000000000000000000000009A
:10B6B000000000000000000000000000000000008A
:10B6C000000000000000000000000000000000007A
:10B6D000000000000000000000000000000000006A
:10B6E000000000000000000000000000000000005A
:10B6F000000000000000000000000000000000004A
:10B700000000000000000000000000000000000039
:10B710000000000000000000000000000000000029
:10B720000000000000000000000000000000000019
:10B730000000000000000000000000000000000009
:10B7400000000000000000000000000000000000F9
:10B7500000000000000000000000000000000000E9
:10B7600000000000000000000000000000000000D9
:10B7700000000000000000000000000000000000C9
:10B7800000000000000000000000000000000000B9
:10B7900000000000000000000000000000000000A9
:10B7A0000000000000000000000000000000000099
:10B7B0000000000000000000000000000000000089
:10B7C0000000000000000000000000000000000079
:10B7D0000000000000000000000000000000000069
:10B7E0000000000000000000000000000000000059
:10B7F0000000000000000000000000000000000049
:10B800000000000000000000000000000000000038
:10B810000000000000000000000000000000000028
:10B820000000000000000000000000000000000018
:10B830000000000000000000000000000000000008
:10B8400000000000000000000000000000000000F8
:10B8500000000000000000000000000000000000E8
:10B8600000000000000000000000000000000000D8
:10B8700000000000000000000000000000000000C8
:10B8800000000000000000000000000000000000B8
:10B8900000000000000000000000000000000000A8
:10B8A0000000000000000000000000000000000098
:10B8B0000000000000000000000000000000000088
:10B8C0000000000000000000000000000000000078
:10B8D0000000000000000000000000000000000068
:10B8E0000000000000000000000000000000000058
:10B8F0000000000000000000000000000000000048
:10B900000000000000000000000000000000000037
:10B910000000000000000000000000000000000027
:10B920000000000000000000000000000000000017
:10B930000000000000000000000000000000000007
:10B9400000000000000000000000000000000000F7
:10B9500000000000000000000000000000000000E7
:10B9600000000000000000000000000000000000D7
:10B9700000000000000000000000000000000000C7
:10B9800000000000000000000000000000000000B7
:10B9900000000000000000000000000000000000A7
:10B9A0000000000000000000000000000000000097
:10B9B0000000000000000000000000000000000087
:10B9C0000000000000000000000000000000000077
:10B9D0000000000000000000000000000000000067
:10B9E0000000000000000000000000000000000057
:10B9F0000000000000000000000000000000000047
:10BA00000000000000000000000000000000000036
:10BA10000000000000000000000000000000000026
:10BA20000000000000000000000000000000000016
:10BA30000000000000000000000000000000000006
:10BA400000000000000000000000000000000000F6
:10BA500000000000000000000000000000000000E6
:10BA600000000000000000000000000000000000D6
:10BA700000000000000000000000000000000000C6
:10BA800000000000000000000000000000000000B6
:10BA900000000000000000000000000000000000A6
:10BAA0000000000000000000000000000000000096
:10BAB0000000000000000000000000000000000086
:10BAC0000000000000000000000000000000000076
:10BAD0000000000000000000000000000000000066
:10BAE0000000000000000000000000000000000056
:10BAF0000000000000000000000000000000000046
:10BB00000000000000000000000000000000000035
:10BB10000000000000000000000000000000000025
:10BB20000000000000000000000000000000000015
:10BB30000000000000000000000000000000000005
:10BB400000000000000000000000000000000000F5
:10BB500000000000000000000000000000000000E5
:10BB600000000000000000000000000000000000D5
:10BB700000000000000000000000000000000000C5
:10BB800000000000000000000000000000000000B5
:10BB900000000000000000000000000000000000A5
:10BBA0000000000000000000000000000000000095
:10BBB0000000000000000000000000000000000085
:10BBC0000000000000000000000000000000000075
:10BBD0000000000000000000000000000000000065
:10BBE0000000000000000000000000000000000055
:10BBF0000000000000000000000000000000000045
:10BC00000000000000000000000000000000000034
:10BC10000000000000000000000000000000000024
:10BC20000000000000000000000000000000000014
:10BC30000000000000000000000000000000000004
:10BC400000000000000000000000000000000000F4
:10BC500000000000000000000000000000000000E4
:10BC600000000000000000000000000000000000D4
:10BC700000000000000000000000000000000000C4
:10BC800000000000000000000000000000000000B4
:10BC900000000000000000000000000000000000A4
:10BCA0000000000000000000000000000000000094
:10BCB0000000000000000000000000000000000084
:10BCC0000000000000000000000000000000000074
:10BCD0000000000000000000000000000000000064
:10BCE0000000000000000000000000000000000054
:10BCF0000000000000000000000000000000000044
:10BD00000000000000000000000000000000000033
:10BD10000000000000000000000000000000000023
:10BD20000000000000000000000000000000000013
:10BD30000000000000000000000000000000000003
:10BD400000000000000000000000000000000000F3
:10BD500000000000000000000000000000000000E3
:10BD600000000000000000000000000000000000D3
:10BD700000000000000000000000000000000000C3
:10BD800000000000000000000000000000000000B3
:10BD900000000000000000000000000000000000A3
:10BDA0000000000000000000000000000000000093
:10BDB0000000000000000000000000000000000083
:10BDC0000000000000000000000000000000000073
:10BDD0000000000000000000000000000000000063
:10BDE0000000000000000000000000000000000053
:10BDF0000000000000000000000000000000000043
:10BE00000000000000000000000000000000000032
:10BE10000000000000000000000000000000000022
:10BE20000000000000000000000000000000000012
:10BE30000000000000000000000000000000000002
:10BE400000000000000000000000000000000000F2
:10BE500000000000000000000000000000000000E2
:10BE600000000000000000000000000000000000D2
:10BE700000000000000000000000000000000000C2
:10BE800000000000000000000000000000000000B2
:10BE900000000000000000000000000000000000A2
:10BEA0000000000000000000000000000000000092
:10BEB0000000000000000000000000000000000082
:10BEC0000000000000000000000000000000000072
:10BED0000000000000000000000000000000000062
:10BEE0000000000000000000000000000000000052
:10BEF0000000000000000000000000000000000042
:10BF00000000000000000000000000000000000031
:10BF10000000000000000000000000000000000021
:10BF20000000000000000000000000000000000011
:10BF30000000000000000000000000000000000001
:10BF400000000000000000000000000000000000F1
:10BF500000000000000000000000000000000000E1
:10BF600000000000000000000000000000000000D1
:10BF700000000000000000000000000000000000C1
:10BF800000000000000000000000000000000000B1
:10BF900000000000000000000000000000000000A1
:10BFA0000000000000000000000000000000000091
:10BFB0000000000000000000000000000000000081
:10BFC0000000000000000000000000000000000071
:10BFD0000000000000000000000000000000000061
:10BFE0000000000000000000000000000000000051
:10BFF0000000000000000000000000000000000041
:10C000000000000000000000000000000000000030
:10C010000000000000000000000000000000000020
:10C020000000000000000000000000000000000010
:10C030000000000000000000000000000000000000
:10C0400000000000000000000000000000000000F0
:10C0500000000000000000000000000000000000E0
:10C0600000000000000000000000000000000000D0
:10C0700000000000000000000000000000000000C0
:10C0800000000000000000000000000000000000B0
:10C0900000000000000000000000000000000000A0
:10C0A0000000000000000000000000000000000090
:10C0B0000000000000000000000000000000000080
:10C0C0000000000000000000000000000000000070
:10C0D0000000000000000000000000000000000060
:10C0E0000000000000000000000000000000000050
:10C0F0000000000000000000000000000000000040
:10C10000000000000000000000000000000000002F
:10C11000000000000000000000000000000000001F
:10C12000000000000000000000000000000000000F
:10C1300000000000000000000000000000000000FF
:10C1400000000000000000000000000000000000EF
:10C1500000000000000000000000000000000000DF
:10C1600000000000000000000000000000000000CF
:10C1700000000000000000000000000000000000BF
:10C1800000000000000000000000000000000000AF
:10C19000000000000000000000000000000000009F
:10C1A000000000000000000000000000000000008F
:10C1B000000000000000000000000000000000007F
:10C1C000000000000000000000000000000000006F
:10C1D000000000000000000000000000000000005F
:10C1E000000000000000000000000000000000004F
:10C1F000000000000000000000000000000000003F
:10C20000000000000000000000000000000000002E
:10C21000000000000000000000000000000000001E
:10C22000000000000000000000000000000000000E
:10C2300000000000000000000000000000000000FE
:10C2400000000000000000000000000000000000EE
:10C2500000000000000000000000000000000000DE
:10C2600000000000000000000000000000000000CE
:10C2700000000000000000000000000000000000BE
:10C2800000000000000000000000000000000000AE
:10C29000000000000000000000000000000000009E
:10C2A000000000000000000000000000000000008E
:10C2B000000000000000000000000000000000007E
:10C2C000000000000000000000000000000000006E
:10C2D000000000000000000000000000000000005E
:10C2E000000000000000000000000000000000004E
:10C2F000000000000000000000000000000000003E
:10C30000000000000000000000000000000000002D
:10C31000000000000000000000000000000000001D
:10C32000000000000000000000000000000000000D
:10C3300000000000000000000000000000000000FD
:10C3400000000000000000000000000000000000ED
:10C3500000000000000000000000000000000000DD
:10C3600000000000000000000000000000000000CD
:10C3700000000000000000000000000000000000BD
:10C3800000000000000000000000000000000000AD
:10C39000000000000000000000000000000000009D
:10C3A000000000000000000000000000000000008D
:10C3B000000000000000000000000000000000007D
:10C3C000000000000000000000000000000000006D
:10C3D000000000000000000000000000000000005D
:10C3E000000000000000000000000000000000004D
:10C3F000000000000000000000000000000000003D
:10C40000000000000000000000000000000000002C
:10C41000000000000000000000000000000000001C
:10C42000000000000000000000000000000000000C
:10C4300000000000000000000000000000000000FC
:10C4400000000000000000000000000000000000EC
:10C4500000000000000000000000000000000000DC
:10C4600000000000000000000000000000000000CC
:10C4700000000000000000000000000000000000BC
:10C4800000000000000000000000000000000000AC
:10C49000000000000000000000000000000000009C
:10C4A000000000000000000000000000000000008C
:10C4B000000000000000000000000000000000007C
:10C4C000000000000000000000000000000000006C
:10C4D000000000000000000000000000000000005C
:10C4E000000000000000000000000000000000004C
:10C4F000000000000000000000000000000000003C
:10C50000000000000000000000000000000000002B
:10C51000000000000000000000000000000000001B
:10C52000000000000000000000000000000000000B
:10C5300000000000000000000000000000000000FB
:10C5400000000000000000000000000000000000EB
:10C5500000000000000000000000000000000000DB
:10C5600000000000000000000000000000000000CB
:10C5700000000000000000000000000000000000BB
:10C5800000000000000000000000000000000000AB
:10C59000000000000000000000000000000000009B
:10C5A000000000000000000000000000000000008B
:10C5B000000000000000000000000000000000007B
:10C5C000000000000000000000000000000000006B
:10C5D000000000000000000000000000000000005B
:10C5E000000000000000000000000000000000004B
:10C5F000000000000000000000000000000000003B
:10C60000000000000000000000000000000000002A
:10C61000000000000000000000000000000000001A
:10C62000000000000000000000000000000000000A
:10C6300000000000000000000000000000000000FA
:10C6400000000000000000000000000000000000EA
:10C6500000000000000000000000000000000000DA
:10C6600000000000000000000000000000000000CA
:10C6700000000000000000000000000000000000BA
:10C6800000000000000000000000000000000000AA
:10C69000000000000000000000000000000000009A
:10C6A000000000000000000000000000000000008A
:10C6B000000000000000000000000000000000007A
:10C6C000000000000000000000000000000000006A
:10C6D000000000000000000000000000000000005A
:10C6E000000000000000000000000000000000004A
:10C6F000000000000000000000000000000000003A
:10C700000000000000000000000000000000000029
:10C710000000000000000000000000000000000019
:10C720000000000000000000000000000000000009
:10C7300000000000000000000000000000000000F9
:10C7400000000000000000000000000000000000E9
:10C7500000000000000000000000000000000000D9
:10C7600000000000000000000000000000000000C9
:10C7700000000000000000000000000000000000B9
:10C7800000000000000000000000000000000000A9
:10C790000000000000000000000000000000000099
:10C7A0000000000000000000000000000000000089
:10C7B0000000000000000000000000000000000079
:10C7C0000000000000000000000000000000000069
:10C7D0000000000000000000000000000000000059
:10C7E0000000000000000000000000000000000049
:10C7F0000000000000000000000000000000000039
:10C800000000000000000000000000000000000028
:10C810000000000000000000000000000000000018
:10C820000000000000000000000000000000000008
:10C8300000000000000000000000000000000000F8
:10C8400000000000000000000000000000000000E8
:10C8500000000000000000000000000000000000D8
:10C8600000000000000000000000000000000000C8
:10C8700000000000000000000000000000000000B8
:10C8800000000000000000000000000000000000A8
:10C890000000000000000000000000000000000098
:10C8A0000000000000000000000000000000000088
:10C8B0000000000000000000000000000000000078
:10C8C0000000000000000000000000000000000068
:10C8D0000000000000000000000000000000000058
:10C8E0000000000000000000000000000000000048
:10C8F0000000000000000000000000000000000038
:10C900000000000000000000000000000000000027
:10C910000000000000000000000000000000000017
:10C920000000000000000000000000000000000007
:10C9300000000000000000000000000000000000F7
:10C9400000000000000000000000000000000000E7
:10C9500000000000000000000000000000000000D7
:10C9600000000000000000000000000000000000C7
:10C9700000000000000000000000000000000000B7
:10C9800000000000000000000000000000000000A7
:10C990000000000000000000000000000000000097
:10C9A0000000000000000000000000000000000087
:10C9B0000000000000000000000000000000000077
:10C9C0000000000000000000000000000000000067
:10C9D0000000000000000000000000000000000057
:10C9E0000000000000000000000000000000000047
:10C9F0000000000000000000000000000000000037
:10CA00000000000000000000000000000000000026
:10CA10000000000000000000000000000000000016
:10CA20000000000000000000000000000000000006
:10CA300000000000000000000000000000000000F6
:10CA400000000000000000000000000000000000E6
:10CA500000000000000000000000000000000000D6
:10CA600000000000000000000000000000000000C6
:10CA700000000000000000000000000000000000B6
:10CA800000000000000000000000000000000000A6
:10CA90000000000000000000000000000000000096
:10CAA0000000000000000000000000000000000086
:10CAB0000000000000000000000000000000000076
:10CAC0000000000000000000000000000000000066
:10CAD0000000000000000000000000000000000056
:10CAE0000000000000000000000000000000000046
:10CAF0000000000000000000000000000000000036
:10CB00000000000000000000000000000000000025
:10CB10000000000000000000000000000000000015
:10CB20000000000000000000000000000000000005
:10CB300000000000000000000000000000000000F5
:10CB400000000000000000000000000000000000E5
:10CB500000000000000000000000000000000000D5
:10CB600000000000000000000000000000000000C5
:10CB700000000000000000000000000000000000B5
:10CB800000000000000000000000000000000000A5
:10CB90000000000000000000000000000000000095
:10CBA0000000000000000000000000000000000085
:10CBB0000000000000000000000000000000000075
:10CBC0000000000000000000000000000000000065
:10CBD0000000000000000000000000000000000055
:10CBE0000000000000000000000000000000000045
:10CBF0000000000000000000000000000000000035
:10CC00000000000000000000000000000000000024
:10CC10000000000000000000000000000000000014
:10CC20000000000000000000000000000000000004
:10CC300000000000000000000000000000000000F4
:10CC400000000000000000000000000000000000E4
:10CC500000000000000000000000000000000000D4
:10CC600000000000000000000000000000000000C4
:10CC700000000000000000000000000000000000B4
:10CC800000000000000000000000000000000000A4
:10CC90000000000000000000000000000000000094
:10CCA0000000000000000000000000000000000084
:10CCB0000000000000000000000000000000000074
:10CCC0000000000000000000000000000000000064
:10CCD0000000000000000000000000000000000054
:10CCE0000000000000000000000000000000000044
:10CCF0000000000000000000000000000000000034
:10CD00000000000000000000000000000000000023
:10CD10000000000000000000000000000000000013
:10CD20000000000000000000000000000000000003
:10CD300000000000000000000000000000000000F3
:10CD400000000000000000000000000000000000E3
:10CD500000000000000000000000000000000000D3
:10CD600000000000000000000000000000000000C3
:10CD700000000000000000000000000000000000B3
:10CD800000000000000000000000000000000000A3
:10CD90000000000000000000000000000000000093
:10CDA0000000000000000000000000000000000083
:10CDB0000000000000000000000000000000000073
:10CDC0000000000000000000000000000000000063
:10CDD0000000000000000000000000000000000053
:10CDE0000000000000000000000000000000000043
:10CDF0000000000000000000000000000000000033
:10CE00000000000000000000000000000000000022
:10CE10000000000000000000000000000000000012
:10CE20000000000000000000000000000000000002
:10CE300000000000000000000000000000000000F2
:10CE400000000000000000000000000000000000E2
:10CE500000000000000000000000000000000000D2
:10CE600000000000000000000000000000000000C2
:10CE700000000000000000000000000000000000B2
:10CE800000000000000000000000000000000000A2
:10CE90000000000000000000000000000000000092
:10CEA0000000000000000000000000000000000082
:10CEB0000000000000000000000000000000000072
:10CEC0000000000000000000000000000000000062
:10CED0000000000000000000000000000000000052
:10CEE0000000000000000000000000000000000042
:10CEF0000000000000000000000000000000000032
:10CF00000000000000000000000000000000000021
:10CF10000000000000000000000000000000000011
:10CF20000000000000000000000000000000000001
:10CF300000000000000000000000000000000000F1
:10CF400000000000000000000000000000000000E1
:10CF500000000000000000000000000000000000D1
:10CF600000000000000000000000000000000000C1
:10CF700000000000000000000000000000000000B1
:10CF800000000000000000000000000000000000A1
:10CF90000000000000000000000000000000000091
:10CFA0000000000000000000000000000000000081
:10CFB0000000000000000000000000000000000071
:10CFC0000000000000000000000000000000000061
:10CFD0000000000000000000000000000000000051
:10CFE0000000000000000000000000000000000041
:10CFF0000000000000000000000000000000000031
:10D000000000000000000000000000000000000020
:10D010000000000000000000000000000000000010
:10D020000000000000000000000000000000000000
:10D0300000000000000000000000000000000000F0
:10D0400000000000000000000000000000000000E0
:10D0500000000000000000000000000000000000D0
:10D0600000000000000000000000000000000000C0
:10D0700000000000000000000000000000000000B0
:10D0800000000000000000000000000000000000A0
:10D090000000000000000000000000000000000090
:10D0A0000000000000000000000000000000000080
:10D0B0000000000000000000000000000000000070
:10D0C0000000000000000000000000000000000060
:10D0D0000000000000000000000000000000000050
:10D0E0000000000000000000000000000000000040
:10D0F0000000000000000000000000000000000030
:10D10000000000000000000000000000000000001F
:10D11000000000000000000000000000000000000F
:10D1200000000000000000000000000000000000FF
:10D1300000000000000000000000000000000000EF
:10D1400000000000000000000000000000000000DF
:10D1500000000000000000000000000000000000CF
:10D1600000000000000000000000000000000000BF
:10D1700000000000000000000000000000000000AF
:10D18000000000000000000000000000000000009F
:10D19000000000000000000000000000000000008F
:10D1A000000000000000000000000000000000007F
:10D1B000000000000000000000000000000000006F
:10D1C000000000000000000000000000000000005F
:10D1D000000000000000000000000000000000004F
:10D1E000000000000000000000000000000000003F
:10D1F000000000000000000000000000000000002F
:10D20000000000000000000000000000000000001E
:10D21000000000000000000000000000000000000E
:10D2200000000000000000000000000000000000FE
:10D2300000000000000000000000000000000000EE
:10D2400000000000000000000000000000000000DE
:10D2500000000000000000000000000000000000CE
:10D2600000000000000000000000000000000000BE
:10D2700000000000000000000000000000000000AE
:10D28000000000000000000000000000000000009E
:10D29000000000000000000000000000000000008E
:10D2A000000000000000000000000000000000007E
:10D2B000000000000000000000000000000000006E
:10D2C000000000000000000000000000000000005E
:10D2D000000000000000000000000000000000004E
:10D2E000000000000000000000000000000000003E
:10D2F000000000000000000000000000000000002E
:10D30000000000000000000000000000000000001D
:10D31000000000000000000000000000000000000D
:10D3200000000000000000000000000000000000FD
:10D3300000000000000000000000000000000000ED
:10D3400000000000000000000000000000000000DD
:10D3500000000000000000000000000000000000CD
:10D3600000000000000000000000000000000000BD
:10D3700000000000000000000000000000000000AD
:10D38000000000000000000000000000000000009D
:10D39000000000000000000000000000000000008D
:10D3A000000000000000000000000000000000007D
:10D3B000000000000000000000000000000000006D
:10D3C000000000000000000000000000000000005D
:10D3D000000000000000000000000000000000004D
:10D3E000000000000000000000000000000000003D
:10D3F000000000000000000000000000000000002D
:10D40000000000000000000000000000000000001C
:10D41000000000000000000000000000000000000C
:10D4200000000000000000000000000000000000FC
:10D4300000000000000000000000000000000000EC
:10D4400000000000000000000000000000000000DC
:10D4500000000000000000000000000000000000CC
:10D4600000000000000000000000000000000000BC
:10D4700000000000000000000000000000000000AC
:10D48000000000000000000000000000000000009C
:10D49000000000000000000000000000000000008C
:10D4A000000000000000000000000000000000007C
:10D4B000000000000000000000000000000000006C
:10D4C000000000000000000000000000000000005C
:10D4D000000000000000000000000000000000004C
:10D4E000000000000000000000000000000000003C
:10D4F000000000000000000000000000000000002C
:10D50000000000000000000000000000000000001B
:10D51000000000000000000000000000000000000B
:10D5200000000000000000000000000000000000FB
:10D5300000000000000000000000000000000000EB
:10D5400000000000000000000000000000000000DB
:10D5500000000000000000000000000000000000CB
:10D5600000000000000000000000000000000000BB
:10D5700000000000000000000000000000000000AB
:10D58000000000000000000000000000000000009B
:10D59000000000000000000000000000000000008B
:10D5A000000000000000000000000000000000007B
:10D5B000000000000000000000000000000000006B
:10D5C000000000000000000000000000000000005B
:10D5D000000000000000000000000000000000004B
:10D5E000000000000000000000000000000000003B
:10D5F000000000000000000000000000000000002B
:10D60000000000000000000000000000000000001A
:10D61000000000000000000000000000000000000A
:10D6200000000000000000000000000000000000FA
:10D6300000000000000000000000000000000000EA
:10D6400000000000000000000000000000000000DA
:10D6500000000000000000000000000000000000CA
:10D6600000000000000000000000000000000000BA
:10D6700000000000000000000000000000000000AA
:10D68000000000000000000000000000000000009A
:10D69000000000000000000000000000000000008A
:10D6A000000000000000000000000000000000007A
:10D6B000000000000000000000000000000000006A
:10D6C000000000000000000000000000000000005A
:10D6D000000000000000000000000000000000004A
:10D6E000000000000000000000000000000000003A
:10D6F000000000000000000000000000000000002A
:10D700000000000000000000000000000000000019
:10D710000000000000000000000000000000000009
:10D7200000000000000000000000000000000000F9
:10D7300000000000000000000000000000000000E9
:10D7400000000000000000000000000000000000D9
:10D7500000000000000000000000000000000000C9
:10D7600000000000000000000000000000000000B9
:10D7700000000000000000000000000000000000A9
:10D780000000000000000000000000000000000099
:10D790000000000000000000000000000000000089
:10D7A0000000000000000000000000000000000079
:10D7B0000000000000000000000000000000000069
:10D7C0000000000000000000000000000000000059
:10D7D0000000000000000000000000000000000049
:10D7E0000000000000000000000000000000000039
:10D7F0000000000000000000000000000000000029
:10D800000000000000000000000000000000000018
:10D810000000000000000000000000000000000008
:10D8200000000000000000000000000000000000F8
:10D8300000000000000000000000000000000000E8
:10D8400000000000000000000000000000000000D8
:10D8500000000000000000000000000000000000C8
:10D8600000000000000000000000000000000000B8
:10D8700000000000000000000000000000000000A8
:10D880000000000000000000000000000000000098
:10D890000000000000000000000000000000000088
:10D8A0000000000000000000000000000000000078
:10D8B0000000000000000000000000000000000068
:10D8C0000000000000000000000000000000000058
:10D8D0000000000000000000000000000000000048
:10D8E0000000000000000000000000000000000038
:10D8F0000000000000000000000000000000000028
:10D900000000000000000000000000000000000017
:10D910000000000000000000000000000000000007
:10D9200000000000000000000000000000000000F7
:10D9300000000000000000000000000000000000E7
:10D9400000000000000000000000000000000000D7
:10D9500000000000000000000000000000000000C7
:10D9600000000000000000000000000000000000B7
:10D9700000000000000000000000000000000000A7
:10D980000000000000000000000000000000000097
:10D990000000000000000000000000000000000087
:10D9A0000000000000000000000000000000000077
:10D9B0000000000000000000000000000000000067
:10D9C0000000000000000000000000000000000057
:10D9D0000000000000000000000000000000000047
:10D9E0000000000000000000000000000000000037
:10D9F0000000000000000000000000000000000027
:10DA00000000000000000000000000000000000016
:10DA10000000000000000000000000000000000006
:10DA200000000000000000000000000000000000F6
:10DA300000000000000000000000000000000000E6
:10DA400000000000000000000000000000000000D6
:10DA500000000000000000000000000000000000C6
:10DA600000000000000000000000000000000000B6
:10DA700000000000000000000000000000000000A6
:10DA80000000000000000000000000000000000096
:10DA90000000000000000000000000000000000086
:10DAA0000000000000000000000000000000000076
:10DAB0000000000000000000000000000000000066
:10DAC0000000000000000000000000000000000056
:10DAD0000000000000000000000000000000000046
:10DAE0000000000000000000000000000000000036
:10DAF0000000000000000000000000000000000026
:10DB00000000000000000000000000000000000015
:10DB10000000000000000000000000000000000005
:10DB200000000000000000000000000000000000F5
:10DB300000000000000000000000000000000000E5
:10DB400000000000000000000000000000000000D5
:10DB500000000000000000000000000000000000C5
:10DB600000000000000000000000000000000000B5
:10DB700000000000000000000000000000000000A5
:10DB80000000000000000000000000000000000095
:10DB90000000000000000000000000000000000085
:10DBA0000000000000000000000000000000000075
:10DBB0000000000000000000000000000000000065
:10DBC0000000000000000000000000000000000055
:10DBD0000000000000000000000000000000000045
:10DBE0000000000000000000000000000000000035
:10DBF0000000000000000000000000000000000025
:10DC00000000000000000000000000000000000014
:10DC10000000000000000000000000000000000004
:10DC200000000000000000000000000000000000F4
:10DC300000000000000000000000000000000000E4
:10DC400000000000000000000000000000000000D4
:10DC500000000000000000000000000000000000C4
:10DC600000000000000000000000000000000000B4
:10DC700000000000000000000000000000000000A4
:10DC80000000000000000000000000000000000094
:10DC90000000000000000000000000000000000084
:10DCA0000000000000000000000000000000000074
:10DCB0000000000000000000000000000000000064
:10DCC0000000000000000000000000000000000054
:10DCD0000000000000000000000000000000000044
:10DCE0000000000000000000000000000000000034
:10DCF0000000000000000000000000000000000024
:10DD00000000000000000000000000000000000013
:10DD10000000000000000000000000000000000003
:10DD200000000000000000000000000000000000F3
:10DD300000000000000000000000000000000000E3
:10DD400000000000000000000000000000000000D3
:10DD500000000000000000000000000000000000C3
:10DD600000000000000000000000000000000000B3
:10DD700000000000000000000000000000000000A3
:10DD80000000000000000000000000000000000093
:10DD90000000000000000000000000000000000083
:10DDA0000000000000000000000000000000000073
:10DDB0000000000000000000000000000000000063
:10DDC0000000000000000000000000000000000053
:10DDD0000000000000000000000000000000000043
:10DDE0000000000000000000000000000000000033
:10DDF0000000000000000000000000000000000023
:10DE00000000000000000000000000000000000012
:10DE10000000000000000000000000000000000002
:10DE200000000000000000000000000000000000F2
:10DE300000000000000000000000000000000000E2
:10DE400000000000000000000000000000000000D2
:10DE500000000000000000000000000000000000C2
:10DE600000000000000000000000000000000000B2
:10DE700000000000000000000000000000000000A2
:10DE80000000000000000000000000000000000092
:10DE90000000000000000000000000000000000082
:10DEA0000000000000000000000000000000000072
:10DEB0000000000000000000000000000000000062
:10DEC0000000000000000000000000000000000052
:10DED0000000000000000000000000000000000042
:10DEE0000000000000000000000000000000000032
:10DEF0000000000000000000000000000000000022
:10DF00000000000000000000000000000000000011
:10DF10000000000000000000000000000000000001
:10DF200000000000000000000000000000000000F1
:10DF300000000000000000000000000000000000E1
:10DF400000000000000000000000000000000000D1
:10DF500000000000000000000000000000000000C1
:10DF600000000000000000000000000000000000B1
:10DF700000000000000000000000000000000000A1
:10DF80000000000000000000000000000000000091
:10DF90000000000000000000000000000000000081
:10DFA0000000000000000000000000000000000071
:10DFB0000000000000000000000000000000000061
:10DFC0000000000000000000000000000000000051
:10DFD0000000000000000000000000000000000041
:10DFE0000000000000000000000000000000000031
:10DFF0000000000000000000000000000000000021
:10E000000000000000000000000000000000000010
:10E010000000000000000000000000000000000000
:10E0200000000000000000000000000000000000F0
:10E0300000000000000000000000000000000000E0
:10E0400000000000000000000000000000000000D0
:10E0500000000000000000000000000000000000C0
:10E0600000000000000000000000000000000000B0
:10E0700000000000000000000000000000000000A0
:10E080000000000000000000000000000000000090
:10E090000000000000000000000000000000000080
:10E0A0000000000000000000000000000000000070
:10E0B0000000000000000000000000000000000060
:10E0C0000000000000000000000000000000000050
:10E0D0000000000000000000000000000000000040
:10E0E0000000000000000000000000000000000030
:10E0F0000000000000000000000000000000000020
:10E10000000000000000000000000000000000000F
:10E1100000000000000000000000000000000000FF
:10E1200000000000000000000000000000000000EF
:10E1300000000000000000000000000000000000DF
:10E1400000000000000000000000000000000000CF
:10E1500000000000000000000000000000000000BF
:10E1600000000000000000000000000000000000AF
:10E17000000000000000000000000000000000009F
:10E18000000000000000000000000000000000008F
:10E19000000000000000000000000000000000007F
:10E1A000000000000000000000000000000000006F
:10E1B000000000000000000000000000000000005F
:10E1C000000000000000000000000000000000004F
:10E1D000000000000000000000000000000000003F
:10E1E000000000000000000000000000000000002F
:10E1F000000000000000000000000000000000001F
:10E20000000000000000000000000000000000000E
:10E2100000000000000000000000000000000000FE
:10E2200000000000000000000000000000000000EE
:10E2300000000000000000000000000000000000DE
:10E2400000000000000000000000000000000000CE
:10E2500000000000000000000000000000000000BE
:10E2600000000000000000000000000000000000AE
:10E27000000000000000000000000000000000009E
:10E28000000000000000000000000000000000008E
:10E29000000000000000000000000000000000007E
:10E2A000000000000000000000000000000000006E
:10E2B000000000000000000000000000000000005E
:10E2C000000000000000000000000000000000004E
:10E2D000000000000000000000000000000000003E
:10E2E000000000000000000000000000000000002E
:10E2F000000000000000000000000000000000001E
:10E30000000000000000000000000000000000000D
:10E3100000000000000000000000000000000000FD
:10E3200000000000000000000000000000000000ED
:10E3300000000000000000000000000000000000DD
:10E3400000000000000000000000000000000000CD
:10E3500000000000000000000000000000000000BD
:10E3600000000000000000000000000000000000AD
:10E37000000000000000000000000000000000009D
:10E38000000000000000000000000000000000008D
:10E39000000000000000000000000000000000007D
:10E3A000000000000000000000000000000000006D
:10E3B000000000000000000000000000000000005D
:10E3C000000000000000000000000000000000004D
:10E3D000000000000000000000000000000000003D
:10E3E000000000000000000000000000000000002D
:10E3F000000000000000000000000000000000001D
:10E40000000000000000000000000000000000000C
:10E4100000000000000000000000000000000000FC
:10E4200000000000000000000000000000000000EC
:10E4300000000000000000000000000000000000DC
:10E4400000000000000000000000000000000000CC
:10E4500000000000000000000000000000000000BC
:10E4600000000000000000000000000000000000AC
:10E47000000000000000000000000000000000009C
:10E48000000000000000000000000000000000008C
:10E49000000000000000000000000000000000007C
:10E4A000000000000000000000000000000000006C
:10E4B000000000000000000000000000000000005C
:10E4C000000000000000000000000000000000004C
:10E4D000000000000000000000000000000000003C
:10E4E000000000000000000000000000000000002C
:10E4F000000000000000000000000000000000001C
:10E50000000000000000000000000000000000000B
:10E5100000000000000000000000000000000000FB
:10E5200000000000000000000000000000000000EB
:10E5300000000000000000000000000000000000DB
:10E5400000000000000000000000000000000000CB
:10E5500000000000000000000000000000000000BB
:10E5600000000000000000000000000000000000AB
:10E57000000000000000000000000000000000009B
:10E58000000000000000000000000000000000008B
:10E59000000000000000000000000000000000007B
:10E5A000000000000000000000000000000000006B
:10E5B000000000000000000000000000000000005B
:10E5C000000000000000000000000000000000004B
:10E5D000000000000000000000000000000000003B
:10E5E000000000000000000000000000000000002B
:10E5F000000000000000000000000000000000001B
:10E60000000000000000000000000000000000000A
:10E6100000000000000000000000000000000000FA
:10E6200000000000000000000000000000000000EA
:10E6300000000000000000000000000000000000DA
:10E6400000000000000000000000000000000000CA
:10E6500000000000000000000000000000000000BA
:10E6600000000000000000000000000000000000AA
:10E67000000000000000000000000000000000009A
:10E68000000000000000000000000000000000008A
:10E69000000000000000000000000000000000007A
:10E6A000000000000000000000000000000000006A
:10E6B000000000000000000000000000000000005A
:10E6C000000000000000000000000000000000004A
:10E6D000000000000000000000000000000000003A
:10E6E000000000000000000000000000000000002A
:10E6F000000000000000000000000000000000001A
:10E700000000000000000000000000000000000009
:10E7100000000000000000000000000000000000F9
:10E7200000000000000000000000000000000000E9
:10E7300000000000000000000000000000000000D9
:10E7400000000000000000000000000000000000C9
:10E7500000000000000000000000000000000000B9
:10E7600000000000000000000000000000000000A9
:10E770000000000000000000000000000000000099
:10E780000000000000000000000000000000000089
:10E790000000000000000000000000000000000079
:10E7A0000000000000000000000000000000000069
:10E7B0000000000000000000000000000000000059
:10E7C0000000000000000000000000000000000049
:10E7D0000000000000000000000000000000000039
:10E7E0000000000000000000000000000000000029
:10E7F0000000000000000000000000000000000019
:10E800000000000000000000000000000000000008
:10E8100000000000000000000000000000000000F8
:10E8200000000000000000000000000000000000E8
:10E8300000000000000000000000000000000000D8
:10E8400000000000000000000000000000000000C8
:10E8500000000000000000000000000000000000B8
:10E8600000000000000000000000000000000000A8
:10E870000000000000000000000000000000000098
:10E880000000000000000000000000000000000088
:10E890000000000000000000000000000000000078
:10E8A0000000000000000000000000000000000068
:10E8B0000000000000000000000000000000000058
:10E8C0000000000000000000000000000000000048
:10E8D0000000000000000000000000000000000038
:10E8E0000000000000000000000000000000000028
:10E8F0000000000000000000000000000000000018
:10E900000000000000000000000000000000000007
:10E9100000000000000000000000000000000000F7
:10E9200000000000000000000000000000000000E7
:10E9300000000000000000000000000000000000D7
:10E9400000000000000000000000000000000000C7
:10E9500000000000000000000000000000000000B7
:10E9600000000000000000000000000000000000A7
:10E970000000000000000000000000000000000097
:10E980000000000000000000000000000000000087
:10E990000000000000000000000000000000000077
:10E9A0000000000000000000000000000000000067
:10E9B0000000000000000000000000000000000057
:10E9C0000000000000000000000000000000000047
:10E9D0000000000000000000000000000000000037
:10E9E0000000000000000000000000000000000027
:10E9F0000000000000000000000000000000000017
:10EA00000000000000000000000000000000000006
:10EA100000000000000000000000000000000000F6
:10EA200000000000000000000000000000000000E6
:10EA300000000000000000000000000000000000D6
:10EA400000000000000000000000000000000000C6
:10EA500000000000000000000000000000000000B6
:10EA600000000000000000000000000000000000A6
:10EA70000000000000000000000000000000000096
:10EA80000000000000000000000000000000000086
:10EA90000000000000000000000000000000000076
:10EAA0000000000000000000000000000000000066
:10EAB0000000000000000000000000000000000056
:10EAC0000000000000000000000000000000000046
:10EAD0000000000000000000000000000000000036
:10EAE0000000000000000000000000000000000026
:10EAF0000000000000000000000000000000000016
:10EB00000000000000000000000000000000000005
:10EB100000000000000000000000000000000000F5
:10EB200000000000000000000000000000000000E5
:10EB300000000000000000000000000000000000D5
:10EB400000000000000000000000000000000000C5
:10EB500000000000000000000000000000000000B5
:10EB600000000000000000000000000000000000A5
:10EB70000000000000000000000000000000000095
:10EB80000000000000000000000000000000000085
:10EB90000000000000000000000000000000000075
:10EBA0000000000000000000000000000000000065
:10EBB0000000000000000000000000000000000055
:10EBC0000000000000000000000000000000000045
:10EBD0000000000000000000000000000000000035
:10EBE0000000000000000000000000000000000025
:10EBF0000000000000000000000000000000000015
:10EC00000000000000000000000000000000000004
:10EC100000000000000000000000000000000000F4
:10EC200000000000000000000000000000000000E4
:10EC300000000000000000000000000000000000D4
:10EC400000000000000000000000000000000000C4
:10EC500000000000000000000000000000000000B4
:10EC600000000000000000000000000000000000A4
:10EC70000000000000000000000000000000000094
:10EC80000000000000000000000000000000000084
:10EC90000000000000000000000000000000000074
:10ECA0000000000000000000000000000000000064
:10ECB0000000000000000000000000000000000054
:10ECC0000000000000000000000000000000000044
:10ECD0000000000000000000000000000000000034
:10ECE0000000000000000000000000000000000024
:10ECF0000000000000000000000000000000000014
:10ED00000000000000000000000000000000000003
:10ED100000000000000000000000000000000000F3
:10ED200000000000000000000000000000000000E3
:10ED300000000000000000000000000000000000D3
:10ED400000000000000000000000000000000000C3
:10ED500000000000000000000000000000000000B3
:10ED600000000000000000000000000000000000A3
:10ED70000000000000000000000000000000000093
:10ED80000000000000000000000000000000000083
:10ED90000000000000000000000000000000000073
:10EDA0000000000000000000000000000000000063
:10EDB0000000000000000000000000000000000053
:10EDC0000000000000000000000000000000000043
:10EDD0000000000000000000000000000000000033
:10EDE0000000000000000000000000000000000023
:10EDF0000000000000000000000000000000000013
:10EE00000000000000000000000000000000000002
:10EE100000000000000000000000000000000000F2
:10EE200000000000000000000000000000000000E2
:10EE300000000000000000000000000000000000D2
:10EE400000000000000000000000000000000000C2
:10EE500000000000000000000000000000000000B2
:10EE600000000000000000000000000000000000A2
:10EE70000000000000000000000000000000000092
:10EE80000000000000000000000000000000000082
:10EE90000000000000000000000000000000000072
:10EEA0000000000000000000000000000000000062
:10EEB0000000000000000000000000000000000052
:10EEC0000000000000000000000000000000000042
:10EED0000000000000000000000000000000000032
:10EEE0000000000000000000000000000000000022
:10EEF0000000000000000000000000000000000012
:10EF00000000000000000000000000000000000001
:10EF100000000000000000000000000000000000F1
:10EF200000000000000000000000000000000000E1
:10EF300000000000000000000000000000000000D1
:10EF400000000000000000000000000000000000C1
:10EF500000000000000000000000000000000000B1
:10EF600000000000000000000000000000000000A1
:10EF70000000000000000000000000000000000091
:10EF80000000000000000000000000000000000081
:10EF90000000000000000000000000000000000071
:10EFA0000000000000000000000000000000000061
:10EFB0000000000000000000000000000000000051
:10EFC0000000000000000000000000000000000041
:10EFD0000000000000000000000000000000000031
:10EFE0000000000000000000000000000000000021
:10EFF0000000000000000000000000000000000011
:10F000000000000000000000000000000000000000
:10F0100000000000000000000000000000000000F0
:10F0200000000000000000000000000000000000E0
:10F0300000000000000000000000000000000000D0
:10F0400000000000000000000000000000000000C0
:10F0500000000000000000000000000000000000B0
:10F0600000000000000000000000000000000000A0
:10F070000000000000000000000000000000000090
:10F080000000000000000000000000000000000080
:10F090000000000000000000000000000000000070
:10F0A0000000000000000000000000000000000060
:10F0B0000000000000000000000000000000000050
:10F0C0000000000000000000000000000000000040
:10F0D0000000000000000000000000000000000030
:10F0E0000000000000000000000000000000000020
:10F0F0000000000000000000000000000000000010
:10F1000000000000000000000000000000000000FF
:10F1100000000000000000000000000000000000EF
:10F1200000000000000000000000000000000000DF
:10F1300000000000000000000000000000000000CF
:10F1400000000000000000000000000000000000BF
:10F1500000000000000000000000000000000000AF
:10F16000000000000000000000000000000000009F
:10F17000000000000000000000000000000000008F
:10F18000000000000000000000000000000000007F
:10F19000000000000000000000000000000000006F
:10F1A000000000000000000000000000000000005F
:10F1B000000000000000000000000000000000004F
:10F1C000000000000000000000000000000000003F
:10F1D000000000000000000000000000000000002F
:10F1E000000000000000000000000000000000001F
:10F1F000000000000000000000000000000000000F
:10F2000000000000000000000000000000000000FE
:10F2100000000000000000000000000000000000EE
:10F2200000000000000000000000000000000000DE
:10F2300000000000000000000000000000000000CE
:10F2400000000000000000000000000000000000BE
:10F2500000000000000000000000000000000000AE
:10F26000000000000000000000000000000000009E
:10F27000000000000000000000000000000000008E
:10F28000000000000000000000000000000000007E
:10F29000000000000000000000000000000000006E
:10F2A000000000000000000000000000000000005E
:10F2B000000000000000000000000000000000004E
:10F2C000000000000000000000000000000000003E
:10F2D000000000000000000000000000000000002E
:10F2E000000000000000000000000000000000001E
:10F2F000000000000000000000000000000000000E
:10F3000000000000000000000000000000000000FD
:10F3100000000000000000000000000000000000ED
:10F3200000000000000000000000000000000000DD
:10F3300000000000000000000000000000000000CD
:10F3400000000000000000000000000000000000BD
:10F3500000000000000000000000000000000000AD
:10F36000000000000000000000000000000000009D
:10F37000000000000000000000000000000000008D
:10F38000000000000000000000000000000000007D
:10F39000000000000000000000000000000000006D
:10F3A000000000000000000000000000000000005D
:10F3B000000000000000000000000000000000004D
:10F3C000000000000000000000000000000000003D
:10F3D000000000000000000000000000000000002D
:10F3E000000000000000000000000000000000001D
:10F3F000000000000000000000000000000000000D
:10F4000000000000000000000000000000000000FC
:10F4100000000000000000000000000000000000EC
:10F4200000000000000000000000000000000000DC
:10F4300000000000000000000000000000000000CC
:10F4400000000000000000000000000000000000BC
:10F4500000000000000000000000000000000000AC
:10F46000000000000000000000000000000000009C
:10F47000000000000000000000000000000000008C
:10F48000000000000000000000000000000000007C
:10F49000000000000000000000000000000000006C
:10F4A000000000000000000000000000000000005C
:10F4B000000000000000000000000000000000004C
:10F4C000000000000000000000000000000000003C
:10F4D000000000000000000000000000000000002C
:10F4E000000000000000000000000000000000001C
:10F4F000000000000000000000000000000000000C
:10F5000000000000000000000000000000000000FB
:10F5100000000000000000000000000000000000EB
:10F5200000000000000000000000000000000000DB
:10F5300000000000000000000000000000000000CB
:10F5400000000000000000000000000000000000BB
:10F5500000000000000000000000000000000000AB
:10F56000000000000000000000000000000000009B
:10F57000000000000000000000000000000000008B
:10F58000000000000000000000000000000000007B
:10F59000000000000000000000000000000000006B
:10F5A000000000000000000000000000000000005B
:10F5B000000000000000000000000000000000004B
:10F5C000000000000000000000000000000000003B
:10F5D000000000000000000000000000000000002B
:10F5E000000000000000000000000000000000001B
:10F5F000000000000000000000000000000000000B
:10F6000000000000000000000000000000000000FA
:10F6100000000000000000000000000000000000EA
:10F6200000000000000000000000000000000000DA
:10F6300000000000000000000000000000000000CA
:10F6400000000000000000000000000000000000BA
:10F6500000000000000000000000000000000000AA
:10F66000000000000000000000000000000000009A
:10F67000000000000000000000000000000000008A
:10F68000000000000000000000000000000000007A
:10F69000000000000000000000000000000000006A
:10F6A000000000000000000000000000000000005A
:10F6B000000000000000000000000000000000004A
:10F6C000000000000000000000000000000000003A
:10F6D000000000000000000000000000000000002A
:10F6E000000000000000000000000000000000001A
:10F6F000000000000000000000000000000000000A
:10F7000000000000000000000000000000000000F9
:10F7100000000000000000000000000000000000E9
:10F7200000000000000000000000000000000000D9
:10F7300000000000000000000000000000000000C9
:10F7400000000000000000000000000000000000B9
:10F7500000000000000000000000000000000000A9
:10F760000000000000000000000000000000000099
:10F770000000000000000000000000000000000089
:10F780000000000000000000000000000000000079
:10F790000000000000000000000000000000000069
:10F7A0000000000000000000000000000000000059
:10F7B0000000000000000000000000000000000049
:10F7C0000000000000000000000000000000000039
:10F7D0000000000000000000000000000000000029
:10F7E0000000000000000000000000000000000019
:10F7F0000000000000000000000000000000000009
:10F8000000000000000000000000000000000000F8
:10F8100000000000000000000000000000000000E8
:10F8200000000000000000000000000000000000D8
:10F8300000000000000000000000000000000000C8
:10F8400000000000000000000000000000000000B8
:10F8500000000000000000000000000000000000A8
:10F860000000000000000000000000000000000098
:10F870000000000000000000000000000000000088
:10F880000000000000000000000000000000000078
:10F890000000000000000000000000000000000068
:10F8A0000000000000000000000000000000000058
:10F8B0000000000000000000000000000000000048
:10F8C0000000000000000000000000000000000038
:10F8D0000000000000000000000000000000000028
:10F8E0000000000000000000000000000000000018
:10F8F0000000000000000000000000000000000008
:10F9000000000000000000000000000000000000F7
:10F9100000000000000000000000000000000000E7
:10F9200000000000000000000000000000000000D7
:10F9300000000000000000000000000000000000C7
:10F9400000000000000000000000000000000000B7
:10F9500000000000000000000000000000000000A7
:10F960000000000000000000000000000000000097
:10F970000000000000000000000000000000000087
:10F980000000000000000000000000000000000077
:10F990000000000000000000000000000000000067
:10F9A0000000000000000000000000000000000057
:10F9B0000000000000000000000000000000000047
:10F9C0000000000000000000000000000000000037
:10F9D0000000000000000000000000000000000027
:10F9E0000000000000000000000000000000000017
:10F9F0000000000000000000000000000000000007
:10FA000000000000000000000000000000000000F6
:10FA100000000000000000000000000000000000E6
:10FA200000000000000000000000000000000000D6
:10FA300000000000000000000000000000000000C6
:10FA400000000000000000000000000000000000B6
:10FA500000000000000000000000000000000000A6
:10FA60000000000000000000000000000000000096
:10FA70000000000000000000000000000000000086
:10FA80000000000000000000000000000000000076
:10FA90000000000000000000000000000000000066
:10FAA0000000000000000000000000000000000056
:10FAB0000000000000000000000000000000000046
:10FAC0000000000000000000000000000000000036
:10FAD0000000000000000000000000000000000026
:10FAE0000000000000000000000000000000000016
:10FAF0000000000000000000000000000000000006
:10FB000000000000000000000000000000000000F5
:10FB100000000000000000000000000000000000E5
:10FB200000000000000000000000000000000000D5
:10FB300000000000000000000000000000000000C5
:10FB400000000000000000000000000000000000B5
:10FB500000000000000000000000000000000000A5
:10FB60000000000000000000000000000000000095
:10FB70000000000000000000000000000000000085
:10FB80000000000000000000000000000000000075
:10FB90000000000000000000000000000000000065
:10FBA0000000000000000000000000000000000055
:10FBB0000000000000000000000000000000000045
:10FBC0000000000000000000000000000000000035
:10FBD0000000000000000000000000000000000025
:10FBE0000000000000000000000000000000000015
:10FBF0000000000000000000000000000000000005
:10FC000000000000000000000000000000000000F4
:10FC100000000000000000000000000000000000E4
:10FC200000000000000000000000000000000000D4
:10FC300000000000000000000000000000000000C4
:10FC400000000000000000000000000000000000B4
:10FC500000000000000000000000000000000000A4
:10FC60000000000000000000000000000000000094
:10FC70000000000000000000000000000000000084
:10FC80000000000000000000000000000000000074
:10FC90000000000000000000000000000000000064
:10FCA0000000000000000000000000000000000054
:10FCB0000000000000000000000000000000000044
:10FCC0000000000000000000000000000000000034
:10FCD0000000000000000000000000000000000024
:10FCE0000000000000000000000000000000000014
:10FCF0000000000000000000000000000000000004
:10FD000000000000000000000000000000000000F3
:10FD100000000000000000000000000000000000E3
:10FD200000000000000000000000000000000000D3
:10FD300000000000000000000000000000000000C3
:10FD400000000000000000000000000000000000B3
:10FD500000000000000000000000000000000000A3
:10FD60000000000000000000000000000000000093
:10FD70000000000000000000000000000000000083
:10FD80000000000000000000000000000000000073
:10FD90000000000000000000000000000000000063
:10FDA0000000000000000000000000000000000053
:10FDB0000000000000000000000000000000000043
:10FDC0000000000000000000000000000000000033
:10FDD0000000000000000000000000000000000023
:10FDE0000000000000000000000000000000000013
:10FDF0000000000000000000000000000000000003
:10FE000000000000000000000000000000000000F2
:10FE100000000000000000000000000000000000E2
:10FE200000000000000000000000000000000000D2
:10FE300000000000000000000000000000000000C2
:10FE400000000000000000000000000000000000B2
:10FE500000000000000000000000000000000000A2
:10FE60000000000000000000000000000000000092
:10FE70000000000000000000000000000000000082
:10FE80000000000000000000000000000000000072
:10FE90000000000000000000000000000000000062
:10FEA0000000000000000000000000000000000052
:10FEB0000000000000000000000000000000000042
:10FEC0000000000000000000000000000000000032
:10FED0000000000000000000000000000000000022
:10FEE0000000000000000000000000000000000012
:10FEF0000000000000000000000000000000000002
:10FF000000000000000000000000000000000000F1
:10FF100000000000000000000000000000000000E1
:10FF200000000000000000000000000000000000D1
:10FF300000000000000000000000000000000000C1
:10FF400000000000000000000000000000000000B1
:10FF500000000000000000000000000000000000A1
:10FF60000000000000000000000000000000000091
:10FF70000000000000000000000000000000000081
:10FF80000000000000000000000000000000000071
:10FF90000000000000000000000000000000000061
:10FFA0000000000000000000000000000000000051
:10FFB0000000000000000000000000000000000041
:10FFC0000000000000000000000000000000000031
:10FFD0000000000000000000000000000000000021
:10FFE0000000000000000000000000000000000011
:10FFF0000000000000000000000000000000000001
:020000040C08E6
:1000000000000000000000000000000000000000F0
:1000100000000000000000000000000000000000E0
:1000200000000000000000000000000000000000D0
:1000300000000000000000000000000000000000C0
:1000400000000000000000000000000000000000B0
:1000500000000000000000000000000000000000A0
:100060000000000000000000000000000000000090
:100070000000000000000000000000000000000080
:100080000000000000000000000000000000000070
:100090000000000000000000000000000000000060
:1000A0000000000000000000000000000000000050
:1000B0000000000000000000000000000000000040
:1000C0000000000000000000000000000000000030
:1000D0000000000000000000000000000000000020
:1000E0000000000000000000000000000000000010
:1000F0000000000000000000000000000000000000
:1001000000000000000000000000000000000000EF
:1001100000000000000000000000000000000000DF
:1001200000000000000000000000000000000000CF
:1001300000000000000000000000000000000000BF
:1001400000000000000000000000000000000000AF
:10015000000000000000000000000000000000009F
:10016000000000000000000000000000000000008F
:10017000000000000000000000000000000000007F
:10018000000000000000000000000000000000006F
:10019000000000000000000000000000000000005F
:1001A000000000000000000000000000000000004F
:1001B000000000000000000000000000000000003F
:1001C000000000000000000000000000000000002F
:1001D000000000000000000000000000000000001F
:1001E000000000000000000000000000000000000F
:1001F00000000000000000000000000000000000FF
:1002000000000000000000000000000000000000EE
:1002100000000000000000000000000000000000DE
:1002200000000000000000000000000000000000CE
:1002300000000000000000000000000000000000BE
:1002400000000000000000000000000000000000AE
:10025000000000000000000000000000000000009E
:10026000000000000000000000000000000000008E
:10027000000000000000000000000000000000007E
:10028000000000000000000000000000000000006E
:10029000000000000000000000000000000000005E
:1002A000000000000000000000000000000000004E
:1002B000000000000000000000000000000000003E
:1002C000000000000000000000000000000000002E
:1002D000000000000000000000000000000000001E
:1002E000000000000000000000000000000000000E
:1002F00000000000000000000000000000000000FE
:1003000000000000000000000000000000000000ED
:1003100000000000000000000000000000000000DD
:1003200000000000000000000000000000000000CD
:1003300000000000000000000000000000000000BD
:1003400000000000000000000000000000000000AD
:10035000000000000000000000000000000000009D
:10036000000000000000000000000000000000008D
:10037000000000000000000000000000000000007D
:10038000000000000000000000000000000000006D
:10039000000000000000000000000000000000005D
:1003A000000000000000000000000000000000004D
:1003B000000000000000000000000000000000003D
:1003C000000000000000000000000000000000002D
:1003D000000000000000000000000000000000001D
:1003E000000000000000000000000000000000000D
:1003F00000000000000000000000000000000000FD
:1004000000000000000000000000000000000000EC
:1004100000000000000000000000000000000000DC
:1004200000000000000000000000000000000000CC
:1004300000000000000000000000000000000000BC
:1004400000000000000000000000000000000000AC
:10045000000000000000000000000000000000009C
:10046000000000000000000000000000000000008C
:10047000000000000000000000000000000000007C
:10048000000000000000000000000000000000006C
:10049000000000000000000000000000000000005C
:1004A000000000000000000000000000000000004C
:1004B000000000000000000000000000000000003C
:1004C000000000000000000000000000000000002C
:1004D000000000000000000000000000000000001C
:1004E000000000000000000000000000000000000C
:1004F00000000000000000000000000000000000FC
:1005000000000000000000000000000000000000EB
:1005100000000000000000000000000000000000DB
:1005200000000000000000000000000000000000CB
:1005300000000000000000000000000000000000BB
:1005400000000000000000000000000000000000AB
:10055000000000000000000000000000000000009B
:10056000000000000000000000000000000000008B
:10057000000000000000000000000000000000007B
:10058000000000000000000000000000000000006B
:10059000000000000000000000000000000000005B
:1005A000000000000000000000000000000000004B
:1005B000000000000000000000000000000000003B
:1005C000000000000000000000000000000000002B
:1005D000000000000000000000000000000000001B
:1005E000000000000000000000000000000000000B
:1005F00000000000000000000000000000000000FB
:1006000000000000000000000000000000000000EA
:1006100000000000000000000000000000000000DA
:1006200000000000000000000000000000000000CA
:1006300000000000000000000000000000000000BA
:1006400000000000000000000000000000000000AA
:10065000000000000000000000000000000000009A
:10066000000000000000000000000000000000008A
:10067000000000000000000000000000000000007A
:10068000000000000000000000000000000000006A
:10069000000000000000000000000000000000005A
:1006A000000000000000000000000000000000004A
:1006B000000000000000000000000000000000003A
:1006C000000000000000000000000000000000002A
:1006D000000000000000000000000000000000001A
:1006E000000000000000000000000000000000000A
:1006F00000000000000000000000000000000000FA
:1007000000000000000000000000000000000000E9
:1007100000000000000000000000000000000000D9
:1007200000000000000000000000000000000000C9
:1007300000000000000000000000000000000000B9
:1007400000000000000000000000000000000000A9
:100750000000000000000000000000000000000099
:100760000000000000000000000000000000000089
:100770000000000000000000000000000000000079
:100780000000000000000000000000000000000069
:100790000000000000000000000000000000000059
:1007A0000000000000000000000000000000000049
:1007B0000000000000000000000000000000000039
:1007C0000000000000000000000000000000000029
:1007D0000000000000000000000000000000000019
:1007E0000000000000000000000000000000000009
:1007F00000000000000000000000000000000000F9
:1008000000000000000000000000000000000000E8
:1008100000000000000000000000000000000000D8
:1008200000000000000000000000000000000000C8
:1008300000000000000000000000000000000000B8
:1008400000000000000000000000000000000000A8
:100850000000000000000000000000000000000098
:100860000000000000000000000000000000000088
:100870000000000000000000000000000000000078
:100880000000000000000000000000000000000068
:100890000000000000000000000000000000000058
:1008A0000000000000000000000000000000000048
:1008B0000000000000000000000000000000000038
:1008C0000000000000000000000000000000000028
:1008D0000000000000000000000000000000000018
:1008E0000000000000000000000000000000000008
:1008F00000000000000000000000000000000000F8
:1009000000000000000000000000000000000000E7
:1009100000000000000000000000000000000000D7
:1009200000000000000000000000000000000000C7
:1009300000000000000000000000000000000000B7
:1009400000000000000000000000000000000000A7
:100950000000000000000000000000000000000097
:100960000000000000000000000000000000000087
:100970000000000000000000000000000000000077
:100980000000000000000000000000000000000067
:100990000000000000000000000000000000000057
:1009A0000000000000000000000000000000000047
:1009B0000000000000000000000000000000000037
:1009C0000000000000000000000000000000000027
:1009D0000000000000000000000000000000000017
:1009E0000000000000000000000000000000000007
:1009F00000000000000000000000000000000000F7
:100A000000000000000000000000000000000000E6
:100A100000000000000000000000000000000000D6
:100A200000000000000000000000000000000000C6
:100A300000000000000000000000000000000000B6
:100A400000000000000000000000000000000000A6
:100A50000000000000000000000000000000000096
:100A60000000000000000000000000000000000086
:100A70000000000000000000000000000000000076
:100A80000000000000000000000000000000000066
:100A90000000000000000000000000000000000056
:100AA0000000000000000000000000000000000046
:100AB0000000000000000000000000000000000036
:100AC0000000000000000000000000000000000026
:100AD0000000000000000000000000000000000016
:100AE0000000000000000000000000000000000006
:100AF00000000000000000000000000000000000F6
:100B000000000000000000000000000000000000E5
:100B100000000000000000000000000000000000D5
:100B200000000000000000000000000000000000C5
:100B300000000000000000000000000000000000B5
:100B400000000000000000000000000000000000A5
:100B50000000000000000000000000000000000095
:100B60000000000000000000000000000000000085
:100B70000000000000000000000000000000000075
:100B80000000000000000000000000000000000065
:100B90000000000000000000000000000000000055
:100BA0000000000000000000000000000000000045
:100BB0000000000000000000000000000000000035
:100BC0000000000000000000000000000000000025
:100BD0000000000000000000000000000000000015
:100BE0000000000000000000000000000000000005
:100BF00000000000000000000000000000000000F5
:100C000000000000000000000000000000000000E4
:100C100000000000000000000000000000000000D4
:100C200000000000000000000000000000000000C4
:100C300000000000000000000000000000000000B4
:100C400000000000000000000000000000000000A4
:100C50000000000000000000000000000000000094
:100C60000000000000000000000000000000000084
:100C70000000000000000000000000000000000074
:100C80000000000000000000000000000000000064
:100C90000000000000000000000000000000000054
:100CA0000000000000000000000000000000000044
:100CB0000000000000000000000000000000000034
:100CC0000000000000000000000000000000000024
:100CD0000000000000000000000000000000000014
:100CE0000000000000000000000000000000000004
:100CF00000000000000000000000000000000000F4
:100D000000000000000000000000000000000000E3
:100D100000000000000000000000000000000000D3
:100D200000000000000000000000000000000000C3
:100D300000000000000000000000000000000000B3
:100D400000000000000000000000000000000000A3
:100D50000000000000000000000000000000000093
:100D60000000000000000000000000000000000083
:100D70000000000000000000000000000000000073
:100D80000000000000000000000000000000000063
:100D90000000000000000000000000000000000053
:100DA0000000000000000000000000000000000043
:100DB0000000000000000000000000000000000033
:100DC0000000000000000000000000000000000023
:100DD0000000000000000000000000000000000013
:100DE0000000000000000000000000000000000003
:100DF00000000000000000000000000000000000F3
:100E000000000000000000000000000000000000E2
:100E100000000000000000000000000000000000D2
:100E200000000000000000000000000000000000C2
:100E300000000000000000000000000000000000B2
:100E400000000000000000000000000000000000A2
:100E50000000000000000000000000000000000092
:100E60000000000000000000000000000000000082
:100E70000000000000000000000000000000000072
:100E80000000000000000000000000000000000062
:100E90000000000000000000000000000000000052
:100EA0000000000000000000000000000000000042
:100EB0000000000000000000000000000000000032
:100EC0000000000000000000000000000000000022
:100ED0000000000000000000000000000000000012
:100EE0000000000000000000000000000000000002
:100EF00000000000000000000000000000000000F2
:100F000000000000000000000000000000000000E1
:100F100000000000000000000000000000000000D1
:100F200000000000000000000000000000000000C1
:100F300000000000000000000000000000000000B1
:100F400000000000000000000000000000000000A1
:100F50000000000000000000000000000000000091
:100F60000000000000000000000000000000000081
:100F70000000000000000000000000000000000071
:100F80000000000000000000000000000000000061
:100F90000000000000000000000000000000000051
:100FA0000000000000000000000000000000000041
:100FB0000000000000000000000000000000000031
:100FC0000000000000000000000000000000000021
:100FD0000000000000000000000000000000000011
:100FE0000000000000000000000000000000000001
:100FF00000000000000000000000000000000000F1
:1010000000000000000000000000000000000000E0
:1010100000000000000000000000000000000000D0
:1010200000000000000000000000000000000000C0
:1010300000000000000000000000000000000000B0
:1010400000000000000000000000000000000000A0
:101050000000000000000000000000000000000090
:101060000000000000000000000000000000000080
:101070000000000000000000000000000000000070
:101080000000000000000000000000000000000060
:101090000000000000000000000000000000000050
:1010A0000000000000000000000000000000000040
:1010B0000000000000000000000000000000000030
:1010C0000000000000000000000000000000000020
:1010D0000000000000000000000000000000000010
:1010E0000000000000000000000000000000000000
:1010F00000000000000000000000000000000000F0
:1011000000000000000000000000000000000000DF
:1011100000000000000000000000000000000000CF
:1011200000000000000000000000000000000000BF
:1011300000000000000000000000000000000000AF
:10114000000000000000000000000000000000009F
:10115000000000000000000000000000000000008F
:10116000000000000000000000000000000000007F
:10117000000000000000000000000000000000006F
:10118000000000000000000000000000000000005F
:10119000000000000000000000000000000000004F
:1011A000000000000000000000000000000000003F
:1011B000000000000000000000000000000000002F
:1011C000000000000000000000000000000000001F
:1011D000000000000000000000000000000000000F
:1011E00000000000000000000000000000000000FF
:1011F00000000000000000000000000000000000EF
:1012000000000000000000000000000000000000DE
:1012100000000000000000000000000000000000CE
:1012200000000000000000000000000000000000BE
:1012300000000000000000000000000000000000AE
:10124000000000000000000000000000000000009E
:10125000000000000000000000000000000000008E
:10126000000000000000000000000000000000007E
:10127000000000000000000000000000000000006E
:10128000000000000000000000000000000000005E
:10129000000000000000000000000000000000004E
:1012A000000000000000000000000000000000003E
:1012B000000000000000000000000000000000002E
:1012C000000000000000000000000000000000001E
:1012D000000000000000000000000000000000000E
:1012E00000000000000000000000000000000000FE
:1012F00000000000000000000000000000000000EE
:1013000000000000000000000000000000000000DD
:1013100000000000000000000000000000000000CD
:1013200000000000000000000000000000000000BD
:1013300000000000000000000000000000000000AD
:10134000000000000000000000000000000000009D
:10135000000000000000000000000000000000008D
:10136000000000000000000000000000000000007D
:10137000000000000000000000000000000000006D
:10138000000000000000000000000000000000005D
:10139000000000000000000000000000000000004D
:1013A000000000000000000000000000000000003D
:1013B000000000000000000000000000000000002D
:1013C000000000000000000000000000000000001D
:1013D000000000000000000000000000000000000D
:1013E00000000000000000000000000000000000FD
:1013F00000000000000000000000000000000000ED
:1014000000000000000000000000000000000000DC
:1014100000000000000000000000000000000000CC
:1014200000000000000000000000000000000000BC
:1014300000000000000000000000000000000000AC
:10144000000000000000000000000000000000009C
:10145000000000000000000000000000000000008C
:10146000000000000000000000000000000000007C
:10147000000000000000000000000000000000006C
:10148000000000000000000000000000000000005C
:10149000000000000000000000000000000000004C
:1014A000000000000000000000000000000000003C
:1014B000000000000000000000000000000000002C
:1014C000000000000000000000000000000000001C
:1014D000000000000000000000000000000000000C
:1014E00000000000000000000000000000000000FC
:1014F00000000000000000000000000000000000EC
:1015000000000000000000000000000000000000DB
:1015100000000000000000000000000000000000CB
:1015200000000000000000000000000000000000BB
:1015300000000000000000000000000000000000AB
:10154000000000000000000000000000000000009B
:10155000000000000000000000000000000000008B
:10156000000000000000000000000000000000007B
:10157000000000000000000000000000000000006B
:10158000000000000000000000000000000000005B
:10159000000000000000000000000000000000004B
:1015A000000000000000000000000000000000003B
:1015B000000000000000000000000000000000002B
:1015C000000000000000000000000000000000001B
:1015D000000000000000000000000000000000000B
:1015E00000000000000000000000000000000000FB
:1015F00000000000000000000000000000000000EB
:1016000000000000000000000000000000000000DA
:1016100000000000000000000000000000000000CA
:1016200000000000000000000000000000000000BA
:1016300000000000000000000000000000000000AA
:10164000000000000000000000000000000000009A
:10165000000000000000000000000000000000008A
:10166000000000000000000000000000000000007A
:10167000000000000000000000000000000000006A
:10168000000000000000000000000000000000005A
:10169000000000000000000000000000000000004A
:1016A000000000000000000000000000000000003A
:1016B000000000000000000000000000000000002A
:1016C000000000000000000000000000000000001A
:1016D000000000000000000000000000000000000A
:1016E00000000000000000000000000000000000FA
:1016F00000000000000000000000000000000000EA
:1017000000000000000000000000000000000000D9
:1017100000000000000000000000000000000000C9
:1017200000000000000000000000000000000000B9
:1017300000000000000000000000000000000000A9
:101740000000000000000000000000000000000099
:101750000000000000000000000000000000000089
:101760000000000000000000000000000000000079
:101770000000000000000000000000000000000069
:101780000000000000000000000000000000000059
:101790000000000000000000000000000000000049
:1017A0000000000000000000000000000000000039
:1017B0000000000000000000000000000000000029
:1017C0000000000000000000000000000000000019
:1017D0000000000000000000000000000000000009
:1017E00000000000000000000000000000000000F9
:1017F00000000000000000000000000000000000E9
:1018000000000000000000000000000000000000D8
:1018100000000000000000000000000000000000C8
:1018200000000000000000000000000000000000B8
:1018300000000000000000000000000000000000A8
:101840000000000000000000000000000000000098
:101850000000000000000000000000000000000088
:101860000000000000000000000000000000000078
:101870000000000000000000000000000000000068
:101880000000000000000000000000000000000058
:101890000000000000000000000000000000000048
:1018A0000000000000000000000000000000000038
:1018B0000000000000000000000000000000000028
:1018C0000000000000000000000000000000000018
:1018D0000000000000000000000000000000000008
:1018E00000000000000000000000000000000000F8
:1018F00000000000000000000000000000000000E8
:1019000000000000000000000000000000000000D7
:1019100000000000000000000000000000000000C7
:1019200000000000000000000000000000000000B7
:1019300000000000000000000000000000000000A7
:101940000000000000000000000000000000000097
:101950000000000000000000000000000000000087
:101960000000000000000000000000000000000077
:101970000000000000000000000000000000000067
:101980000000000000000000000000000000000057
:101990000000000000000000000000000000000047
:1019A0000000000000000000000000000000000037
:1019B0000000000000000000000000000000000027
:1019C0000000000000000000000000000000000017
:1019D0000000000000000000000000000000000007
:1019E00000000000000000000000000000000000F7
:1019F00000000000000000000000000000000000E7
:101A000000000000000000000000000000000000D6
:101A100000000000000000000000000000000000C6
:101A200000000000000000000000000000000000B6
:101A300000000000000000000000000000000000A6
:101A40000000000000000000000000000000000096
:101A50000000000000000000000000000000000086
:101A60000000000000000000000000000000000076
:101A70000000000000000000000000000000000066
:101A80000000000000000000000000000000000056
:101A90000000000000000000000000000000000046
:101AA0000000000000000000000000000000000036
:101AB0000000000000000000000000000000000026
:101AC0000000000000000000000000000000000016
:101AD0000000000000000000000000000000000006
:101AE00000000000000000000000000000000000F6
:101AF00000000000000000000000000000000000E6
:101B000000000000000000000000000000000000D5
:101B100000000000000000000000000000000000C5
:101B200000000000000000000000000000000000B5
:101B300000000000000000000000000000000000A5
:101B40000000000000000000000000000000000095
:101B50000000000000000000000000000000000085
:101B60000000000000000000000000000000000075
:101B70000000000000000000000000000000000065
:101B80000000000000000000000000000000000055
:101B90000000000000000000000000000000000045
:101BA0000000000000000000000000000000000035
:101BB0000000000000000000000000000000000025
:101BC0000000000000000000000000000000000015
:101BD0000000000000000000000000000000000005
:101BE00000000000000000000000000000000000F5
:101BF00000000000000000000000000000000000E5
:101C000000000000000000000000000000000000D4
:101C100000000000000000000000000000000000C4
:101C200000000000000000000000000000000000B4
:101C300000000000000000000000000000000000A4
:101C40000000000000000000000000000000000094
:101C50000000000000000000000000000000000084
:101C60000000000000000000000000000000000074
:101C70000000000000000000000000000000000064
:101C80000000000000000000000000000000000054
:101C90000000000000000000000000000000000044
:101CA0000000000000000000000000000000000034
:101CB0000000000000000000000000000000000024
:101CC0000000000000000000000000000000000014
:101CD0000000000000000000000000000000000004
:101CE00000000000000000000000000000000000F4
:101CF00000000000000000000000000000000000E4
:101D000000000000000000000000000000000000D3
:101D100000000000000000000000000000000000C3
:101D200000000000000000000000000000000000B3
:101D300000000000000000000000000000000000A3
:101D40000000000000000000000000000000000093
:101D50000000000000000000000000000000000083
:101D60000000000000000000000000000000000073
:101D70000000000000000000000000000000000063
:101D80000000000000000000000000000000000053
:101D90000000000000000000000000000000000043
:101DA0000000000000000000000000000000000033
:101DB0000000000000000000000000000000000023
:101DC0000000000000000000000000000000000013
:101DD0000000000000000000000000000000000003
:101DE00000000000000000000000000000000000F3
:101DF00000000000000000000000000000000000E3
:101E000000000000000000000000000000000000D2
:101E100000000000000000000000000000000000C2
:101E200000000000000000000000000000000000B2
:101E300000000000000000000000000000000000A2
:101E40000000000000000000000000000000000092
:101E50000000000000000000000000000000000082
:101E60000000000000000000000000000000000072
:101E70000000000000000000000000000000000062
:101E80000000000000000000000000000000000052
:101E90000000000000000000000000000000000042
:101EA0000000000000000000000000000000000032
:101EB0000000000000000000000000000000000022
:101EC0000000000000000000000000000000000012
:101ED0000000000000000000000000000000000002
:101EE00000000000000000000000000000000000F2
:101EF00000000000000000000000000000000000E2
:101F000000000000000000000000000000000000D1
:101F100000000000000000000000000000000000C1
:101F200000000000000000000000000000000000B1
:101F300000000000000000000000000000000000A1
:101F40000000000000000000000000000000000091
:101F50000000000000000000000000000000000081
:101F60000000000000000000000000000000000071
:101F70000000000000000000000000000000000061
:101F80000000000000000000000000000000000051
:101F90000000000000000000000000000000000041
:101FA0000000000000000000000000000000000031
:101FB0000000000000000000000000000000000021
:101FC0000000000000000000000000000000000011
:101FD0000000000000000000000000000000000001
:101FE00000000000000000000000000000000000F1
:101FF00000000000000000000000000000000000E1
:1020000000000000000000000000000000000000D0
:1020100000000000000000000000000000000000C0
:1020200000000000000000000000000000000000B0
:1020300000000000000000000000000000000000A0
:102040000000000000000000000000000000000090
:102050000000000000000000000000000000000080
:102060000000000000000000000000000000000070
:102070000000000000000000000000000000000060
:102080000000000000000000000000000000000050
:102090000000000000000000000000000000000040
:1020A0000000000000000000000000000000000030
:1020B0000000000000000000000000000000000020
:1020C0000000000000000000000000000000000010
:1020D0000000000000000000000000000000000000
:1020E00000000000000000000000000000000000F0
:1020F00000000000000000000000000000000000E0
:1021000000000000000000000000000000000000CF
:1021100000000000000000000000000000000000BF
:1021200000000000000000000000000000000000AF
:10213000000000000000000000000000000000009F
:10214000000000000000000000000000000000008F
:10215000000000000000000000000000000000007F
:10216000000000000000000000000000000000006F
:10217000000000000000000000000000000000005F
:10218000000000000000000000000000000000004F
:10219000000000000000000000000000000000003F
:1021A000000000000000000000000000000000002F
:1021B000000000000000000000000000000000001F
:1021C000000000000000000000000000000000000F
:1021D00000000000000000000000000000000000FF
:1021E00000000000000000000000000000000000EF
:1021F00000000000000000000000000000000000DF
:1022000000000000000000000000000000000000CE
:1022100000000000000000000000000000000000BE
:1022200000000000000000000000000000000000AE
:10223000000000000000000000000000000000009E
:10224000000000000000000000000000000000008E
:10225000000000000000000000000000000000007E
:10226000000000000000000000000000000000006E
:10227000000000000000000000000000000000005E
:10228000000000000000000000000000000000004E
:10229000000000000000000000000000000000003E
:1022A000000000000000000000000000000000002E
:1022B000000000000000000000000000000000001E
:1022C000000000000000000000000000000000000E
:1022D00000000000000000000000000000000000FE
:1022E00000000000000000000000000000000000EE
:1022F00000000000000000000000000000000000DE
:1023000000000000000000000000000000000000CD
:1023100000000000000000000000000000000000BD
:1023200000000000000000000000000000000000AD
:10233000000000000000000000000000000000009D
:10234000000000000000000000000000000000008D
:10235000000000000000000000000000000000007D
:10236000000000000000000000000000000000006D
:10237000000000000000000000000000000000005D
:10238000000000000000000000000000000000004D
:10239000000000000000000000000000000000003D
:1023A000000000000000000000000000000000002D
:1023B000000000000000000000000000000000001D
:1023C000000000000000000000000000000000000D
:1023D00000000000000000000000000000000000FD
:1023E00000000000000000000000000000000000ED
:1023F00000000000000000000000000000000000DD
:1024000000000000000000000000000000000000CC
:1024100000000000000000000000000000000000BC
:1024200000000000000000000000000000000000AC
:10243000000000000000000000000000000000009C
:10244000000000000000000000000000000000008C
:10245000000000000000000000000000000000007C
:10246000000000000000000000000000000000006C
:10247000000000000000000000000000000000005C
:10248000000000000000000000000000000000004C
:10249000000000000000000000000000000000003C
:1024A000000000000000000000000000000000002C
:1024B000000000000000000000000000000000001C
:1024C000000000000000000000000000000000000C
:1024D00000000000000000000000000000000000FC
:1024E00000000000000000000000000000000000EC
:1024F00000000000000000000000000000000000DC
:1025000000000000000000000000000000000000CB
:1025100000000000000000000000000000000000BB
:1025200000000000000000000000000000000000AB
:10253000000000000000000000000000000000009B
:10254000000000000000000000000000000000008B
:10255000000000000000000000000000000000007B
:10256000000000000000000000000000000000006B
:10257000000000000000000000000000000000005B
:10258000000000000000000000000000000000004B
:10259000000000000000000000000000000000003B
:1025A000000000000000000000000000000000002B
:1025B000000000000000000000000000000000001B
:1025C000000000000000000000000000000000000B
:1025D00000000000000000000000000000000000FB
:1025E00000000000000000000000000000000000EB
:1025F00000000000000000000000000000000000DB
:1026000000000000000000000000000000000000CA
:1026100000000000000000000000000000000000BA
:1026200000000000000000000000000000000000AA
:10263000000000000000000000000000000000009A
:10264000000000000000000000000000000000008A
:10265000000000000000000000000000000000007A
:10266000000000000000000000000000000000006A
:10267000000000000000000000000000000000005A
:10268000000000000000000000000000000000004A
:10269000000000000000000000000000000000003A
:1026A000000000000000000000000000000000002A
:1026B000000000000000000000000000000000001A
:1026C000000000000000000000000000000000000A
:1026D00000000000000000000000000000000000FA
:1026E00000000000000000000000000000000000EA
:1026F00000000000000000000000000000000000DA
:1027000000000000000000000000000000000000C9
:1027100000000000000000000000000000000000B9
:1027200000000000000000000000000000000000A9
:102730000000000000000000000000000000000099
:102740000000000000000000000000000000000089
:102750000000000000000000000000000000000079
:102760000000000000000000000000000000000069
:102770000000000000000000000000000000000059
:102780000000000000000000000000000000000049
:102790000000000000000000000000000000000039
:1027A0000000000000000000000000000000000029
:1027B0000000000000000000000000000000000019
:1027C0000000000000000000000000000000000009
:1027D00000000000000000000000000000000000F9
:1027E00000000000000000000000000000000000E9
:1027F00000000000000000000000000000000000D9
:1028000000000000000000000000000000000000C8
:1028100000000000000000000000000000000000B8
:1028200000000000000000000000000000000000A8
:102830000000000000000000000000000000000098
:102840000000000000000000000000000000000088
:102850000000000000000000000000000000000078
:102860000000000000000000000000000000000068
:102870000000000000000000000000000000000058
:102880000000000000000000000000000000000048
:102890000000000000000000000000000000000038
:1028A0000000000000000000000000000000000028
:1028B0000000000000000000000000000000000018
:1028C0000000000000000000000000000000000008
:1028D00000000000000000000000000000000000F8
:1028E00000000000000000000000000000000000E8
:1028F00000000000000000000000000000000000D8
:1029000000000000000000000000000000000000C7
:1029100000000000000000000000000000000000B7
:1029200000000000000000000000000000000000A7
:102930000000000000000000000000000000000097
:102940000000000000000000000000000000000087
:102950000000000000000000000000000000000077
:102960000000000000000000000000000000000067
:102970000000000000000000000000000000000057
:102980000000000000000000000000000000000047
:102990000000000000000000000000000000000037
:1029A0000000000000000000000000000000000027
:1029B0000000000000000000000000000000000017
:1029C0000000000000000000000000000000000007
:1029D00000000000000000000000000000000000F7
:1029E00000000000000000000000000000000000E7
:1029F00000000000000000000000000000000000D7
:102A000000000000000000000000000000000000C6
:102A100000000000000000000000000000000000B6
:102A200000000000000000000000000000000000A6
:102A30000000000000000000000000000000000096
:102A40000000000000000000000000000000000086
:102A50000000000000000000000000000000000076
:102A60000000000000000000000000000000000066
:102A70000000000000000000000000000000000056
:102A80000000000000000000000000000000000046
:102A90000000000000000000000000000000000036
:102AA0000000000000000000000000000000000026
:102AB0000000000000000000000000000000000016
:102AC0000000000000000000000000000000000006
:102AD00000000000000000000000000000000000F6
:102AE00000000000000000000000000000000000E6
:102AF00000000000000000000000000000000000D6
:102B000000000000000000000000000000000000C5
:102B100000000000000000000000000000000000B5
:102B200000000000000000000000000000000000A5
:102B30000000000000000000000000000000000095
:102B40000000000000000000000000000000000085
:102B50000000000000000000000000000000000075
:102B60000000000000000000000000000000000065
:102B70000000000000000000000000000000000055
:102B80000000000000000000000000000000000045
:102B90000000000000000000000000000000000035
:102BA0000000000000000000000000000000000025
:102BB0000000000000000000000000000000000015
:102BC0000000000000000000000000000000000005
:102BD00000000000000000000000000000000000F5
:102BE00000000000000000000000000000000000E5
:102BF00000000000000000000000000000000000D5
:102C000000000000000000000000000000000000C4
:102C100000000000000000000000000000000000B4
:102C200000000000000000000000000000000000A4
:102C30000000000000000000000000000000000094
:102C40000000000000000000000000000000000084
:102C50000000000000000000000000000000000074
:102C60000000000000000000000000000000000064
:102C70000000000000000000000000000000000054
:102C80000000000000000000000000000000000044
:102C90000000000000000000000000000000000034
:102CA0000000000000000000000000000000000024
:102CB0000000000000000000000000000000000014
:102CC0000000000000000000000000000000000004
:102CD00000000000000000000000000000000000F4
:102CE00000000000000000000000000000000000E4
:102CF00000000000000000000000000000000000D4
:102D000000000000000000000000000000000000C3
:102D100000000000000000000000000000000000B3
:102D200000000000000000000000000000000000A3
:102D30000000000000000000000000000000000093
:102D40000000000000000000000000000000000083
:102D50000000000000000000000000000000000073
:102D60000000000000000000000000000000000063
:102D70000000000000000000000000000000000053
:102D80000000000000000000000000000000000043
:102D90000000000000000000000000000000000033
:102DA0000000000000000000000000000000000023
:102DB0000000000000000000000000000000000013
:102DC0000000000000000000000000000000000003
:102DD00000000000000000000000000000000000F3
:102DE00000000000000000000000000000000000E3
:102DF00000000000000000000000000000000000D3
:102E000000000000000000000000000000000000C2
:102E100000000000000000000000000000000000B2
:102E200000000000000000000000000000000000A2
:102E30000000000000000000000000000000000092
:102E40000000000000000000000000000000000082
:102E50000000000000000000000000000000000072
:102E60000000000000000000000000000000000062
:102E70000000000000000000000000000000000052
:102E80000000000000000000000000000000000042
:102E90000000000000000000000000000000000032
:102EA0000000000000000000000000000000000022
:102EB0000000000000000000000000000000000012
:102EC0000000000000000000000000000000000002
:102ED00000000000000000000000000000000000F2
:102EE00000000000000000000000000000000000E2
:102EF00000000000000000000000000000000000D2
:102F000000000000000000000000000000000000C1
:102F100000000000000000000000000000000000B1
:102F200000000000000000000000000000000000A1
:102F30000000000000000000000000000000000091
:102F40000000000000000000000000000000000081
:102F50000000000000000000000000000000000071
:102F60000000000000000000000000000000000061
:102F70000000000000000000000000000000000051
:102F80000000000000000000000000000000000041
:102F90000000000000000000000000000000000031
:102FA0000000000000000000000000000000000021
:102FB0000000000000000000000000000000000011
:102FC0000000000000000000000000000000000001
:102FD00000000000000000000000000000000000F1
:102FE00000000000000000000000000000000000E1
:102FF00000000000000000000000000000000000D1
:1030000000000000000000000000000000000000C0
:1030100000000000000000000000000000000000B0
:1030200000000000000000000000000000000000A0
:103030000000000000000000000000000000000090
:103040000000000000000000000000000000000080
:103050000000000000000000000000000000000070
:103060000000000000000000000000000000000060
:103070000000000000000000000000000000000050
:103080000000000000000000000000000000000040
:103090000000000000000000000000000000000030
:1030A0000000000000000000000000000000000020
:1030B0000000000000000000000000000000000010
:1030C0000000000000000000000000000000000000
:1030D00000000000000000000000000000000000F0
:1030E00000000000000000000000000000000000E0
:1030F00000000000000000000000000000000000D0
:1031000000000000000000000000000000000000BF
:1031100000000000000000000000000000000000AF
:10312000000000000000000000000000000000009F
:10313000000000000000000000000000000000008F
:10314000000000000000000000000000000000007F
:10315000000000000000000000000000000000006F
:10316000000000000000000000000000000000005F
:10317000000000000000000000000000000000004F
:10318000000000000000000000000000000000003F
:10319000000000000000000000000000000000002F
:1031A000000000000000000000000000000000001F
:1031B000000000000000000000000000000000000F
:1031C00000000000000000000000000000000000FF
:1031D00000000000000000000000000000000000EF
:1031E00000000000000000000000000000000000DF
:1031F00000000000000000000000000000000000CF
:1032000000000000000000000000000000000000BE
:1032100000000000000000000000000000000000AE
:10322000000000000000000000000000000000009E
:10323000000000000000000000000000000000008E
:10324000000000000000000000000000000000007E
:10325000000000000000000000000000000000006E
:10326000000000000000000000000000000000005E
:10327000000000000000000000000000000000004E
:10328000000000000000000000000000000000003E
:10329000000000000000000000000000000000002E
:1032A000000000000000000000000000000000001E
:1032B000000000000000000000000000000000000E
:1032C00000000000000000000000000000000000FE
:1032D00000000000000000000000000000000000EE
:1032E00000000000000000000000000000000000DE
:1032F00000000000000000000000000000000000CE
:1033000000000000000000000000000000000000BD
:1033100000000000000000000000000000000000AD
:10332000000000000000000000000000000000009D
:10333000000000000000000000000000000000008D
:10334000000000000000000000000000000000007D
:10335000000000000000000000000000000000006D
:10336000000000000000000000000000000000005D
:10337000000000000000000000000000000000004D
:10338000000000000000000000000000000000003D
:10339000000000000000000000000000000000002D
:1033A000000000000000000000000000000000001D
:1033B000000000000000000000000000000000000D
:1033C00000000000000000000000000000000000FD
:1033D00000000000000000000000000000000000ED
:1033E00000000000000000000000000000000000DD
:1033F00000000000000000000000000000000000CD
:1034000000000000000000000000000000000000BC
:1034100000000000000000000000000000000000AC
:10342000000000000000000000000000000000009C
:10343000000000000000000000000000000000008C
:10344000000000000000000000000000000000007C
:10345000000000000000000000000000000000006C
:10346000000000000000000000000000000000005C
:10347000000000000000000000000000000000004C
:10348000000000000000000000000000000000003C
:10349000000000000000000000000000000000002C
:1034A000000000000000000000000000000000001C
:1034B000000000000000000000000000000000000C
:1034C00000000000000000000000000000000000FC
:1034D00000000000000000000000000000000000EC
:1034E00000000000000000000000000000000000DC
:1034F00000000000000000000000000000000000CC
:1035000000000000000000000000000000000000BB
:1035100000000000000000000000000000000000AB
:10352000000000000000000000000000000000009B
:10353000000000000000000000000000000000008B
:10354000000000000000000000000000000000007B
:10355000000000000000000000000000000000006B
:10356000000000000000000000000000000000005B
:10357000000000000000000000000000000000004B
:10358000000000000000000000000000000000003B
:10359000000000000000000000000000000000002B
:1035A000000000000000000000000000000000001B
:1035B000000000000000000000000000000000000B
:1035C00000000000000000000000000000000000FB
:1035D00000000000000000000000000000000000EB
:1035E00000000000000000000000000000000000DB
:1035F00000000000000000000000000000000000CB
:1036000000000000000000000000000000000000BA
:1036100000000000000000000000000000000000AA
:10362000000000000000000000000000000000009A
:10363000000000000000000000000000000000008A
:10364000000000000000000000000000000000007A
:10365000000000000000000000000000000000006A
:10366000000000000000000000000000000000005A
:10367000000000000000000000000000000000004A
:10368000000000000000000000000000000000003A
:10369000000000000000000000000000000000002A
:1036A000000000000000000000000000000000001A
:1036B000000000000000000000000000000000000A
:1036C00000000000000000000000000000000000FA
:1036D00000000000000000000000000000000000EA
:1036E00000000000000000000000000000000000DA
:1036F00000000000000000000000000000000000CA
:1037000000000000000000000000000000000000B9
:1037100000000000000000000000000000000000A9
:103720000000000000000000000000000000000099
:103730000000000000000000000000000000000089
:103740000000000000000000000000000000000079
:103750000000000000000000000000000000000069
:103760000000000000000000000000000000000059
:103770000000000000000000000000000000000049
:103780000000000000000000000000000000000039
:103790000000000000000000000000000000000029
:1037A0000000000000000000000000000000000019
:1037B0000000000000000000000000000000000009
:1037C00000000000000000000000000000000000F9
:1037D00000000000000000000000000000000000E9
:1037E00000000000000000000000000000000000D9
:1037F00000000000000000000000000000000000C9
:1038000000000000000000000000000000000000B8
:1038100000000000000000000000000000000000A8
:103820000000000000000000000000000000000098
:103830000000000000000000000000000000000088
:103840000000000000000000000000000000000078
:103850000000000000000000000000000000000068
:103860000000000000000000000000000000000058
:103870000000000000000000000000000000000048
:103880000000000000000000000000000000000038
:103890000000000000000000000000000000000028
:1038A0000000000000000000000000000000000018
:1038B0000000000000000000000000000000000008
:1038C00000000000000000000000000000000000F8
:1038D00000000000000000000000000000000000E8
:1038E00000000000000000000000000000000000D8
:1038F00000000000000000000000000000000000C8
:1039000000000000000000000000000000000000B7
:1039100000000000000000000000000000000000A7
:103920000000000000000000000000000000000097
:103930000000000000000000000000000000000087
:103940000000000000000000000000000000000077
:103950000000000000000000000000000000000067
:103960000000000000000000000000000000000057
:103970000000000000000000000000000000000047
:103980000000000000000000000000000000000037
:103990000000000000000000000000000000000027
:1039A0000000000000000000000000000000000017
:1039B0000000000000000000000000000000000007
:1039C00000000000000000000000000000000000F7
:1039D00000000000000000000000000000000000E7
:1039E00000000000000000000000000000000000D7
:1039F00000000000000000000000000000000000C7
:103A000000000000000000000000000000000000B6
:103A100000000000000000000000000000000000A6
:103A20000000000000000000000000000000000096
:103A30000000000000000000000000000000000086
:103A40000000000000000000000000000000000076
:103A50000000000000000000000000000000000066
:103A60000000000000000000000000000000000056
:103A70000000000000000000000000000000000046
:103A80000000000000000000000000000000000036
:103A90000000000000000000000000000000000026
:103AA0000000000000000000000000000000000016
:103AB0000000000000000000000000000000000006
:103AC00000000000000000000000000000000000F6
:103AD00000000000000000000000000000000000E6
:103AE00000000000000000000000000000000000D6
:103AF00000000000000000000000000000000000C6
:103B000000000000000000000000000000000000B5
:103B100000000000000000000000000000000000A5
:103B20000000000000000000000000000000000095
:103B30000000000000000000000000000000000085
:103B40000000000000000000000000000000000075
:103B50000000000000000000000000000000000065
:103B60000000000000000000000000000000000055
:103B70000000000000000000000000000000000045
:103B80000000000000000000000000000000000035
:103B90000000000000000000000000000000000025
:103BA0000000000000000000000000000000000015
:103BB0000000000000000000000000000000000005
:103BC00000000000000000000000000000000000F5
:103BD00000000000000000000000000000000000E5
:103BE00000000000000000000000000000000000D5
:103BF00000000000000000000000000000000000C5
:103C000000000000000000000000000000000000B4
:103C100000000000000000000000000000000000A4
:103C20000000000000000000000000000000000094
:103C30000000000000000000000000000000000084
:103C40000000000000000000000000000000000074
:103C50000000000000000000000000000000000064
:103C60000000000000000000000000000000000054
:103C70000000000000000000000000000000000044
:103C80000000000000000000000000000000000034
:103C90000000000000000000000000000000000024
:103CA0000000000000000000000000000000000014
:103CB0000000000000000000000000000000000004
:103CC00000000000000000000000000000000000F4
:103CD00000000000000000000000000000000000E4
:103CE00000000000000000000000000000000000D4
:103CF00000000000000000000000000000000000C4
:103D000000000000000000000000000000000000B3
:103D100000000000000000000000000000000000A3
:103D20000000000000000000000000000000000093
:103D30000000000000000000000000000000000083
:103D40000000000000000000000000000000000073
:103D50000000000000000000000000000000000063
:103D60000000000000000000000000000000000053
:103D70000000000000000000000000000000000043
:103D80000000000000000000000000000000000033
:103D90000000000000000000000000000000000023
:103DA0000000000000000000000000000000000013
:103DB0000000000000000000000000000000000003
:103DC00000000000000000000000000000000000F3
:103DD00000000000000000000000000000000000E3
:103DE00000000000000000000000000000000000D3
:103DF00000000000000000000000000000000000C3
:103E000000000000000000000000000000000000B2
:103E100000000000000000000000000000000000A2
:103E20000000000000000000000000000000000092
:103E30000000000000000000000000000000000082
:103E40000000000000000000000000000000000072
:103E50000000000000000000000000000000000062
:103E60000000000000000000000000000000000052
:103E70000000000000000000000000000000000042
:103E80000000000000000000000000000000000032
:103E90000000000000000000000000000000000022
:103EA0000000000000000000000000000000000012
:103EB0000000000000000000000000000000000002
:103EC00000000000000000000000000000000000F2
:103ED00000000000000000000000000000000000E2
:103EE00000000000000000000000000000000000D2
:103EF00000000000000000000000000000000000C2
:103F000000000000000000000000000000000000B1
:103F100000000000000000000000000000000000A1
:103F20000000000000000000000000000000000091
:103F30000000000000000000000000000000000081
:103F40000000000000000000000000000000000071
:103F50000000000000000000000000000000000061
:103F60000000000000000000000000000000000051
:103F70000000000000000000000000000000000041
:103F80000000000000000000000000000000000031
:103F90000000000000000000000000000000000021
:103FA0000000000000000000000000000000000011
:103FB0000000000000000000000000000000000001
:103FC00000000000000000000000000000000000F1
:103FD00000000000000000000000000000000000E1
:103FE00000000000000000000000000000000000D1
:103FF00000000000000000000000000000000000C1
:1040000000000000000000000000000000000000B0
:1040100000000000000000000000000000000000A0
:104020000000000000000000000000000000000090
:104030000000000000000000000000000000000080
:104040000000000000000000000000000000000070
:104050000000000000000000000000000000000060
:104060000000000000000000000000000000000050
:104070000000000000000000000000000000000040
:104080000000000000000000000000000000000030
:104090000000000000000000000000000000000020
:1040A0000000000000000000000000000000000010
:1040B0000000000000000000000000000000000000
:1040C00000000000000000000000000000000000F0
:1040D00000000000000000000000000000000000E0
:1040E00000000000000000000000000000000000D0
:1040F00000000000000000000000000000000000C0
:1041000000000000000000000000000000000000AF
:10411000000000000000000000000000000000009F
:10412000000000000000000000000000000000008F
:10413000000000000000000000000000000000007F
:10414000000000000000000000000000000000006F
:10415000000000000000000000000000000000005F
:10416000000000000000000000000000000000004F
:10417000000000000000000000000000000000003F
:10418000000000000000000000000000000000002F
:10419000000000000000000000000000000000001F
:1041A000000000000000000000000000000000000F
:1041B00000000000000000000000000000000000FF
:1041C00000000000000000000000000000000000EF
:1041D00000000000000000000000000000000000DF
:1041E00000000000000000000000000000000000CF
:1041F00000000000000000000000000000000000BF
:1042000000000000000000000000000000000000AE
:10421000000000000000000000000000000000009E
:10422000000000000000000000000000000000008E
:10423000000000000000000000000000000000007E
:10424000000000000000000000000000000000006E
:10425000000000000000000000000000000000005E
:10426000000000000000000000000000000000004E
:10427000000000000000000000000000000000003E
:10428000000000000000000000000000000000002E
:10429000000000000000000000000000000000001E
:1042A000000000000000000000000000000000000E
:1042B00000000000000000000000000000000000FE
:1042C00000000000000000000000000000000000EE
:1042D00000000000000000000000000000000000DE
:1042E00000000000000000000000000000000000CE
:1042F00000000000000000000000000000000000BE
:1043000000000000000000000000000000000000AD
:10431000000000000000000000000000000000009D
:10432000000000000000000000000000000000008D
:10433000000000000000000000000000000000007D
:10434000000000000000000000000000000000006D
:10435000000000000000000000000000000000005D
:10436000000000000000000000000000000000004D
:10437000000000000000000000000000000000003D
:10438000000000000000000000000000000000002D
:10439000000000000000000000000000000000001D
:1043A000000000000000000000000000000000000D
:1043B00000000000000000000000000000000000FD
:1043C00000000000000000000000000000000000ED
:1043D00000000000000000000000000000000000DD
:1043E00000000000000000000000000000000000CD
:1043F00000000000000000000000000000000000BD
:1044000000000000000000000000000000000000AC
:10441000000000000000000000000000000000009C
:10442000000000000000000000000000000000008C
:10443000000000000000000000000000000000007C
:10444000000000000000000000000000000000006C
:10445000000000000000000000000000000000005C
:10446000000000000000000000000000000000004C
:10447000000000000000000000000000000000003C
:10448000000000000000000000000000000000002C
:10449000000000000000000000000000000000001C
:1044A000000000000000000000000000000000000C
:1044B00000000000000000000000000000000000FC
:1044C00000000000000000000000000000000000EC
:1044D00000000000000000000000000000000000DC
:1044E00000000000000000000000000000000000CC
:1044F00000000000000000000000000000000000BC
:1045000000000000000000000000000000000000AB
:10451000000000000000000000000000000000009B
:10452000000000000000000000000000000000008B
:10453000000000000000000000000000000000007B
:10454000000000000000000000000000000000006B
:10455000000000000000000000000000000000005B
:10456000000000000000000000000000000000004B
:10457000000000000000000000000000000000003B
:10458000000000000000000000000000000000002B
:10459000000000000000000000000000000000001B
:1045A000000000000000000000000000000000000B
:1045B00000000000000000000000000000000000FB
:1045C00000000000000000000000000000000000EB
:1045D00000000000000000000000000000000000DB
:1045E00000000000000000000000000000000000CB
:1045F00000000000000000000000000000000000BB
:1046000000000000000000000000000000000000AA
:10461000000000000000000000000000000000009A
:10462000000000000000000000000000000000008A
:10463000000000000000000000000000000000007A
:10464000000000000000000000000000000000006A
:10465000000000000000000000000000000000005A
:10466000000000000000000000000000000000004A
:10467000000000000000000000000000000000003A
:10468000000000000000000000000000000000002A
:10469000000000000000000000000000000000001A
:1046A000000000000000000000000000000000000A
:1046B00000000000000000000000000000000000FA
:1046C00000000000000000000000000000000000EA
:1046D00000000000000000000000000000000000DA
:1046E00000000000000000000000000000000000CA
:1046F00000000000000000000000000000000000BA
:1047000000000000000000000000000000000000A9
:104710000000000000000000000000000000000099
:104720000000000000000000000000000000000089
:104730000000000000000000000000000000000079
:104740000000000000000000000000000000000069
:104750000000000000000000000000000000000059
:104760000000000000000000000000000000000049
:104770000000000000000000000000000000000039
:104780000000000000000000000000000000000029
:104790000000000000000000000000000000000019
:1047A0000000000000000000000000000000000009
:1047B00000000000000000000000000000000000F9
:1047C00000000000000000000000000000000000E9
:1047D00000000000000000000000000000000000D9
:1047E00000000000000000000000000000000000C9
:1047F00000000000000000000000000000000000B9
:1048000000000000000000000000000000000000A8
:104810000000000000000000000000000000000098
:104820000000000000000000000000000000000088
:104830000000000000000000000000000000000078
:104840000000000000000000000000000000000068
:104850000000000000000000000000000000000058
:104860000000000000000000000000000000000048
:104870000000000000000000000000000000000038
:104880000000000000000000000000000000000028
:104890000000000000000000000000000000000018
:1048A0000000000000000000000000000000000008
:1048B00000000000000000000000000000000000F8
:1048C00000000000000000000000000000000000E8
:1048D00000000000000000000000000000000000D8
:1048E00000000000000000000000000000000000C8
:1048F00000000000000000000000000000000000B8
:1049000000000000000000000000000000000000A7
:104910000000000000000000000000000000000097
:104920000000000000000000000000000000000087
:104930000000000000000000000000000000000077
:104940000000000000000000000000000000000067
:104950000000000000000000000000000000000057
:104960000000000000000000000000000000000047
:104970000000000000000000000000000000000037
:104980000000000000000000000000000000000027
:104990000000000000000000000000000000000017
:1049A0000000000000000000000000000000000007
:1049B00000000000000000000000000000000000F7
:1049C00000000000000000000000000000000000E7
:1049D00000000000000000000000000000000000D7
:1049E00000000000000000000000000000000000C7
:1049F00000000000000000000000000000000000B7
:104A000000000000000000000000000000000000A6
:104A10000000000000000000000000000000000096
:104A20000000000000000000000000000000000086
:104A30000000000000000000000000000000000076
:104A40000000000000000000000000000000000066
:104A50000000000000000000000000000000000056
:104A60000000000000000000000000000000000046
:104A70000000000000000000000000000000000036
:104A80000000000000000000000000000000000026
:104A90000000000000000000000000000000000016
:104AA0000000000000000000000000000000000006
:104AB00000000000000000000000000000000000F6
:104AC00000000000000000000000000000000000E6
:104AD00000000000000000000000000000000000D6
:104AE00000000000000000000000000000000000C6
:104AF00000000000000000000000000000000000B6
:104B000000000000000000000000000000000000A5
:104B10000000000000000000000000000000000095
:104B20000000000000000000000000000000000085
:104B30000000000000000000000000000000000075
:104B40000000000000000000000000000000000065
:104B50000000000000000000000000000000000055
:104B60000000000000000000000000000000000045
:104B70000000000000000000000000000000000035
:104B80000000000000000000000000000000000025
:104B90000000000000000000000000000000000015
:104BA0000000000000000000000000000000000005
:104BB00000000000000000000000000000000000F5
:104BC00000000000000000000000000000000000E5
:104BD00000000000000000000000000000000000D5
:104BE00000000000000000000000000000000000C5
:104BF00000000000000000000000000000000000B5
:104C000000000000000000000000000000000000A4
:104C10000000000000000000000000000000000094
:104C20000000000000000000000000000000000084
:104C30000000000000000000000000000000000074
:104C40000000000000000000000000000000000064
:104C50000000000000000000000000000000000054
:104C60000000000000000000000000000000000044
:104C70000000000000000000000000000000000034
:104C80000000000000000000000000000000000024
:104C90000000000000000000000000000000000014
:104CA0000000000000000000000000000000000004
:104CB00000000000000000000000000000000000F4
:104CC00000000000000000000000000000000000E4
:104CD00000000000000000000000000000000000D4
:104CE00000000000000000000000000000000000C4
:104CF00000000000000000000000000000000000B4
:104D000000000000000000000000000000000000A3
:104D10000000000000000000000000000000000093
:104D20000000000000000000000000000000000083
:104D30000000000000000000000000000000000073
:104D40000000000000000000000000000000000063
:104D50000000000000000000000000000000000053
:104D60000000000000000000000000000000000043
:104D70000000000000000000000000000000000033
:104D80000000000000000000000000000000000023
:104D90000000000000000000000000000000000013
:104DA0000000000000000000000000000000000003
:104DB00000000000000000000000000000000000F3
:104DC00000000000000000000000000000000000E3
:104DD00000000000000000000000000000000000D3
:104DE00000000000000000000000000000000000C3
:104DF00000000000000000000000000000000000B3
:104E000000000000000000000000000000000000A2
:104E10000000000000000000000000000000000092
:104E20000000000000000000000000000000000082
:104E30000000000000000000000000000000000072
:104E40000000000000000000000000000000000062
:104E50000000000000000000000000000000000052
:104E60000000000000000000000000000000000042
:104E70000000000000000000000000000000000032
:104E80000000000000000000000000000000000022
:104E90000000000000000000000000000000000012
:104EA0000000000000000000000000000000000002
:104EB00000000000000000000000000000000000F2
:104EC00000000000000000000000000000000000E2
:104ED00000000000000000000000000000000000D2
:104EE00000000000000000000000000000000000C2
:104EF00000000000000000000000000000000000B2
:104F000000000000000000000000000000000000A1
:104F10000000000000000000000000000000000091
:104F20000000000000000000000000000000000081
:104F30000000000000000000000000000000000071
:104F40000000000000000000000000000000000061
:104F50000000000000000000000000000000000051
:104F60000000000000000000000000000000000041
:104F70000000000000000000000000000000000031
:104F80000000000000000000000000000000000021
:104F90000000000000000000000000000000000011
:104FA0000000000000000000000000000000000001
:104FB00000000000000000000000000000000000F1
:104FC00000000000000000000000000000000000E1
:104FD00000000000000000000000000000000000D1
:104FE00000000000000000000000000000000000C1
:104FF00000000000000000000000000000000000B1
:1050000000000000000000000000000000000000A0
:105010000000000000000000000000000000000090
:105020000000000000000000000000000000000080
:105030000000000000000000000000000000000070
:105040000000000000000000000000000000000060
:105050000000000000000000000000000000000050
:105060000000000000000000000000000000000040
:105070000000000000000000000000000000000030
:105080000000000000000000000000000000000020
:105090000000000000000000000000000000000010
:1050A0000000000000000000000000000000000000
:1050B00000000000000000000000000000000000F0
:1050C00000000000000000000000000000000000E0
:1050D00000000000000000000000000000000000D0
:1050E00000000000000000000000000000000000C0
:1050F00000000000000000000000000000000000B0
:10510000000000000000000000000000000000009F
:10511000000000000000000000000000000000008F
:10512000000000000000000000000000000000007F
:10513000000000000000000000000000000000006F
:10514000000000000000000000000000000000005F
:10515000000000000000000000000000000000004F
:10516000000000000000000000000000000000003F
:10517000000000000000000000000000000000002F
:10518000000000000000000000000000000000001F
:10519000000000000000000000000000000000000F
:1051A00000000000000000000000000000000000FF
:1051B00000000000000000000000000000000000EF
:1051C00000000000000000000000000000000000DF
:1051D00000000000000000000000000000000000CF
:1051E00000000000000000000000000000000000BF
:1051F00000000000000000000000000000000000AF
:10520000000000000000000000000000000000009E
:10521000000000000000000000000000000000008E
:10522000000000000000000000000000000000007E
:10523000000000000000000000000000000000006E
:10524000000000000000000000000000000000005E
:10525000000000000000000000000000000000004E
:10526000000000000000000000000000000000003E
:10527000000000000000000000000000000000002E
:10528000000000000000000000000000000000001E
:10529000000000000000000000000000000000000E
:1052A00000000000000000000000000000000000FE
:1052B00000000000000000000000000000000000EE
:1052C00000000000000000000000000000000000DE
:1052D00000000000000000000000000000000000CE
:1052E00000000000000000000000000000000000BE
:1052F00000000000000000000000000000000000AE
:10530000000000000000000000000000000000009D
:10531000000000000000000000000000000000008D
:10532000000000000000000000000000000000007D
:10533000000000000000000000000000000000006D
:10534000000000000000000000000000000000005D
:10535000000000000000000000000000000000004D
:10536000000000000000000000000000000000003D
:10537000000000000000000000000000000000002D
:10538000000000000000000000000000000000001D
:10539000000000000000000000000000000000000D
:1053A00000000000000000000000000000000000FD
:1053B00000000000000000000000000000000000ED
:1053C00000000000000000000000000000000000DD
:1053D00000000000000000000000000000000000CD
:1053E00000000000000000000000000000000000BD
:1053F00000000000000000000000000000000000AD
:10540000000000000000000000000000000000009C
:10541000000000000000000000000000000000008C
:10542000000000000000000000000000000000007C
:10543000000000000000000000000000000000006C
:10544000000000000000000000000000000000005C
:10545000000000000000000000000000000000004C
:10546000000000000000000000000000000000003C
:10547000000000000000000000000000000000002C
:10548000000000000000000000000000000000001C
:10549000000000000000000000000000000000000C
:1054A00000000000000000000000000000000000FC
:1054B00000000000000000000000000000000000EC
:1054C00000000000000000000000000000000000DC
:1054D00000000000000000000000000000000000CC
:1054E00000000000000000000000000000000000BC
:1054F00000000000000000000000000000000000AC
:10550000000000000000000000000000000000009B
:10551000000000000000000000000000000000008B
:10552000000000000000000000000000000000007B
:10553000000000000000000000000000000000006B
:10554000000000000000000000000000000000005B
:10555000000000000000000000000000000000004B
:10556000000000000000000000000000000000003B
:10557000000000000000000000000000000000002B
:10558000000000000000000000000000000000001B
:10559000000000000000000000000000000000000B
:1055A00000000000000000000000000000000000FB
:1055B00000000000000000000000000000000000EB
:1055C00000000000000000000000000000000000DB
:1055D00000000000000000000000000000000000CB
:1055E00000000000000000000000000000000000BB
:1055F00000000000000000000000000000000000AB
:10560000000000000000000000000000000000009A
:10561000000000000000000000000000000000008A
:10562000000000000000000000000000000000007A
:10563000000000000000000000000000000000006A
:10564000000000000000000000000000000000005A
:10565000000000000000000000000000000000004A
:10566000000000000000000000000000000000003A
:10567000000000000000000000000000000000002A
:10568000000000000000000000000000000000001A
:10569000000000000000000000000000000000000A
:1056A00000000000000000000000000000000000FA
:1056B00000000000000000000000000000000000EA
:1056C00000000000000000000000000000000000DA
:1056D00000000000000000000000000000000000CA
:1056E00000000000000000000000000000000000BA
:1056F00000000000000000000000000000000000AA
:105700000000000000000000000000000000000099
:105710000000000000000000000000000000000089
:105720000000000000000000000000000000000079
:105730000000000000000000000000000000000069
:105740000000000000000000000000000000000059
:105750000000000000000000000000000000000049
:105760000000000000000000000000000000000039
:105770000000000000000000000000000000000029
:105780000000000000000000000000000000000019
:105790000000000000000000000000000000000009
:1057A00000000000000000000000000000000000F9
:1057B00000000000000000000000000000000000E9
:1057C00000000000000000000000000000000000D9
:1057D00000000000000000000000000000000000C9
:1057E00000000000000000000000000000000000B9
:1057F00000000000000000000000000000000000A9
:105800000000000000000000000000000000000098
:105810000000000000000000000000000000000088
:105820000000000000000000000000000000000078
:105830000000000000000000000000000000000068
:105840000000000000000000000000000000000058
:105850000000000000000000000000000000000048
:105860000000000000000000000000000000000038
:105870000000000000000000000000000000000028
:105880000000000000000000000000000000000018
:105890000000000000000000000000000000000008
:1058A00000000000000000000000000000000000F8
:1058B00000000000000000000000000000000000E8
:1058C00000000000000000000000000000000000D8
:1058D00000000000000000000000000000000000C8
:1058E00000000000000000000000000000000000B8
:1058F00000000000000000000000000000000000A8
:105900000000000000000000000000000000000097
:105910000000000000000000000000000000000087
:105920000000000000000000000000000000000077
:105930000000000000000000000000000000000067
:105940000000000000000000000000000000000057
:105950000000000000000000000000000000000047
:105960000000000000000000000000000000000037
:105970000000000000000000000000000000000027
:105980000000000000000000000000000000000017
:105990000000000000000000000000000000000007
:1059A00000000000000000000000000000000000F7
:1059B00000000000000000000000000000000000E7
:1059C00000000000000000000000000000000000D7
:1059D00000000000000000000000000000000000C7
:1059E00000000000000000000000000000000000B7
:1059F00000000000000000000000000000000000A7
:105A00000000000000000000000000000000000096
:105A10000000000000000000000000000000000086
:105A20000000000000000000000000000000000076
:105A30000000000000000000000000000000000066
:105A40000000000000000000000000000000000056
:105A50000000000000000000000000000000000046
:105A60000000000000000000000000000000000036
:105A70000000000000000000000000000000000026
:105A80000000000000000000000000000000000016
:105A90000000000000000000000000000000000006
:105AA00000000000000000000000000000000000F6
:105AB00000000000000000000000000000000000E6
:105AC00000000000000000000000000000000000D6
:105AD00000000000000000000000000000000000C6
:105AE00000000000000000000000000000000000B6
:105AF00000000000000000000000000000000000A6
:105B00000000000000000000000000000000000095
:105B10000000000000000000000000000000000085
:105B20000000000000000000000000000000000075
:105B30000000000000000000000000000000000065
:105B40000000000000000000000000000000000055
:105B50000000000000000000000000000000000045
:105B60000000000000000000000000000000000035
:105B70000000000000000000000000000000000025
:105B80000000000000000000000000000000000015
:105B90000000000000000000000000000000000005
:105BA00000000000000000000000000000000000F5
:105BB00000000000000000000000000000000000E5
:105BC00000000000000000000000000000000000D5
:105BD00000000000000000000000000000000000C5
:105BE00000000000000000000000000000000000B5
:105BF00000000000000000000000000000000000A5
:105C00000000000000000000000000000000000094
:105C10000000000000000000000000000000000084
:105C20000000000000000000000000000000000074
:105C30000000000000000000000000000000000064
:105C40000000000000000000000000000000000054
:105C50000000000000000000000000000000000044
:105C60000000000000000000000000000000000034
:105C70000000000000000000000000000000000024
:105C80000000000000000000000000000000000014
:105C90000000000000000000000000000000000004
:105CA00000000000000000000000000000000000F4
:105CB00000000000000000000000000000000000E4
:105CC00000000000000000000000000000000000D4
:105CD00000000000000000000000000000000000C4
:105CE00000000000000000000000000000000000B4
:105CF00000000000000000000000000000000000A4
:105D00000000000000000000000000000000000093
:105D10000000000000000000000000000000000083
:105D20000000000000000000000000000000000073
:105D30000000000000000000000000000000000063
:105D40000000000000000000000000000000000053
:105D50000000000000000000000000000000000043
:105D60000000000000000000000000000000000033
:105D70000000000000000000000000000000000023
:105D80000000000000000000000000000000000013
:105D90000000000000000000000000000000000003
:105DA00000000000000000000000000000000000F3
:105DB00000000000000000000000000000000000E3
:105DC00000000000000000000000000000000000D3
:105DD00000000000000000000000000000000000C3
:105DE00000000000000000000000000000000000B3
:105DF00000000000000000000000000000000000A3
:105E00000000000000000000000000000000000092
:105E10000000000000000000000000000000000082
:105E20000000000000000000000000000000000072
:105E30000000000000000000000000000000000062
:105E40000000000000000000000000000000000052
:105E50000000000000000000000000000000000042
:105E60000000000000000000000000000000000032
:105E70000000000000000000000000000000000022
:105E80000000000000000000000000000000000012
:105E90000000000000000000000000000000000002
:105EA00000000000000000000000000000000000F2
:105EB00000000000000000000000000000000000E2
:105EC00000000000000000000000000000000000D2
:105ED00000000000000000000000000000000000C2
:105EE00000000000000000000000000000000000B2
:105EF00000000000000000000000000000000000A2
:105F00000000000000000000000000000000000091
:105F10000000000000000000000000000000000081
:105F20000000000000000000000000000000000071
:105F30000000000000000000000000000000000061
:105F40000000000000000000000000000000000051
:105F50000000000000000000000000000000000041
:105F60000000000000000000000000000000000031
:105F70000000000000000000000000000000000021
:105F80000000000000000000000000000000000011
:105F90000000000000000000000000000000000001
:105FA00000000000000000000000000000000000F1
:105FB00000000000000000000000000000000000E1
:105FC0007FE97FE9BEF74CB87FE97FE9BEF75AB8B1
:105FD0007FE97FE9BEF790B87FE97FE9BEF77AB83D
:105FE0007FE97FE9BEF760B8000000000000000014
:105FF00000000000000000000000000000000000A1
:1060000008697B00500004000100000060005B0094
:10601000A501635350450465322E332E30055820B8
:10602000E30466F6B8470C1F29070B17F1E2D3E922
:106030004D445E3F608087FDC711E4382BB538B60C
:1060400006665348413235360258200000000000F1
:106050000000000000000000000000000000000040
:10606000000000000000000000000040000C0001E3
:1060700000000000000000000000000769D20010CE
:10608000002000504D92F168D3EA2DDA59FED695E2
:106090009AC9BB1CA1E19B43C11066E25CA37AE4F0
:1060A00051FB8402005B003059301306072A8648F2
:1060B000CE3D020106082A8648CE3D030107034271
:1060C00000042ACB403CE8FEED5BA44995A1A91D44
:1060D000AEE8DBBE1937CD14FB2F245737E59539D1
:1060E00088D994B9D65AEBD7CDD5308AD6FE48B2E6
:1060F0004A6A810EE5F07D8B6834CC3A6AFC538E97
:10610000FAC1220047003045022100A7453A3FE985
:10611000F87D3A1D3F1F6DEF03CB10D4E42DD2055F
:10612000C43CB13C6C90582CEEF48802202B02C782
:1061300094B4547AAD4620924726522E3551CC92D3
:10614000A05425FD26DD2FD08CB9D3D466FFFFFFE8
:10615000FFFFFFFFFFFFFFFFFFFFFFFFFFFFFFFF4F
:10616000FFFFFFFFFFFFFFFFFFFFFFFFFFFFFFFF3F
:10617000FFFFFFFFFFFFFFFFFFFFFFFFFFFFFFFF2F
:10618000FFFFFFFFFFFFFFFFFFFFFFFFFFFFFFFF1F
:10619000FFFFFFFFFFFFFFFFFFFFFFFFFFFFFFFF0F
:1061A000FFFFFFFFFFFFFFFFFFFFFFFFFFFFFFFFFF
:1061B000FFFFFFFFFFFFFFFFFFFFFFFFFFFFFFFFEF
:1061C000FFFFFFFFFFFFFFFFFFFFFFFFFFFFFFFFDF
:1061D000FFFFFFFFFFFFFFFFFFFFFFFFFFFFFFFFCF
:1061E000FFFFFFFFFFFFFFFFFFFFFFFFFFFFFFFFBF
:1061F000FFFFFFFFFFFFFFFFFFFFFFFFFFFFFFFFAF
:10620000FFFFFFFFFFFFFFFFFFFFFFFFFFFFFFFF9E
:10621000FFFFFFFFFFFFFFFFFFFFFFFFFFFFFFFF8E
:10622000FFFFFFFFFFFFFFFFFFFFFFFFFFFFFFFF7E
:10623000FFFFFFFFFFFFFFFFFFFFFFFFFFFFFFFF6E
:10624000FFFFFFFFFFFFFFFFFFFFFFFFFFFFFFFF5E
:10625000FFFFFFFFFFFFFFFFFFFFFFFFFFFFFFFF4E
:10626000FFFFFFFFFFFFFFFFFFFFFFFFFFFFFFFF3E
:10627000FFFFFFFFFFFFFFFFFFFFFFFFFFFFFFFF2E
:10628000FFFFFFFFFFFFFFFFFFFFFFFFFFFFFFFF1E
:10629000FFFFFFFFFFFFFFFFFFFFFFFFFFFFFFFF0E
:1062A000FFFFFFFFFFFFFFFFFFFFFFFFFFFFFFFFFE
:1062B000FFFFFFFFFFFFFFFFFFFFFFFFFFFFFFFFEE
:1062C000FFFFFFFFFFFFFFFFFFFFFFFFFFFFFFFFDE
:1062D000FFFFFFFFFFFFFFFFFFFFFFFFFFFFFFFFCE
:1062E000FFFFFFFFFFFFFFFFFFFFFFFFFFFFFFFFBE
:1062F000FFFFFFFFFFFFFFFFFFFFFFFFFFFFFFFFAE
:10630000FFFFFFFFFFFFFFFFFFFFFFFFFFFFFFFF9D
:10631000FFFFFFFFFFFFFFFFFFFFFFFFFFFFFFFF8D
:10632000FFFFFFFFFFFFFFFFFFFFFFFFFFFFFFFF7D
:10633000FFFFFFFFFFFFFFFFFFFFFFFFFFFFFFFF6D
:10634000FFFFFFFFFFFFFFFFFFFFFFFFFFFFFFFF5D
:10635000FFFFFFFFFFFFFFFFFFFFFFFFFFFFFFFF4D
:10636000FFFFFFFFFFFFFFFFFFFFFFFFFFFFFFFF3D
:10637000FFFFFFFFFFFFFFFFFFFFFFFFFFFFFFFF2D
:10638000FFFFFFFFFFFFFFFFFFFFFFFFFFFFFFFF1D
:10639000FFFFFFFFFFFFFFFFFFFFFFFFFFFFFFFF0D
:1063A000FFFFFFFFFFFFFFFFFFFFFFFFFFFFFFFFFD
:1063B000FFFFFFFFFFFFFFFFFFFFFFFFFFFFFFFFED
:1063C000FFFFFFFFFFFFFFFFFFFFFFFFFFFFFFFFDD
:1063D000FFFFFFFFFFFFFFFFFFFFFFFFFFFFFFFFCD
:1063E000FFFFFFFFFFFFFFFFFFFFFFFFFFFFFFFFBD
:1063F000FFFFFFFFFFFFFFFFFFFFFFFFFFFFFFFFAD
:10640000FFFFFFFFFFFFFFFFFFFFFFFFFFFFFFFF9C
:10641000FFFFFFFFFFFFFFFFFFFFFFFFFFFFFFFF8C
:10642000FFFFFFFFFFFFFFFFFFFFFFFFFFFFFFFF7C
:10643000FFFFFFFFFFFFFFFFFFFFFFFFFFFFFFFF6C
:10644000FFFFFFFFFFFFFFFFFFFFFFFFFFFFFFFF5C
:10645000FFFFFFFFFFFFFFFFFFFFFFFFFFFFFFFF4C
:10646000FFFFFFFFFFFFFFFFFFFFFFFFFFFFFFFF3C
:10647000FFFFFFFFFFFFFFFFFFFFFFFFFFFFFFFF2C
:10648000FFFFFFFFFFFFFFFFFFFFFFFFFFFFFFFF1C
:10649000FFFFFFFFFFFFFFFFFFFFFFFFFFFFFFFF0C
:1064A000FFFFFFFFFFFFFFFFFFFFFFFFFFFFFFFFFC
:1064B000FFFFFFFFFFFFFFFFFFFFFFFFFFFFFFFFEC
:1064C000FFFFFFFFFFFFFFFFFFFFFFFFFFFFFFFFDC
:1064D000FFFFFFFFFFFFFFFFFFFFFFFFFFFFFFFFCC
:1064E000FFFFFFFFFFFFFFFFFFFFFFFFFFFFFFFFBC
:1064F000FFFFFFFFFFFFFFFFFFFFFFFFFFFFFFFFAC
:10650000FFFFFFFFFFFFFFFFFFFFFFFFFFFFFFFF9B
:10651000FFFFFFFFFFFFFFFFFFFFFFFFFFFFFFFF8B
:10652000FFFFFFFFFFFFFFFFFFFFFFFFFFFFFFFF7B
:10653000FFFFFFFFFFFFFFFFFFFFFFFFFFFFFFFF6B
:10654000FFFFFFFFFFFFFFFFFFFFFFFFFFFFFFFF5B
:10655000FFFFFFFFFFFFFFFFFFFFFFFFFFFFFFFF4B
:10656000FFFFFFFFFFFFFFFFFFFFFFFFFFFFFFFF3B
:10657000FFFFFFFFFFFFFFFFFFFFFFFFFFFFFFFF2B
:10658000FFFFFFFFFFFFFFFFFFFFFFFFFFFFFFFF1B
:10659000FFFFFFFFFFFFFFFFFFFFFFFFFFFFFFFF0B
:1065A000FFFFFFFFFFFFFFFFFFFFFFFFFFFFFFFFFB
:1065B000FFFFFFFFFFFFFFFFFFFFFFFFFFFFFFFFEB
:1065C000FFFFFFFFFFFFFFFFFFFFFFFFFFFFFFFFDB
:1065D000FFFFFFFFFFFFFFFFFFFFFFFFFFFFFFFFCB
:1065E000FFFFFFFFFFFFFFFFFFFFFFFFFFFFFFFFBB
:1065F000FFFFFFFFFFFFFFFFFFFFFFFFFFFFFFFFAB
:10660000FFFFFFFFFFFFFFFFFFFFFFFFFFFFFFFF9A
:10661000FFFFFFFFFFFFFFFFFFFFFFFFFFFFFFFF8A
:10662000FFFFFFFFFFFFFFFFFFFFFFFFFFFFFFFF7A
:10663000FFFFFFFFFFFFFFFFFFFFFFFFFFFFFFFF6A
:10664000FFFFFFFFFFFFFFFFFFFFFFFFFFFFFFFF5A
:10665000FFFFFFFFFFFFFFFFFFFFFFFFFFFFFFFF4A
:10666000FFFFFFFFFFFFFFFFFFFFFFFFFFFFFFFF3A
:10667000FFFFFFFFFFFFFFFFFFFFFFFFFFFFFFFF2A
:10668000FFFFFFFFFFFFFFFFFFFFFFFFFFFFFFFF1A
:10669000FFFFFFFFFFFFFFFFFFFFFFFFFFFFFFFF0A
:1066A000FFFFFFFFFFFFFFFFFFFFFFFFFFFFFFFFFA
:1066B000FFFFFFFFFFFFFFFFFFFFFFFFFFFFFFFFEA
:1066C000FFFFFFFFFFFFFFFFFFFFFFFFFFFFFFFFDA
:1066D000FFFFFFFFFFFFFFFFFFFFFFFFFFFFFFFFCA
:1066E000FFFFFFFFFFFFFFFFFFFFFFFFFFFFFFFFBA
:1066F000FFFFFFFFFFFFFFFFFFFFFFFFFFFFFFFFAA
:10670000FFFFFFFFFFFFFFFFFFFFFFFFFFFFFFFF99
:10671000FFFFFFFFFFFFFFFFFFFFFFFFFFFFFFFF89
:10672000FFFFFFFFFFFFFFFFFFFFFFFFFFFFFFFF79
:10673000FFFFFFFFFFFFFFFFFFFFFFFFFFFFFFFF69
:10674000FFFFFFFFFFFFFFFFFFFFFFFFFFFFFFFF59
:10675000FFFFFFFFFFFFFFFFFFFFFFFFFFFFFFFF49
:10676000FFFFFFFFFFFFFFFFFFFFFFFFFFFFFFFF39
:10677000FFFFFFFFFFFFFFFFFFFFFFFFFFFFFFFF29
:10678000FFFFFFFFFFFFFFFFFFFFFFFFFFFFFFFF19
:10679000FFFFFFFFFFFFFFFFFFFFFFFFFFFFFFFF09
:1067A000FFFFFFFFFFFFFFFFFFFFFFFFFFFFFFFFF9
:1067B000FFFFFFFFFFFFFFFFFFFFFFFFFFFFFFFFE9
:1067C000FFFFFFFFFFFFFFFFFFFFFFFFFFFFFFFFD9
:1067D000FFFFFFFFFFFFFFFFFFFFFFFFFFFFFFFFC9
:1067E000FFFFFFFFFFFFFFFFFFFFFFFFFFFFFFFFB9
:1067F000FFFFFFFFFFFFFFFFFFFFFFFFFFFFFFFFA9
:10680000FFFFFFFFFFFFFFFFFFFFFFFFFFFFFFFF98
:10681000FFFFFFFFFFFFFFFFFFFFFFFFFFFFFFFF88
:10682000FFFFFFFFFFFFFFFFFFFFFFFFFFFFFFFF78
:10683000FFFFFFFFFFFFFFFFFFFFFFFFFFFFFFFF68
:10684000FFFFFFFFFFFFFFFFFFFFFFFFFFFFFFFF58
:10685000FFFFFFFFFFFFFFFFFFFFFFFFFFFFFFFF48
:10686000FFFFFFFFFFFFFFFFFFFFFFFFFFFFFFFF38
:10687000FFFFFFFFFFFFFFFFFFFFFFFFFFFFFFFF28
:10688000FFFFFFFFFFFFFFFFFFFFFFFFFFFFFFFF18
:10689000FFFFFFFFFFFFFFFFFFFFFFFFFFFFFFFF08
:1068A000FFFFFFFFFFFFFFFFFFFFFFFFFFFFFFFFF8
:1068B000FFFFFFFFFFFFFFFFFFFFFFFFFFFFFFFFE8
:1068C000FFFFFFFFFFFFFFFFFFFFFFFFFFFFFFFFD8
:1068D000FFFFFFFFFFFFFFFFFFFFFFFFFFFFFFFFC8
:1068E000FFFFFFFFFFFFFFFFFFFFFFFFFFFFFFFFB8
:1068F000FFFFFFFFFFFFFFFFFFFFFFFFFFFFFFFFA8
:10690000FFFFFFFFFFFFFFFFFFFFFFFFFFFFFFFF97
:10691000FFFFFFFFFFFFFFFFFFFFFFFFFFFFFFFF87
:10692000FFFFFFFFFFFFFFFFFFFFFFFFFFFFFFFF77
:10693000FFFFFFFFFFFFFFFFFFFFFFFFFFFFFFFF67
:10694000FFFFFFFFFFFFFFFFFFFFFFFFFFFFFFFF57
:10695000FFFFFFFFFFFFFFFFFFFFFFFFFFFFFFFF47
:10696000FFFFFFFFFFFFFFFFFFFFFFFFFFFFFFFF37
:10697000FFFFFFFFFFFFFFFFFFFFFFFFFFFFFFFF27
:10698000FFFFFFFFFFFFFFFFFFFFFFFFFFFFFFFF17
:10699000FFFFFFFFFFFFFFFFFFFFFFFFFFFFFFFF07
:1069A000FFFFFFFFFFFFFFFFFFFFFFFFFFFFFFFFF7
:1069B000FFFFFFFFFFFFFFFFFFFFFFFFFFFFFFFFE7
:1069C000FFFFFFFFFFFFFFFFFFFFFFFFFFFFFFFFD7
:1069D000FFFFFFFFFFFFFFFFFFFFFFFFFFFFFFFFC7
:1069E000FFFFFFFFFFFFFFFFFFFFFFFFFFFFFFFFB7
:1069F000FFFFFFFFFFFFFFFFFFFFFFFFFFFFFFFFA7
:106A0000FFFFFFFFFFFFFFFFFFFFFFFFFFFFFFFF96
:106A1000FFFFFFFFFFFFFFFFFFFFFFFFFFFFFFFF86
:106A2000FFFFFFFFFFFFFFFFFFFFFFFFFFFFFFFF76
:106A3000FFFFFFFFFFFFFFFFFFFFFFFFFFFFFFFF66
:106A4000FFFFFFFFFFFFFFFFFFFFFFFFFFFFFFFF56
:106A5000FFFFFFFFFFFFFFFFFFFFFFFFFFFFFFFF46
:106A6000FFFFFFFFFFFFFFFFFFFFFFFFFFFFFFFF36
:106A7000FFFFFFFFFFFFFFFFFFFFFFFFFFFFFFFF26
:106A8000FFFFFFFFFFFFFFFFFFFFFFFFFFFFFFFF16
:106A9000FFFFFFFFFFFFFFFFFFFFFFFFFFFFFFFF06
:106AA000FFFFFFFFFFFFFFFFFFFFFFFFFFFFFFFFF6
:106AB000FFFFFFFFFFFFFFFFFFFFFFFFFFFFFFFFE6
:106AC000FFFFFFFFFFFFFFFFFFFFFFFFFFFFFFFFD6
:106AD000FFFFFFFFFFFFFFFFFFFFFFFFFFFFFFFFC6
:106AE000FFFFFFFFFFFFFFFFFFFFFFFFFFFFFFFFB6
:106AF000FFFFFFFFFFFFFFFFFFFFFFFFFFFFFFFFA6
:106B0000FFFFFFFFFFFFFFFFFFFFFFFFFFFFFFFF95
:106B1000FFFFFFFFFFFFFFFFFFFFFFFFFFFFFFFF85
:106B2000FFFFFFFFFFFFFFFFFFFFFFFFFFFFFFFF75
:106B3000FFFFFFFFFFFFFFFFFFFFFFFFFFFFFFFF65
:106B4000FFFFFFFFFFFFFFFFFFFFFFFFFFFFFFFF55
:106B5000FFFFFFFFFFFFFFFFFFFFFFFFFFFFFFFF45
:106B6000FFFFFFFFFFFFFFFFFFFFFFFFFFFFFFFF35
:106B7000FFFFFFFFFFFFFFFFFFFFFFFFFFFFFFFF25
:106B8000FFFFFFFFFFFFFFFFFFFFFFFFFFFFFFFF15
:106B9000FFFFFFFFFFFFFFFFFFFFFFFFFFFFFFFF05
:106BA000FFFFFFFFFFFFFFFFFFFFFFFFFFFFFFFFF5
:106BB000FFFFFFFFFFFFFFFFFFFFFFFFFFFFFFFFE5
:106BC000FFFFFFFFFFFFFFFFFFFFFFFFFFFFFFFFD5
:106BD000FFFFFFFFFFFFFFFFFFFFFFFFFFFFFFFFC5
:106BE000FFFFFFFFFFFFFFFFFFFFFFFFFFFFFFFFB5
:106BF000FFFFFFFFFFFFFFFFFFFFFFFFFFFFFFFFA5
:106C0000FFFFFFFFFFFFFFFFFFFFFFFFFFFFFFFF94
:106C1000FFFFFFFFFFFFFFFFFFFFFFFFFFFFFFFF84
:106C2000FFFFFFFFFFFFFFFFFFFFFFFFFFFFFFFF74
:106C3000FFFFFFFFFFFFFFFFFFFFFFFFFFFFFFFF64
:106C4000FFFFFFFFFFFFFFFFFFFFFFFFFFFFFFFF54
:106C5000FFFFFFFFFFFFFFFFFFFFFFFFFFFFFFFF44
:106C6000FFFFFFFFFFFFFFFFFFFFFFFFFFFFFFFF34
:106C7000FFFFFFFFFFFFFFFFFFFFFFFFFFFFFFFF24
:106C8000FFFFFFFFFFFFFFFFFFFFFFFFFFFFFFFF14
:106C9000FFFFFFFFFFFFFFFFFFFFFFFFFFFFFFFF04
:106CA000FFFFFFFFFFFFFFFFFFFFFFFFFFFFFFFFF4
:106CB000FFFFFFFFFFFFFFFFFFFFFFFFFFFFFFFFE4
:106CC000FFFFFFFFFFFFFFFFFFFFFFFFFFFFFFFFD4
:106CD000FFFFFFFFFFFFFFFFFFFFFFFFFFFFFFFFC4
:106CE000FFFFFFFFFFFFFFFFFFFFFFFFFFFFFFFFB4
:106CF000FFFFFFFFFFFFFFFFFFFFFFFFFFFFFFFFA4
:106D0000FFFFFFFFFFFFFFFFFFFFFFFFFFFFFFFF93
:106D1000FFFFFFFFFFFFFFFFFFFFFFFFFFFFFFFF83
:106D2000FFFFFFFFFFFFFFFFFFFFFFFFFFFFFFFF73
:106D3000FFFFFFFFFFFFFFFFFFFFFFFFFFFFFFFF63
:106D4000FFFFFFFFFFFFFFFFFFFFFFFFFFFFFFFF53
:106D5000FFFFFFFFFFFFFFFFFFFFFFFFFFFFFFFF43
:106D6000FFFFFFFFFFFFFFFFFFFFFFFFFFFFFFFF33
:106D7000FFFFFFFFFFFFFFFFFFFFFFFFFFFFFFFF23
:106D8000FFFFFFFFFFFFFFFFFFFFFFFFFFFFFFFF13
:106D9000FFFFFFFFFFFFFFFFFFFFFFFFFFFFFFFF03
:106DA000FFFFFFFFFFFFFFFFFFFFFFFFFFFFFFFFF3
:106DB000FFFFFFFFFFFFFFFFFFFFFFFFFFFFFFFFE3
:106DC000FFFFFFFFFFFFFFFFFFFFFFFFFFFFFFFFD3
:106DD000FFFFFFFFFFFFFFFFFFFFFFFFFFFFFFFFC3
:106DE000FFFFFFFFFFFFFFFFFFFFFFFFFFFFFFFFB3
:106DF000FFFFFFFFFFFFFFFFFFFFFFFFFFFFFFFFA3
:106E0000FFFFFFFFFFFFFFFFFFFFFFFFFFFFFFFF92
:106E1000FFFFFFFFFFFFFFFFFFFFFFFFFFFFFFFF82
:106E2000FFFFFFFFFFFFFFFFFFFFFFFFFFFFFFFF72
:106E3000FFFFFFFFFFFFFFFFFFFFFFFFFFFFFFFF62
:106E4000FFFFFFFFFFFFFFFFFFFFFFFFFFFFFFFF52
:106E5000FFFFFFFFFFFFFFFFFFFFFFFFFFFFFFFF42
:106E6000FFFFFFFFFFFFFFFFFFFFFFFFFFFFFFFF32
:106E7000FFFFFFFFFFFFFFFFFFFFFFFFFFFFFFFF22
:106E8000FFFFFFFFFFFFFFFFFFFFFFFFFFFFFFFF12
:106E9000FFFFFFFFFFFFFFFFFFFFFFFFFFFFFFFF02
:106EA000FFFFFFFFFFFFFFFFFFFFFFFFFFFFFFFFF2
:106EB000FFFFFFFFFFFFFFFFFFFFFFFFFFFFFFFFE2
:106EC000FFFFFFFFFFFFFFFFFFFFFFFFFFFFFFFFD2
:106ED000FFFFFFFFFFFFFFFFFFFFFFFFFFFFFFFFC2
:106EE000FFFFFFFFFFFFFFFFFFFFFFFFFFFFFFFFB2
:106EF000FFFFFFFFFFFFFFFFFFFFFFFFFFFFFFFFA2
:106F0000FFFFFFFFFFFFFFFFFFFFFFFFFFFFFFFF91
:106F1000FFFFFFFFFFFFFFFFFFFFFFFFFFFFFFFF81
:106F2000FFFFFFFFFFFFFFFFFFFFFFFFFFFFFFFF71
:106F3000FFFFFFFFFFFFFFFFFFFFFFFFFFFFFFFF61
:106F4000FFFFFFFFFFFFFFFFFFFFFFFFFFFFFFFF51
:106F5000FFFFFFFFFFFFFFFFFFFFFFFFFFFFFFFF41
:106F6000FFFFFFFFFFFFFFFFFFFFFFFFFFFFFFFF31
:106F7000FFFFFFFFFFFFFFFFFFFFFFFFFFFFFFFF21
:106F8000FFFFFFFFFFFFFFFFFFFFFFFFFFFFFFFF11
:106F9000FFFFFFFFFFFFFFFFFFFFFFFFFFFFFFFF01
:106FA000FFFFFFFFFFFFFFFFFFFFFFFFFFFFFFFFF1
:106FB000FFFFFFFFFFFFFFFFFFFFFFFFFFFFFFFFE1
:106FC000FFFFFFFFFFFFFFFFFFFFFFFFFFFFFFFFD1
:106FD000FFFFFFFFFFFFFFFFFFFFFFFFFFFFFFFFC1
:106FE000FFFFFFFFFFFFFFFFFFFFFFFFFFFFFFFFB1
:106FF000FFFFFFFFFFFFFFFFFFFFFFFFFFFFFFFFA1
:10700000FFFFFFFFFFFFFFFFFFFFFFFFFFFFFFFF90
:10701000FFFFFFFFFFFFFFFFFFFFFFFFFFFFFFFF80
:10702000FFFFFFFFFFFFFFFFFFFFFFFFFFFFFFFF70
:10703000FFFFFFFFFFFFFFFFFFFFFFFFFFFFFFFF60
:10704000FFFFFFFFFFFFFFFFFFFFFFFFFFFFFFFF50
:10705000FFFFFFFFFFFFFFFFFFFFFFFFFFFFFFFF40
:10706000FFFFFFFFFFFFFFFFFFFFFFFFFFFFFFFF30
:10707000FFFFFFFFFFFFFFFFFFFFFFFFFFFFFFFF20
:10708000FFFFFFFFFFFFFFFFFFFFFFFFFFFFFFFF10
:10709000FFFFFFFFFFFFFFFFFFFFFFFFFFFFFFFF00
:1070A000FFFFFFFFFFFFFFFFFFFFFFFFFFFFFFFFF0
:1070B000FFFFFFFFFFFFFFFFFFFFFFFFFFFFFFFFE0
:1070C000FFFFFFFFFFFFFFFFFFFFFFFFFFFFFFFFD0
:1070D000FFFFFFFFFFFFFFFFFFFFFFFFFFFFFFFFC0
:1070E000FFFFFFFFFFFFFFFFFFFFFFFFFFFFFFFFB0
:1070F000FFFFFFFFFFFFFFFFFFFFFFFFFFFFFFFFA0
:10710000FFFFFFFFFFFFFFFFFFFFFFFFFFFFFFFF8F
:10711000FFFFFFFFFFFFFFFFFFFFFFFFFFFFFFFF7F
:10712000FFFFFFFFFFFFFFFFFFFFFFFFFFFFFFFF6F
:10713000FFFFFFFFFFFFFFFFFFFFFFFFFFFFFFFF5F
:10714000FFFFFFFFFFFFFFFFFFFFFFFFFFFFFFFF4F
:10715000FFFFFFFFFFFFFFFFFFFFFFFFFFFFFFFF3F
:10716000FFFFFFFFFFFFFFFFFFFFFFFFFFFFFFFF2F
:10717000FFFFFFFFFFFFFFFFFFFFFFFFFFFFFFFF1F
:10718000FFFFFFFFFFFFFFFFFFFFFFFFFFFFFFFF0F
:10719000FFFFFFFFFFFFFFFFFFFFFFFFFFFFFFFFFF
:1071A000FFFFFFFFFFFFFFFFFFFFFFFFFFFFFFFFEF
:1071B000FFFFFFFFFFFFFFFFFFFFFFFFFFFFFFFFDF
:1071C000FFFFFFFFFFFFFFFFFFFFFFFFFFFFFFFFCF
:1071D000FFFFFFFFFFFFFFFFFFFFFFFFFFFFFFFFBF
:1071E000FFFFFFFFFFFFFFFFFFFFFFFFFFFFFFFFAF
:1071F000FFFFFFFFFFFFFFFFFFFFFFFFFFFFFFFF9F
:10720000FFFFFFFFFFFFFFFFFFFFFFFFFFFFFFFF8E
:10721000FFFFFFFFFFFFFFFFFFFFFFFFFFFFFFFF7E
:10722000FFFFFFFFFFFFFFFFFFFFFFFFFFFFFFFF6E
:10723000FFFFFFFFFFFFFFFFFFFFFFFFFFFFFFFF5E
:10724000FFFFFFFFFFFFFFFFFFFFFFFFFFFFFFFF4E
:10725000FFFFFFFFFFFFFFFFFFFFFFFFFFFFFFFF3E
:10726000FFFFFFFFFFFFFFFFFFFFFFFFFFFFFFFF2E
:10727000FFFFFFFFFFFFFFFFFFFFFFFFFFFFFFFF1E
:10728000FFFFFFFFFFFFFFFFFFFFFFFFFFFFFFFF0E
:10729000FFFFFFFFFFFFFFFFFFFFFFFFFFFFFFFFFE
:1072A000FFFFFFFFFFFFFFFFFFFFFFFFFFFFFFFFEE
:1072B000FFFFFFFFFFFFFFFFFFFFFFFFFFFFFFFFDE
:1072C000FFFFFFFFFFFFFFFFFFFFFFFFFFFFFFFFCE
:1072D000FFFFFFFFFFFFFFFFFFFFFFFFFFFFFFFFBE
:1072E000FFFFFFFFFFFFFFFFFFFFFFFFFFFFFFFFAE
:1072F000FFFFFFFFFFFFFFFFFFFFFFFFFFFFFFFF9E
:10730000FFFFFFFFFFFFFFFFFFFFFFFFFFFFFFFF8D
:10731000FFFFFFFFFFFFFFFFFFFFFFFFFFFFFFFF7D
:10732000FFFFFFFFFFFFFFFFFFFFFFFFFFFFFFFF6D
:10733000FFFFFFFFFFFFFFFFFFFFFFFFFFFFFFFF5D
:10734000FFFFFFFFFFFFFFFFFFFFFFFFFFFFFFFF4D
:10735000FFFFFFFFFFFFFFFFFFFFFFFFFFFFFFFF3D
:10736000FFFFFFFFFFFFFFFFFFFFFFFFFFFFFFFF2D
:10737000FFFFFFFFFFFFFFFFFFFFFFFFFFFFFFFF1D
:10738000FFFFFFFFFFFFFFFFFFFFFFFFFFFFFFFF0D
:10739000FFFFFFFFFFFFFFFFFFFFFFFFFFFFFFFFFD
:1073A000FFFFFFFFFFFFFFFFFFFFFFFFFFFFFFFFED
:1073B000FFFFFFFFFFFFFFFFFFFFFFFFFFFFFFFFDD
:1073C000FFFFFFFFFFFFFFFFFFFFFFFFFFFFFFFFCD
:1073D000FFFFFFFFFFFFFFFFFFFFFFFFFFFFFFFFBD
:1073E000FFFFFFFFFFFFFFFFFFFFFFFFFFFFFFFFAD
:1073F000FFFFFFFFFFFFFFFFFFFFFFFFFFFFFFFF9D
:10740000FFFFFFFFFFFFFFFFFFFFFFFFFFFFFFFF8C
:10741000FFFFFFFFFFFFFFFFFFFFFFFFFFFFFFFF7C
:10742000FFFFFFFFFFFFFFFFFFFFFFFFFFFFFFFF6C
:10743000FFFFFFFFFFFFFFFFFFFFFFFFFFFFFFFF5C
:10744000FFFFFFFFFFFFFFFFFFFFFFFFFFFFFFFF4C
:10745000FFFFFFFFFFFFFFFFFFFFFFFFFFFFFFFF3C
:10746000FFFFFFFFFFFFFFFFFFFFFFFFFFFFFFFF2C
:10747000FFFFFFFFFFFFFFFFFFFFFFFFFFFFFFFF1C
:10748000FFFFFFFFFFFFFFFFFFFFFFFFFFFFFFFF0C
:10749000FFFFFFFFFFFFFFFFFFFFFFFFFFFFFFFFFC
:1074A000FFFFFFFFFFFFFFFFFFFFFFFFFFFFFFFFEC
:1074B000FFFFFFFFFFFFFFFFFFFFFFFFFFFFFFFFDC
:1074C000FFFFFFFFFFFFFFFFFFFFFFFFFFFFFFFFCC
:1074D000FFFFFFFFFFFFFFFFFFFFFFFFFFFFFFFFBC
:1074E000FFFFFFFFFFFFFFFFFFFFFFFFFFFFFFFFAC
:1074F000FFFFFFFFFFFFFFFFFFFFFFFFFFFFFFFF9C
:10750000FFFFFFFFFFFFFFFFFFFFFFFFFFFFFFFF8B
:10751000FFFFFFFFFFFFFFFFFFFFFFFFFFFFFFFF7B
:10752000FFFFFFFFFFFFFFFFFFFFFFFFFFFFFFFF6B
:10753000FFFFFFFFFFFFFFFFFFFFFFFFFFFFFFFF5B
:10754000FFFFFFFFFFFFFFFFFFFFFFFFFFFFFFFF4B
:10755000FFFFFFFFFFFFFFFFFFFFFFFFFFFFFFFF3B
:10756000FFFFFFFFFFFFFFFFFFFFFFFFFFFFFFFF2B
:10757000FFFFFFFFFFFFFFFFFFFFFFFFFFFFFFFF1B
:10758000FFFFFFFFFFFFFFFFFFFFFFFFFFFFFFFF0B
:10759000FFFFFFFFFFFFFFFFFFFFFFFFFFFFFFFFFB
:1075A000FFFFFFFFFFFFFFFFFFFFFFFFFFFFFFFFEB
:1075B000FFFFFFFFFFFFFFFFFFFFFFFFFFFFFFFFDB
:1075C000FFFFFFFFFFFFFFFFFFFFFFFFFFFFFFFFCB
:1075D000FFFFFFFFFFFFFFFFFFFFFFFFFFFFFFFFBB
:1075E000FFFFFFFFFFFFFFFFFFFFFFFFFFFFFFFFAB
:1075F000FFFFFFFFFFFFFFFFFFFFFFFFFFFFFFFF9B
:10760000FFFFFFFFFFFFFFFFFFFFFFFFFFFFFFFF8A
:10761000FFFFFFFFFFFFFFFFFFFFFFFFFFFFFFFF7A
:10762000FFFFFFFFFFFFFFFFFFFFFFFFFFFFFFFF6A
:10763000FFFFFFFFFFFFFFFFFFFFFFFFFFFFFFFF5A
:10764000FFFFFFFFFFFFFFFFFFFFFFFFFFFFFFFF4A
:10765000FFFFFFFFFFFFFFFFFFFFFFFFFFFFFFFF3A
:10766000FFFFFFFFFFFFFFFFFFFFFFFFFFFFFFFF2A
:10767000FFFFFFFFFFFFFFFFFFFFFFFFFFFFFFFF1A
:10768000FFFFFFFFFFFFFFFFFFFFFFFFFFFFFFFF0A
:10769000FFFFFFFFFFFFFFFFFFFFFFFFFFFFFFFFFA
:1076A000FFFFFFFFFFFFFFFFFFFFFFFFFFFFFFFFEA
:1076B000FFFFFFFFFFFFFFFFFFFFFFFFFFFFFFFFDA
:1076C000FFFFFFFFFFFFFFFFFFFFFFFFFFFFFFFFCA
:1076D000FFFFFFFFFFFFFFFFFFFFFFFFFFFFFFFFBA
:1076E000FFFFFFFFFFFFFFFFFFFFFFFFFFFFFFFFAA
:1076F000FFFFFFFFFFFFFFFFFFFFFFFFFFFFFFFF9A
:10770000FFFFFFFFFFFFFFFFFFFFFFFFFFFFFFFF89
:10771000FFFFFFFFFFFFFFFFFFFFFFFFFFFFFFFF79
:10772000FFFFFFFFFFFFFFFFFFFFFFFFFFFFFFFF69
:10773000FFFFFFFFFFFFFFFFFFFFFFFFFFFFFFFF59
:10774000FFFFFFFFFFFFFFFFFFFFFFFFFFFFFFFF49
:10775000FFFFFFFFFFFFFFFFFFFFFFFFFFFFFFFF39
:10776000FFFFFFFFFFFFFFFFFFFFFFFFFFFFFFFF29
:10777000FFFFFFFFFFFFFFFFFFFFFFFFFFFFFFFF19
:10778000FFFFFFFFFFFFFFFFFFFFFFFFFFFFFFFF09
:10779000FFFFFFFFFFFFFFFFFFFFFFFFFFFFFFFFF9
:1077A000FFFFFFFFFFFFFFFFFFFFFFFFFFFFFFFFE9
:1077B000FFFFFFFFFFFFFFFFFFFFFFFFFFFFFFFFD9
:1077C000FFFFFFFFFFFFFFFFFFFFFFFFFFFFFFFFC9
:1077D000FFFFFFFFFFFFFFFFFFFFFFFFFFFFFFFFB9
:1077E000FFFFFFFFFFFFFFFFFFFFFFFFFFFFFFFFA9
:1077F000FFFFFFFFFFFFFFFFFFFFFFFFFFFFFFFF99
:10780000FFFFFFFFFFFFFFFFFFFFFFFFFFFFFFFF88
:10781000FFFFFFFFFFFFFFFFFFFFFFFFFFFFFFFF78
:10782000FFFFFFFFFFFFFFFFFFFFFFFFFFFFFFFF68
:10783000FFFFFFFFFFFFFFFFFFFFFFFFFFFFFFFF58
:10784000FFFFFFFFFFFFFFFFFFFFFFFFFFFFFFFF48
:10785000FFFFFFFFFFFFFFFFFFFFFFFFFFFFFFFF38
:10786000FFFFFFFFFFFFFFFFFFFFFFFFFFFFFFFF28
:10787000FFFFFFFFFFFFFFFFFFFFFFFFFFFFFFFF18
:10788000FFFFFFFFFFFFFFFFFFFFFFFFFFFFFFFF08
:10789000FFFFFFFFFFFFFFFFFFFFFFFFFFFFFFFFF8
:1078A000FFFFFFFFFFFFFFFFFFFFFFFFFFFFFFFFE8
:1078B000FFFFFFFFFFFFFFFFFFFFFFFFFFFFFFFFD8
:1078C000FFFFFFFFFFFFFFFFFFFFFFFFFFFFFFFFC8
:1078D000FFFFFFFFFFFFFFFFFFFFFFFFFFFFFFFFB8
:1078E000FFFFFFFFFFFFFFFFFFFFFFFFFFFFFFFFA8
:1078F000FFFFFFFFFFFFFFFFFFFFFFFFFFFFFFFF98
:10790000FFFFFFFFFFFFFFFFFFFFFFFFFFFFFFFF87
:10791000FFFFFFFFFFFFFFFFFFFFFFFFFFFFFFFF77
:10792000FFFFFFFFFFFFFFFFFFFFFFFFFFFFFFFF67
:10793000FFFFFFFFFFFFFFFFFFFFFFFFFFFFFFFF57
:10794000FFFFFFFFFFFFFFFFFFFFFFFFFFFFFFFF47
:10795000FFFFFFFFFFFFFFFFFFFFFFFFFFFFFFFF37
:10796000FFFFFFFFFFFFFFFFFFFFFFFFFFFFFFFF27
:10797000FFFFFFFFFFFFFFFFFFFFFFFFFFFFFFFF17
:10798000FFFFFFFFFFFFFFFFFFFFFFFFFFFFFFFF07
:10799000FFFFFFFFFFFFFFFFFFFFFFFFFFFFFFFFF7
:1079A000FFFFFFFFFFFFFFFFFFFFFFFFFFFFFFFFE7
:1079B000FFFFFFFFFFFFFFFFFFFFFFFFFFFFFFFFD7
:1079C000FFFFFFFFFFFFFFFFFFFFFFFFFFFFFFFFC7
:1079D000FFFFFFFFFFFFFFFFFFFFFFFFFFFFFFFFB7
:1079E000FFFFFFFFFFFFFFFFFFFFFFFFFFFFFFFFA7
:1079F000FFFFFFFFFFFFFFFFFFFFFFFFFFFFFFFF97
:107A0000FFFFFFFFFFFFFFFFFFFFFFFFFFFFFFFF86
:107A1000FFFFFFFFFFFFFFFFFFFFFFFFFFFFFFFF76
:107A2000FFFFFFFFFFFFFFFFFFFFFFFFFFFFFFFF66
:107A3000FFFFFFFFFFFFFFFFFFFFFFFFFFFFFFFF56
:107A4000FFFFFFFFFFFFFFFFFFFFFFFFFFFFFFFF46
:107A5000FFFFFFFFFFFFFFFFFFFFFFFFFFFFFFFF36
:107A6000FFFFFFFFFFFFFFFFFFFFFFFFFFFFFFFF26
:107A7000FFFFFFFFFFFFFFFFFFFFFFFFFFFFFFFF16
:107A8000FFFFFFFFFFFFFFFFFFFFFFFFFFFFFFFF06
:107A9000FFFFFFFFFFFFFFFFFFFFFFFFFFFFFFFFF6
:107AA000FFFFFFFFFFFFFFFFFFFFFFFFFFFFFFFFE6
:107AB000FFFFFFFFFFFFFFFFFFFFFFFFFFFFFFFFD6
:107AC000FFFFFFFFFFFFFFFFFFFFFFFFFFFFFFFFC6
:107AD000FFFFFFFFFFFFFFFFFFFFFFFFFFFFFFFFB6
:107AE000FFFFFFFFFFFFFFFFFFFFFFFFFFFFFFFFA6
:107AF000FFFFFFFFFFFFFFFFFFFFFFFFFFFFFFFF96
:107B0000FFFFFFFFFFFFFFFFFFFFFFFFFFFFFFFF85
:107B1000FFFFFFFFFFFFFFFFFFFFFFFFFFFFFFFF75
:107B2000FFFFFFFFFFFFFFFFFFFFFFFFFFFFFFFF65
:107B3000FFFFFFFFFFFFFFFFFFFFFFFFFFFFFFFF55
:107B4000FFFFFFFFFFFFFFFFFFFFFFFFFFFFFFFF45
:107B5000FFFFFFFFFFFFFFFFFFFFFFFFFFFFFFFF35
:107B6000FFFFFFFFFFFFFFFFFFFFFFFFFFFFFFFF25
:107B7000FFFFFFFFFFFFFFFFFFFFFFFFFFFFFFFF15
:107B8000FFFFFFFFFFFFFFFFFFFFFFFFFFFFFFFF05
:107B9000FFFFFFFFFFFFFFFFFFFFFFFFFFFFFFFFF5
:107BA000FFFFFFFFFFFFFFFFFFFFFFFFFFFFFFFFE5
:107BB000FFFFFFFFFFFFFFFFFFFFFFFFFFFFFFFFD5
:107BC000FFFFFFFFFFFFFFFFFFFFFFFFFFFFFFFFC5
:107BD000FFFFFFFFFFFFFFFFFFFFFFFFFFFFFFFFB5
:107BE000FFFFFFFFFFFFFFFFFFFFFFFFFFFFFFFFA5
:107BF000FFFFFFFFFFFFFFFFFFFFFFFFFFFFFFFF95
:107C0000FFFFFFFFFFFFFFFFFFFFFFFFFFFFFFFF84
:107C1000FFFFFFFFFFFFFFFFFFFFFFFFFFFFFFFF74
:107C2000FFFFFFFFFFFFFFFFFFFFFFFFFFFFFFFF64
:107C3000FFFFFFFFFFFFFFFFFFFFFFFFFFFFFFFF54
:107C4000FFFFFFFFFFFFFFFFFFFFFFFFFFFFFFFF44
:107C5000FFFFFFFFFFFFFFFFFFFFFFFFFFFFFFFF34
:107C6000FFFFFFFFFFFFFFFFFFFFFFFFFFFFFFFF24
:107C7000FFFFFFFFFFFFFFFFFFFFFFFFFFFFFFFF14
:107C8000FFFFFFFFFFFFFFFFFFFFFFFFFFFFFFFF04
:107C9000FFFFFFFFFFFFFFFFFFFFFFFFFFFFFFFFF4
:107CA000FFFFFFFFFFFFFFFFFFFFFFFFFFFFFFFFE4
:107CB000FFFFFFFFFFFFFFFFFFFFFFFFFFFFFFFFD4
:107CC000FFFFFFFFFFFFFFFFFFFFFFFFFFFFFFFFC4
:107CD000FFFFFFFFFFFFFFFFFFFFFFFFFFFFFFFFB4
:107CE000FFFFFFFFFFFFFFFFFFFFFFFFFFFFFFFFA4
:107CF000FFFFFFFFFFFFFFFFFFFFFFFFFFFFFFFF94
:107D0000FFFFFFFFFFFFFFFFFFFFFFFFFFFFFFFF83
:107D1000FFFFFFFFFFFFFFFFFFFFFFFFFFFFFFFF73
:107D2000FFFFFFFFFFFFFFFFFFFFFFFFFFFFFFFF63
:107D3000FFFFFFFFFFFFFFFFFFFFFFFFFFFFFFFF53
:107D4000FFFFFFFFFFFFFFFFFFFFFFFFFFFFFFFF43
:107D5000FFFFFFFFFFFFFFFFFFFFFFFFFFFFFFFF33
:107D6000FFFFFFFFFFFFFFFFFFFFFFFFFFFFFFFF23
:107D7000FFFFFFFFFFFFFFFFFFFFFFFFFFFFFFFF13
:107D8000FFFFFFFFFFFFFFFFFFFFFFFFFFFFFFFF03
:107D9000FFFFFFFFFFFFFFFFFFFFFFFFFFFFFFFFF3
:107DA000FFFFFFFFFFFFFFFFFFFFFFFFFFFFFFFFE3
:107DB000FFFFFFFFFFFFFFFFFFFFFFFFFFFFFFFFD3
:107DC000FFFFFFFFFFFFFFFFFFFFFFFFFFFFFFFFC3
:107DD000FFFFFFFFFFFFFFFFFFFFFFFFFFFFFFFFB3
:107DE000FFFFFFFFFFFFFFFFFFFFFFFFFFFFFFFFA3
:107DF000FFFFFFFFFFFFFFFFFFFFFFFFFFFFFFFF93
:107E0000FFFFFFFFFFFFFFFFFFFFFFFFFFFFFFFF82
:107E1000FFFFFFFFFFFFFFFFFFFFFFFFFFFFFFFF72
:107E2000FFFFFFFFFFFFFFFFFFFFFFFFFFFFFFFF62
:107E3000FFFFFFFFFFFFFFFFFFFFFFFFFFFFFFFF52
:107E4000FFFFFFFFFFFFFFFFFFFFFFFFFFFFFFFF42
:107E5000FFFFFFFFFFFFFFFFFFFFFFFFFFFFFFFF32
:107E6000FFFFFFFFFFFFFFFFFFFFFFFFFFFFFFFF22
:107E7000FFFFFFFFFFFFFFFFFFFFFFFFFFFFFFFF12
:107E8000FFFFFFFFFFFFFFFFFFFFFFFFFFFFFFFF02
:107E9000FFFFFFFFFFFFFFFFFFFFFFFFFFFFFFFFF2
:107EA000FFFFFFFFFFFFFFFFFFFFFFFFFFFFFFFFE2
:107EB000FFFFFFFFFFFFFFFFFFFFFFFFFFFFFFFFD2
:107EC000FFFFFFFFFFFFFFFFFFFFFFFFFFFFFFFFC2
:107ED000FFFFFFFFFFFFFFFFFFFFFFFFFFFFFFFFB2
:107EE000FFFFFFFFFFFFFFFFFFFFFFFFFFFFFFFFA2
:107EF000FFFFFFFFFFFFFFFFFFFFFFFFFFFFFFFF92
:107F0000FFFFFFFFFFFFFFFFFFFFFFFFFFFFFFFF81
:107F1000FFFFFFFFFFFFFFFFFFFFFFFFFFFFFFFF71
:107F2000FFFFFFFFFFFFFFFFFFFFFFFFFFFFFFFF61
:107F3000FFFFFFFFFFFFFFFFFFFFFFFFFFFFFFFF51
:107F4000FFFFFFFFFFFFFFFFFFFFFFFFFFFFFFFF41
:107F5000FFFFFFFFFFFFFFFFFFFFFFFFFFFFFFFF31
:107F6000FFFFFFFFFFFFFFFFFFFFFFFFFFFFFFFF21
:107F7000FFFFFFFFFFFFFFFFFFFFFFFFFFFFFFFF11
:107F8000FFFFFFFFFFFFFFFFFFFFFFFFFFFFFFFF01
:107F9000FFFFFFFFFFFFFFFFFFFFFFFFFFFFFFFFF1
:107FA000FFFFFFFFFFFFFFFFFFFFFFFFFFFFFFFFE1
:107FB000FFFFFFFFFFFFFFFFFFFFFFFFFFFFFFFFD1
:107FC000FFFFFFFFFFFFFFFFFFFFFFFFFFFFFFFFC1
:107FD000FFFFFFFFFFFFFFFFFFFFFFFFFFFFFFFFB1
:107FE000FFFFFFFFFFFFFFFFFFFFFFFFFFFFFFFFA1
:107FF00010002DE15D29410B8D77679C110F1F8AC1
:00000001FF
